序號,縣市別,機構數,各縣市序號,機構名稱,電話,地址,戒治機構模式,戒治服務內容
1,63000,1,1,臺北市立聯合醫院(松德院區),(02)27263141,臺北市信義區松德路309號,藥癮戒治核心醫院,美沙冬/丁基原啡因
2,63000,2,2,臺北市立聯合醫院(林森中醫昆明院區),(02)23703739,臺北市萬華區昆明街100號,藥癮戒治診所,美沙冬/美沙冬跨區給藥、丁基原啡因
3,63000,3,3,臺北市立聯合醫院(仁愛院區),(02)27093600,臺北市大安區仁愛路四段10號,藥癮戒治診所,
4,63000,4,4,臺北市立聯合醫院(中興院區),(02)25523234,臺北市大同區鄭州路145號,藥癮戒治診所,
5,63000,5,5,臺北市立聯合醫院(忠孝院區),(02)27861288,臺北市南港區同德路87號,藥癮戒治診所,
6,63000,6,6,臺北市立聯合醫院(陽明院區),(02)28353456,臺北市士林區雨聲街105號,藥癮戒治醫院,美沙冬/丁基原啡因
7,63000,7,7,臺北市立聯合醫院(和平婦幼院區),(02)23889595,臺北市中華路二段33號,藥癮戒治診所,
8,63000,8,8,三軍總醫院附設民眾診療服務處,(02)87923311,臺北市內湖區成功路二段325號,藥癮戒治核心醫院,丁基原啡因
9,63000,9,9,三軍總醫院北投分院附設民眾診療服務處,(02)28959808,臺北市北投區新民路60號,藥癮戒治核心醫院,美沙冬/美沙冬跨區給藥/丁基原啡因
10,63000,10,10,新光醫療財團法人新光吳火獅紀念醫院,(02)28332211,臺北市士林區文昌路95號,藥癮戒治醫院,
11,63000,11,11,基督復臨安息日會醫療財團法人臺安醫院,(02)27718151,臺北市松山區八德路二段424號,藥癮戒治醫院,
12,63000,12,12,臺北市立萬芳醫院-委託財團法人臺北醫學大學辦理,(02)29307930,臺北市文山區興隆路三段111號,藥癮戒治醫院,
13,63000,13,13,國泰醫療財團法人國泰綜合醫院,(02)27082121,臺北市大安區仁愛路四段280號,藥癮戒治醫院,
14,63000,14,14,國立臺灣大學醫學院附設醫院,(02)23133456,臺北市中正區中山南路7號,藥癮戒治醫院,
15,63000,15,15,臺北市立關渡醫院,(02)28587000,臺北市北投區知行路225巷12號5樓,藥癮戒治醫院,
16,63000,16,16,臺北醫學大學附設醫院,(02)27372181,臺北市信義區吳興街252號,藥癮戒治醫院,
17,63000,17,17,慧祥診所,(02)27279817,臺北市信義區松山路484之5號,替代治療診所,丁基原啡因
18,63000,18,18,聖約翰婦產科診所,(02)23098502,臺北市萬華區東園街175號,替代治療診所,丁基原啡因
19,63000,19,19,交感身心診所,(02)77306840,臺北市大安區信義路四段 143號4樓,替代治療診所,
20,65000,20,1,衛生福利部八里療養院,(02)26101660,新北市八里區華富山33號,藥癮戒治核心醫院,美沙冬
21,65000,21,2,衛生福利部八里療養院土城門診部,(02)22745250,替代治療執行地點:新北市土城區青雲路6號,藥癮戒治核心醫院,丁基原啡因
22,65000,22,3,天主教耕莘醫療財團法人耕莘醫院,(02)22193391,新北市新店區中正路362號,藥癮戒治醫院,美沙冬/美沙冬跨區給藥/丁基原啡因
23,65000,23,4,衛生福利部樂生療養院,(02)82006600,新北市新莊區中正路794號,藥癮戒治醫院,美沙冬
24,65000,24,5,衛生福利部臺北醫院,(02)22765566,新北市新莊區思源路127號,藥癮戒治醫院,美沙冬
25,65000,25,6,新北市立聯合醫院(三重院區),(02)29829111,新北市三重區新北大道一段3號,藥癮戒治醫院,美沙冬/美沙冬跨區給藥/丁基原啡因
26,65000,26,7,新北市立聯合醫院(板橋院區),(02)22575151,新北市板橋區英士路198號,藥癮戒治醫院,美沙冬、美沙冬跨區給藥、丁基原啡因
27,65000,27,8,臺灣基督長老教會馬偕醫療財團法人淡水馬偕紀念醫院,(02)28094661,新北市淡水區民生路45號,藥癮戒治醫院,丁基原啡因
28,65000,28,9,醫療財團法人徐元智先生醫藥基金會亞東紀念醫院,(02)77282452,新北市板橋區南雅南路二段122-23號,藥癮戒治醫院,美沙冬/美沙冬跨區給藥/丁基原啡因
29,65000,29,10,國泰醫療財團法人汐止國泰綜合醫院,(02)26482121,新北市汐止區建成路59巷2號,藥癮戒治醫院,
30,65000,30,11,行天宮醫療志業醫療財團法人恩主公醫院,(02)26723456,新北市三峽區復興路399號,藥癮戒治醫院,美沙冬/美沙冬跨區給藥/丁基原啡因
31,65000,31,12,衛生福利部雙和醫院(委託臺北醫學大學興建經營),(02)22490088,新北市中和區中正路291號,藥癮戒治醫院,丁基原啡因
32,65000,32,13,佛教慈濟醫療財團法人臺北慈濟醫院,(02)66289779,新北市新店區建國路289號,藥癮戒治醫院,丁基原啡因
33,65000,33,14,新北市立土城醫院(委託長庚醫療財團法人興建經營),(02)22630588,新北市土城區金城路二段6號,藥癮戒治醫院,
34,65000,34,15,安興精神科診所,(02)29743029,新北市三重區重新路三段132號,藥癮戒治診所,丁基原啡因
35,65000,35,16,恆友??科診所,(02)29907909,新北市新莊區幸福東路135號,藥癮戒治診所,
36,10002,36,1,國立陽明交通大學附設醫院,(03)9325192,宜蘭市新民路152號,藥癮戒治醫院,美沙冬/美沙各跨區給藥/丁基原啡因
37,10002,37,2,醫療財團法人羅許基金會羅東博愛醫院,(03)9543131,宜蘭縣羅東鎮南昌街83號 ,藥癮戒治醫院,美沙冬/美沙各跨區給藥/丁基原啡因
38,10002,38,3,天主教靈醫會醫療財團法人羅東聖母醫院,(03)9544106,宜蘭縣羅東鎮中正南路160號,藥癮戒治醫院,美沙冬/美沙各跨區給藥/丁基原啡因
39,10002,39,4,臺北榮民總醫院蘇澳分院,(03)9905106,宜蘭縣蘇澳鎮蘇濱路一段301號,藥癮戒治醫院,美沙冬/丁基原啡因
40,10002,40,5,臺北榮民總醫院員山分院,(03)9222141,宜蘭縣員山鄉內城村榮光路386號,藥癮戒治醫院,丁基原啡因
41,10002,41,6,宜蘭縣頭城鎮衛生所,(03)9771034,宜蘭縣頭城鎮吉祥路15號,替代治療衛生所,丁基原啡因
42,10002,42,7,宜蘭縣冬山鄉衛生所,(03)9594772,宜蘭縣冬山鄉中正路16號,替代治療衛生所,丁基原啡因
43,10017,43,1,衛生福利部基隆醫院,(02)2429-2525分機3609、3387,基隆市信義區信二路268號,藥癮戒治醫院,美沙冬/美沙冬跨區給藥/丁基原啡因
44,10017,44,2,長庚醫療財團法人基隆長庚紀念醫院,(02)24313131,本院(無提供替代治療)：基隆市安樂區麥金路222號,藥癮戒治醫院,
45,10017,45,3,長庚醫療財團法人基隆長庚紀念醫院(情人湖院區),(02)24329292分機2166,(含替代治療)：基隆市安樂區基金一路208巷200號,藥癮戒治醫院,美沙冬/美沙冬跨區給藥
46,10017,46,4,維德醫療社團法人基隆維德醫院,(02)24696688分機8112,基隆市中正區調和街210號,藥癮戒治醫院,丁基原啡因
47,9020,47,1,衛生福利部金門醫院,(082)332546,金門縣金湖鎮復興路2號,藥癮戒治醫院,美沙冬/美沙冬跨區給藥/丁基原啡因
48,9007,48,1,連江縣立醫院,(0836)23995,連江縣南竿鄉復興村217號,藥癮戒治診所,丁基原啡因
49,68000,49,1,衛生福利部桃園療養院,(03)3698553,桃園市龍壽街71號,藥癮戒治核心醫院,美沙冬/美沙冬跨區給藥/丁基原啡因
50,68000,50,2,衛生福利部桃園醫院,(03)3699721,桃園市桃園區中山路1492號,藥癮戒治醫院,丁基原啡因
51,68000,51,3,臺北榮民總醫院桃園分院,(03)3384889,桃園市成功路三段100號,藥癮戒治醫院,美沙冬/美沙冬跨區給藥
52,68000,52,4,國軍桃園總醫院附設民眾診療服務處,(03)4799595,桃園市龍潭區中興路168號,藥癮戒治醫院,美沙冬/美沙冬跨區給藥
53,68000,53,5,長庚醫療財團法人林口長庚紀念醫院,(03)3281200,桃園市龜山區復興街5號,藥癮戒治醫院,丁基原啡因
54,68000,54,6,楊延壽診所,(03)4899242,桃園市龍潭區中正路298號,藥癮戒治診所,丁基原啡因
55,68000,55,7,敏盛綜合醫院,(03)3179599,桃園市經國路168號,藥癮戒治診所,
56,68000,56,8,居善醫院,(03)3866511,桃園市大園區南港村大觀路910號,藥癮戒治醫院,丁基原啡因
57,68000,57,9,周孫元診所,(03)3792260,桃園市桃園區龍城五街62號,藥癮戒治診所,丁基原啡因
58,68000,58,10,新楊梅診所,(03)4856530,桃園市楊梅區環東路476號,藥癮戒治診所,丁基原啡因
59,68000,59,11,桃園市觀音區衛生所,(03)4732031,桃園市觀音區觀新路58號,替代治療衛生所,美沙冬
60,68000,60,12,桃園市大溪區衛生所,(03)3882401,桃園市大溪區仁愛路1號,替代治療衛生所,美沙冬
61,68000,61,13,桃園市大園區衛生所,(03)3866765,桃園市大園區中正西路19號,替代治療衛生所,美沙冬
62,68000,62,14,晨新診所,(03)3222232,桃園市蘆竹區中正路357號,替代治療診所,丁基原啡因
63,68000,63,15,晨峰診所,(03)3709886,桃園市八德區永豐路576號,替代治療診所,丁基原啡因
64,68000,64,16,晨暘診所,(03)3175777,桃園市桃園區寶山街235號1樓之2,替代治療診所,丁基原啡因
65,10018,65,1,國立臺灣大學醫學院附設醫院新竹臺大分院新竹醫院,(03)5326151,新竹市經國路一段442巷25號,藥癮戒治核心醫院,美沙冬/美沙冬跨區給藥/丁基原啡因
66,10018,66,2,國軍桃園總醫院新竹分院附設民眾診療服務處,(03)5325552,新竹市武陵路3號,藥癮戒治核心醫院,丁基原啡因
67,10018,67,3,林正修診所,(03)5166746,新竹市新光路38號,藥癮戒治診所,丁基原啡因
68,10004,68,1,國立臺灣大學醫學院附設醫院新竹臺大分院生醫醫院(竹東院區),(03)5943248,新竹縣竹東鎮至善路52號,藥癮戒治醫院,美沙冬/美沙冬跨區給藥/丁基原啡因
69,10004,69,2,臺北榮民總醫院新竹分院,(03)5962134,新竹縣竹東鎮中豐路一段81號,藥癮戒治醫院,
70,10004,70,3,天主教仁慈醫療財團法人仁慈醫院,(03)5993500,新竹縣湖口鄉忠孝路29號,藥癮戒治醫院,丁基原啡因
71,10004,71,4,中國醫藥大學新竹附設醫院,(03)5580558,新竹縣竹北市興隆路一段199號,藥癮戒治醫院,
72,10005,72,1,為恭醫療財團法人為恭紀念醫院信義院區,(037)676811,信義院區(含替代治療)：苗栗縣頭份市信義路128號,藥癮戒治醫院,美沙冬/美沙冬跨區給藥/丁基原啡因
73,10005,73,2,為恭醫療財團法人為恭紀念醫院東興院區,(037)685569,東興院區(無提供替代治療)：苗栗縣頭份市水源路417巷13號,藥癮戒治醫院,
74,10005,74,3,大千綜合醫院,(037)357125,苗栗市恭敬路36號,替代治療醫院,美沙冬
75,10005,75,4,大千醫療社團法人南勢醫院,(037)369936,苗栗市南勢里南勢52號,藥癮戒治醫院,丁基原啡因
76,10005,76,5,李綜合醫療社團法人苑裡李綜合醫院,(037)862387分機1931,苗栗縣苑裡鎮和平路168號,藥癮戒治診所,美沙冬
77,10005,77,6,衛生福利部苗栗醫院,(037)261920分機1402,苗栗市為公路747號,藥癮戒治醫院,美沙冬/美沙冬跨區給藥
78,66000,78,1,臺中榮民總醫院,(04)23592525      ,臺中市西屯區臺灣大道四段1650號,藥癮戒治核心醫院,美沙冬/美沙冬跨區給藥/丁基原啡因
79,66000,79,2,中國醫藥大學附設醫院,(04)22052121,臺中市北區育德路2號,藥癮戒治核心醫院,美沙冬/美沙冬跨區給藥/丁基原啡因
80,66000,80,3,國軍臺中總醫院附設民眾診療服務處,(04)23934191,臺中市太平區中山路2段348號,藥癮戒治核心醫院,美沙冬/美沙冬跨區給藥/丁基原啡因
81,66000,81,4,童綜合醫療社團法人童綜合醫院(沙鹿院區),(04)26626161,臺中市沙鹿區成功西街8號,藥癮戒治核心醫院,美沙冬/美沙冬跨區給藥/丁基原啡因
82,66000,82,5,中山醫學大學附設醫院,(04)24739595,臺中市南區建國北路一段110號,藥癮戒治醫院,美沙冬
83,66000,83,6,衛生福利部臺中醫院,(04)22294411,臺中市西區三民路一段199號,藥癮戒治醫院,美沙冬/美沙冬跨區給藥
84,66000,84,7,衛生福利部豐原醫院,(04)25271180,臺中市豐原區安康路100號,藥癮戒治醫院,美沙冬
85,66000,85,8,光田醫療社團法人光田綜合醫院(大甲院區),(04)26885599,臺中市大甲區經國路321號,藥癮戒治醫院,美沙冬
86,66000,86,9,佛教慈濟醫療財團法人臺中慈濟醫院,(04)36060666,臺中市潭子區豐興路一段88號,藥癮戒治醫院,美沙冬/美沙冬跨區給藥/丁基原啡因
87,66000,87,10,仁愛醫療財團法人大里仁愛醫院,(04)24819900,臺中市大里區東榮路483號,藥癮戒治醫院,丁基原啡因
88,66000,88,11,澄清綜合醫院中港分院,(04)24632000,臺中市西屯區臺灣大道四段966號,藥癮戒治醫院,丁基原啡因
89,66000,89,12,清濱醫院,(04)26283995,臺中市清水區港埠路四段195號,藥癮戒治醫院,
90,66000,90,13,陽光精神科醫院,(04)26202949,臺中市清水區大楊南街98號,藥癮戒治醫院,美沙冬
91,66000,91,14,中山醫學大學附設醫院中興分院,(04)22621652,臺中市南區復興路二段11號,藥癮戒治醫院,美沙冬/美沙冬跨區給藥/丁基原啡因
92,66000,92,15,財團法人臺灣省私立臺中仁愛之家附設靜和醫院,(04)23711129,臺中市西區南屯路1段158號,藥癮戒治醫院,丁基原啡因
93,66000,93,16,維新醫療社團法人台中維新醫院,(04)22038585,臺中市北區育德路185、187號,藥癮戒治醫院,美沙冬/美沙冬跨區給藥/丁基原啡因
94,66000,94,17,宏恩醫院龍安分院,(04)37017188,臺中市南區德富路145巷2號,藥癮戒治醫院,丁基原啡因
95,66000,95,18,賢德醫院,(04)22732551,臺中市太平區宜昌路420號,藥癮戒治醫院,美沙冬/美沙冬跨區給藥/丁基原啡因
96,66000,96,19,清海醫院,(04)25721694,臺中市石岡區下坑巷41之2號,藥癮戒治醫院,丁基原啡因
97,66000,97,20,詹東霖心身診所,(04)22256362,臺中市中區三民路二段11號1樓,藥癮戒治診所,丁基原啡因
98,66000,98,21,新活力診所 ,(04)26622395,臺中市沙鹿區中山路493之2號1樓,替代治療診所,丁基原啡因
99,66000,99,22,劉騰光心身診所,(04)22371903,臺中市北區進化路635號1樓,替代治療診所,丁基原啡因
100,66000,100,23,詹益忠身心醫學診所,(04)22033456,臺中市北區太原路一段474 號,替代治療診所,丁基原啡因
101,66000,101,24,琉璃光診所,(04)26873051,臺中市大甲區順天路342號,替代治療診所,丁基原啡因
102,66000,102,25,臺中市大里區衛生所,(04)24061500,臺中市大里區大衛路82號,替代治療衛生所,美沙冬
103,66000,103,26,臺中市石岡區衛生所,(04)25721887,臺中市石岡區石岡街6號,替代治療衛生所,美沙冬
104,66000,104,27,臺中市和平區衛生所,(04)25942781,臺中市和平區東關路三段132號,替代治療衛生所,美沙冬
105,66000,105,28,臺中市和平區梨山衛生所,(04)25989540,臺中市和平區中正路68號,替代治療衛生所,美沙冬
106,66000,106,29,臺中市新社區衛生所,(04)25811704,臺中市新社區興社街四段1號,替代治療衛生所,美沙冬
107,66000,107,30,臺中市霧峰區衛生所,(04)23393022,臺中市霧峰區民生路1之9號,替代治療衛生所,美沙冬
108,66000,108,31,臺中市大肚區衛生所,(04)26992111,臺中市大肚區頂街里榮華街1號,替代治療衛生所,美沙冬
109,10008,109,1,衛生福利部草屯療養院,(049)2550800,南投縣草屯鎮御史里玉屏路161號,藥癮戒治核心醫院,美沙冬/美沙冬跨區給藥/丁基原啡因
110,10008,110,2,衛生福利部南投醫院,(049)2231150,南投縣南投市復興路478號,藥癮戒治醫院,美沙冬/美沙冬跨區給藥
111,10008,111,3,臺中榮民總醫院埔里分院,(049)2990833,南投縣埔里鎮榮光路1號,藥癮戒治醫院,美沙冬/美沙冬跨區給藥/丁基原啡因
112,10008,112,4,埔基醫療財團法人埔里基督教醫院,(049)2912151,南投縣埔里鎮鐵山路1號,藥癮戒治診所,
113,10008,113,5,惠元診所,(049)2651932,南投縣竹山鎮桂林里中正巷27之99號,替代治療診所,丁基原啡因
114,10008,114,6,澄清診所,(049)2776160,南投縣水里鄉民生路201號,替代治療診所,丁基原啡因
115,10008,115,7,南投縣竹山鎮衛生所,(049)2642026,竹山鎮雲林里公所路126號,替代治療衛生所,美沙冬
116,10008,116,8,南投縣鹿谷鄉衛生所,(049)2752002,南投縣鹿谷鄉中正路二段20號,替代治療衛生所,美沙冬
117,10008,117,9,南投縣魚池鄉衛生所,(049)2895513,南投縣魚池鄉魚池街194號,替代治療衛生所,美沙冬
118,10008,118,10,南投縣國姓鄉衛生所,(049)2721009,南投縣國姓鄉國姓村民族街42號,替代治療衛生所,美沙冬
119,10008,119,11,南投縣水里鄉衛生所,(049)2770079,南投縣水里鄉博愛路205號,替代治療衛生所,美沙冬
120,10008,120,12,南投縣信義鄉衛生所,(049)2791148,南投縣信義鄉明德村玉山路45號,替代治療衛生所,美沙冬
121,10008,121,13,南投縣仁愛鄉衛生所,(049)2802341,南投縣仁愛鄉大同村五福巷17號,替代治療衛生所,美沙冬
122,10007,122,1,衛生福利部彰化醫院,(04)8298686,彰化縣埔心鄉中正路二段80號,藥癮戒治醫院,美沙冬/美沙冬跨區給藥/丁基原啡因
123,10007,123,2,彰化基督教醫療財團法人彰化基督教醫院,(04)7238595,彰化縣彰化市光南里南校街135號,藥癮戒治核心醫院,美沙冬/美沙冬跨區給藥/丁基原啡因
124,10007,124,3,彰化基督教醫療財團法人鹿港基督教醫院(長青院區),(04)7789595,彰化縣鹿港鎮東崎里鹿東路二段888號,藥癮戒治醫院,美沙冬/美沙冬跨區給藥/丁基原啡因
125,10007,125,4,彰化基督教醫療財團法人二林基督教醫院,(04)8952031,彰化縣二林鎮南光里大成路一段558號,藥癮戒治醫院,美沙冬/美沙冬跨區給藥/丁基原啡因
126,10007,126,5,秀傳醫療社團法人秀傳紀念醫院,(04)7256166,彰化縣彰化市南瑤里中山路一段 542號,藥癮戒治醫院,美沙冬/美沙冬跨區給藥/丁基原啡因
127,10007,127,6,秀傳醫療財團法人彰濱秀傳紀念醫院,(04)7813888,彰化縣鹿港鎮鹿工路6號,藥癮戒治醫院,
128,10009,128,1,國立臺灣大學醫學院附設醫院雲林分院,(05)5323911分機7195,雲林縣斗六市雲林路二段579號,藥癮戒治核心醫院,美沙冬/美沙冬跨區給藥/丁基原啡因
129,10009,129,2,國立成功大學醫學院附設醫院斗六分院,(05)5332121分機5210,雲林縣斗六市莊敬路345號,藥癮戒治醫院,美沙冬/美沙冬跨區給藥
130,10009,130,3,天主教若瑟醫療財團法人若瑟醫院,(05)6337333分機2213,雲林縣虎尾鎮新生路74號,藥癮戒治醫院,美沙冬/美沙冬跨區給藥/丁基原啡因
131,10009,131,4,中國醫藥大學北港附設醫院,(05)7837901分機1620,雲林縣北港鎮新德路123號,藥癮戒治醫院,美沙冬/美沙冬跨區給藥/丁基原啡因
132,10009,132,5,信安醫療社團法人信安醫院,(05)5223788,雲林縣斗六市瓦厝路159號,藥癮戒治醫院,丁基原啡因
133,10009,133,6,廖寶全診所,(05)6322584,雲林縣虎尾鎮東明路182號,藥癮戒治診所,丁基原啡因
134,10009,134,7,何正岳診所,(05)5328680,雲林縣斗六市建成路115號,藥癮戒治診所,丁基原啡因
135,10009,135,8,雲林縣林內鄉衛生所,(05)5896747,雲林縣林內鄉新興路54號,替代治療衛生所,美沙冬
136,10009,136,9,雲林縣二崙鄉衛生所,(05)5981004,雲林縣二崙鄉中興路9號,替代治療衛生所,美沙冬
137,10009,137,10,雲林縣麥寮鄉衛生所,(05)6932268,雲林縣麥寮鄉光復路4號,替代治療衛生所,美沙冬
138,10009,138,11,雲林縣水林鄉衛生所,(05)7852612,雲林縣水林鄉水林路10號,替代治療衛生所,美沙冬
139,10010,139,1,佛教慈濟醫療財團法人大林慈濟醫院,(05)2648000分機5780,嘉義縣大林鎮民生路2號,藥癮戒治醫院,丁基原啡因
140,10010,140,2,臺中榮民總醫院灣橋分院,(05)2791072分機7372,嘉義縣竹崎鄉灣橋村石麻園38號,藥癮戒治核心醫院,美沙冬/美沙冬跨區給藥/丁基原啡因
141,10010,141,3,衛生福利部朴子醫院,(05)3790600,嘉義縣朴子市永和里42-50號,藥癮戒治醫院,美沙冬/美沙冬跨區給藥/丁基原啡因
142,10010,142,4,嘉義縣東石鄉衛生所,(05)3732340,嘉義縣東石鄉東石村3之7號,替代治療衛生所,美沙冬
143,10010,143,5,嘉義縣溪口鄉衛生所,(05)2691046,嘉義縣溪口鄉中山路1號,替代治療衛生所,美沙冬
144,10020,144,1,衛生福利部嘉義醫院,(05)2319090,嘉義市北港路312號,藥癮戒治醫院,美沙冬
145,10020,145,2,臺中榮民總醫院嘉義分院,"(05)2359630
分機6101、6104",嘉義市西區世賢路二段600號,藥癮戒治核心醫院,美沙冬/美沙冬跨區給藥/丁基原啡因
146,67000,146,1,衛生福利部嘉南療養院,(06)2795019,臺南市仁德區裕忠路539號,藥癮戒治核心醫院,美沙冬/美沙冬跨區給藥/丁基原啡因
147,67000,147,2,國立成功大學醫學院附設醫院,(06)2353535,臺南市北區勝利路138號,藥癮戒治醫院,美沙冬/美沙冬跨區給藥/丁基原啡因
148,67000,148,3,衛生福利部臺南醫院,(06)2200055,臺南市中西區中山路125號,藥癮戒治醫院,美沙冬
149,67000,149,4,衛生福利部新營醫院,(06)6351131,臺南市新營區信義街73號,藥癮戒治醫院,美沙冬/美沙冬跨區給藥/丁基原啡因
150,67000,150,5,臺南市立醫院(委託秀傳醫療社團法人經營),(06)2609926,臺南市東區崇德路670號,藥癮戒治醫院,美沙冬
151,67000,151,6,臺南市立安南醫院(委託中國醫藥大學興建經營),(06)3553111,臺南市安南區長和路二段66號,藥癮戒治醫院,美沙冬/丁基原啡因
152,67000,152,7,奇美醫療財團法人奇美醫院,(06)2228116,樹林院區(含替代治療)：臺南市南區樹林街二段442號,藥癮戒治醫院,美沙冬/美沙冬跨區給藥/丁基原啡因
153,67000,153,8,奇美醫療財團法人柳營奇美醫院,(06)6226999,臺南市柳營區太康里太康201號,藥癮戒治醫院,丁基原啡因
154,67000,154,9,郭綜合醫院,(06)2221111,臺南市中西區民生路二段22號,藥癮戒治醫院,丁基原啡因
155,67000,155,10,高雄榮民總醫院臺南分院,(06)3125101,台南市永康區復興路427號,藥癮戒治醫院,
156,67000,156,11,仁享診所,(06)2719351,臺南市永康區富強路一段20號,藥癮戒治診所,丁基原啡因
157,67000,157,12,心樂活診所,(06)2383636,臺南市東區凱旋路39號,藥癮戒治診所,
158,67000,158,13,臺南市東山區衛生所,(06)6802618,臺南市東山區東山里236號,替代治療衛生所,美沙冬
159,67000,159,14,臺南市鹽水區衛生所,(06)6521041,臺南市鹽水區武廟路1號,替代治療衛生所,美沙冬
160,67000,160,15,臺南市官田區衛生所,(06)5791493,臺南市官田區隆田里中山路一段128號,替代治療衛生所,美沙冬
161,67000,161,16,臺南市玉井區衛生所,(06)5742275,臺南市玉井區中正路5號,替代治療衛生所,美沙冬
162,67000,162,17,臺南市佳里區衛生所,(06)7224106,臺南市佳里區進學路159號,替代治療衛生所,美沙冬
163,67000,163,18,臺南市七股區衛生所,(06)7872277,臺南市七股區大埕里379號,替代治療衛生所,美沙冬
164,67000,164,19,臺南市將軍區衛生所,(06)7942007,臺南市將軍區忠嘉里忠興185-6號,替代治療衛生所,美沙冬
165,67000,165,20,臺南市關廟區衛生所,(06)5952395,臺南市關廟區中正路1000號,替代治療衛生所,美沙冬
166,64000,166,1,高雄市立凱旋醫院,(07)7513171分機2135,高雄市苓雅區凱旋二路130號,藥癮戒治核心醫院,美沙冬/美沙冬跨區給藥/丁基原啡因
167,64000,167,2,衛生福利部旗山醫院,(07)6613811分機1119,高雄市旗山區中學路60號,藥癮戒治醫院,美沙冬/美沙冬跨區給藥/丁基原啡因
168,64000,168,3,長庚醫療財團法人高雄長庚紀念醫院,(07)7317123分機6332,高雄市鳥松區大埤路123號,藥癮戒治核心醫院,美沙冬/美沙冬跨區給藥/丁基原啡因
169,64000,169,4,財團法人私立高雄醫學大學附設中和紀念醫院,(07)3121101分機6826、6843,高雄市三民區十全一路100號,藥癮戒治核心醫院,美沙冬/美沙冬跨區給藥/丁基原啡因
170,64000,170,5,高雄榮民總醫院,(07)3422121分機2067,高雄市左營區大中一路386號,藥癮戒治醫院,美沙冬/美沙冬跨區給藥/丁基原啡因
171,64000,171,6,義大醫療財團法人義大醫院,(07)6150011分機2663,高雄市燕巢區角宿村義大路1號,藥癮戒治醫院,美沙冬/美沙冬跨區給藥/丁基原啡因
172,64000,172,7,國軍高雄總醫院附設民眾診療服務處,(07)7496779,高雄市苓雅區中正一路2號,藥癮戒治核心醫院,美沙冬/美沙冬跨區給藥/丁基原啡因
173,64000,173,8,國軍左營總醫院附設民眾診療服務處,(07)5817121分機3305,高雄市左營區軍校路553號,藥癮戒治醫院,美沙冬/美沙冬跨區給藥
174,64000,174,9,財團法人臺灣省私立高雄仁愛之家附設慈惠醫院,(07)7030315分機3174,高雄市大寮區鳳屏一路509號,藥癮戒治核心醫院,美沙冬/美沙冬跨區給藥/丁基原啡因
175,64000,175,10,阮綜合醫療社團法人阮綜合醫院,(07)3351121分機2204,高雄市苓雅區成功一路162號,藥癮戒治醫院,美沙冬/美沙冬跨區給藥
176,64000,176,11,樂安醫院,(07)6256791,高雄市岡山區通校路300號,藥癮戒治醫院,丁基原啡因
177,64000,177,12,高雄市立聯合醫院,(07)5552565分機2718,高雄市鼓山區中華一路976號,藥癮戒治醫院,丁基原啡因
178,64000,178,14,高雄市立大同醫院(委託財團法人私立高雄醫學大學附設中和紀念醫院經營),(07)2911101分機8030,高雄市前金區中華三路68號,藥癮戒治醫院,
179,64000,179,15,高雄市立小港醫院(委託高雄醫學大學經營)(113.6.26增加美沙冬替療指定),(07)8036783分機3850,高雄市小港區山明路482號,藥癮戒治醫院,美沙冬/美沙冬跨區給藥/丁基原啡因
180,64000,180,16,高雄市立旗津醫院(委託財團法人私立高雄醫學大學經營),(07)5711188,高雄市旗津區旗港路33號,替代治療醫院,美沙冬
181,64000,181,17,高雄市立岡山醫院(委託秀傳醫療社團法人經營),(07)6222131,高雄市岡山區壽天路12號,替代治療醫院,美沙冬
182,64000,182,18,維心診所,(07)6231829,高雄市岡山區岡山路314號,藥癮戒治診所,丁基原啡因
183,64000,183,19,陽光診所,(07)3412598,高雄市左營區自由三路176號1樓,藥癮戒治診所,丁基原啡因
184,64000,184,20,靜安診所,(07)2239025,高雄市苓雅區大順三路197號,藥癮戒治診所,丁基原啡因
185,64000,185,21,幸生診所,(07)2151357,高雄市新興區民生一路240號1樓,替代治療診所,丁基原啡因
186,64000,186,22,梓安診所,(07)6177429,高雄市梓官區中正路71號,替代治療診所,丁基原啡因
187,64000,187,23,高雄市六龜區衛生所,(07)6891244,高雄市六龜區民治路16號,替代治療衛生所,美沙冬
188,64000,188,24,高雄市杉林區衛生所,(07)6771319,高雄市杉林區山仙路93巷2號,替代治療衛生所,美沙冬
189,64000,189,25,高雄市美濃區衛生所,(07)6812064,高雄市美濃區合和里美中路246號,替代治療衛生所,美沙冬
190,10013,190,1,衛生福利部屏東醫院,(08)7363011,屏東縣屏東市自由路270號,藥癮戒治醫院,美沙冬/美沙冬跨區給藥/丁基原啡因
191,10013,191,2,安泰醫療社團法人安泰醫院,(08)8329966,屏東縣東港鎮中正路1段210號,藥癮戒治醫院,美沙冬/美沙冬跨區給藥/丁基原啡因
192,10013,192,3,屏安醫療社團法人屏安醫院,(08)7211777,屏東縣長治鄉信義路129號,藥癮戒治醫院,美沙冬/美沙冬跨區給藥/丁基原啡因
193,10013,193,4,衛生福利部恆春旅遊醫院,(08)8892704,屏東縣恆春鎮恆南路188號,替代治療醫院,美沙冬
194,10013,194,5,瑞興診所,(08)7378888,屏東縣屏東市瑞光路2段250號之1,藥癮戒治診所,丁基原啡因
195,10013,195,6,泰祥診所,(08)7881777,屏東縣潮州鎮新生路111號3樓,藥癮戒治診所,丁基原啡因
196,10013,196,7,興安診所,(08)7346666,屏東縣屏東市自由路463號,藥癮戒治診所,丁基原啡因
197,10013,197,8,寬心診所,(08)7333555,屏東縣屏東市中山路40號,藥癮戒治診所,丁基原啡因
198,10013,198,9,迦樂醫療財團法人迦樂醫院,(08)7981511,屏東縣新埤鄉箕湖村進化路12之200號,藥癮戒治醫院,丁基原啡因
199,10013,199,10,屏東榮民總醫院龍泉分院,(08)7704115,屏東縣內埔鄉龍潭村昭勝路安平1巷1號,藥癮戒治醫院,美沙冬
200,10013,200,11,國軍高雄總醫院附設屏東民眾診療服務處,(08)7560756,屏東縣屏東市大湖路58巷22號,藥癮戒治醫院,
201,10013,201,12,佑青醫療財團法人佑青醫院,(08)7705115,屏東縣內埔鄉建興村218巷19號,藥癮戒治醫院,
202,10013,202,13,輔英科技大學附設醫院,(08)8323146,屏東縣東港鎮中山路5號,替代治療醫院,丁基原啡因
203,10013,203,14,枋寮醫療社團法人枋寮醫院,(08)8789991,屏東縣枋寮鄉中山路139號,替代治療衛生所,丁基原啡因
204,10013,204,15,屏東縣鹽埔鄉衛生所,(08)7932474,屏東縣鹽埔鄉鹽北村勝利路187號,替代治療衛生所,丁基原啡因
205,10013,205,16,屏東縣獅子鄉衛生所,(08)8782940,屏東縣獅子鄉楓林二巷32號,替代治療衛生所,丁基原啡因
206,10013,206,17,屏東縣萬?鄉衛生所,(08)7772049,屏東縣萬丹鄉萬丹路一段501號,替代治療衛生所,丁基原啡因
207,10013,207,18,屏東縣高樹鄉衛生所,(08)7962026,屏東縣高樹鄉南昌路12之2號,替代治療衛生所,丁基原啡因
208,10016,208,1,衛生福利部澎湖醫院,(06)9261151分機50119,澎湖縣馬公市中正路10號,藥癮戒治醫院,美沙冬/美沙冬跨區給藥/丁基原啡因
209,10015,209,1,佛教慈濟醫療財團法人花蓮慈濟醫院,(03)8561825,花蓮市中央路三段707號,藥癮戒治核心醫院,丁基原啡因
210,10015,210,2,國軍花蓮總醫院附設民眾診療服務處,"(03)826-0601
(03)826-3152",花蓮縣新城鄉嘉里村嘉里路163號,藥癮戒治核心醫院,美沙冬/美沙冬跨區給藥/丁基原啡因
211,10015,211,3,臺北榮民總醫院玉里分院,(03)888-3141,花蓮縣玉里鎮新興街91號,藥癮戒治醫院,
212,10015,212,4,衛生福利部花蓮醫院,(03)8358141,花蓮縣花蓮市中正路600號,藥癮戒治醫院,美沙冬
213,10015,213,5,衛生福利部玉里醫院,(03)8886141,花蓮縣玉里鎮中華路448號,藥癮戒治醫院,美沙冬/美沙冬跨區給藥/丁基原啡因
214,10014,214,1,衛生福利部臺東醫院,(089)324112,臺東縣臺東市五權街1號,藥癮戒治醫院,美沙冬/美沙冬跨區給藥/丁基原啡因
215,10014,215,2,臺北榮民總醫院臺東分院,(089)222995,臺東縣臺東市更生路1000號,藥癮戒治醫院,
216,10014,216,3,東基醫療財團法人台東基督教醫院,(089)960888,臺東縣臺東市開封街350號,藥癮戒治醫院,美沙冬/丁基原啡因
