序號,行政區,院所名稱,地址,電話,語音預約
1,63000010,長庚醫療財團法人台北長庚紀念醫院,臺北市松山區敦化北路199號,(02)27135211,
2,63000010,臺北市立聯合醫院附設松山門診部,臺北市松山區八德路四段694號,(02)27653147,
3,63000010,三軍總醫院松山分院附設民眾診療服務處,臺北市松山區健康路131號,(02)27642151,
4,63000010,基督復臨安息日會醫療財團法人臺安醫院,臺北市松山區八德路二段424號,(02)27718151,
5,63000010,江崇萍小兒科診所,臺北市松山區南京東路五段251巷24弄27號1樓,(02)27632260,
6,63000010,車參薇小兒科診所,臺北市松山區八德路三段195號１樓,(02)25770101,
7,63000010,博仁綜合醫院,臺北市松山區光復北路66號,(02)25786677,
8,63000010,佑家診所,臺北市松山區八德路三段233號,(02)25785658,
9,63000010,大家好診所,臺北市松山區民生東路四段80巷11弄2號1樓,(02)27138815,
10,63000010,閎新耳鼻喉科皮膚科聯合診所,臺北市松山區八德路三段20-2號1樓,(02)25779898,
11,63000010,劉內兒科診所,臺北市松山區民生東路五段148號1樓,(02)27603922,
12,63000010,安兒康小兒專科診所,臺北市松山區敦化北路118號1樓,(02)77287688,
13,63000010,心田民生診所,臺北市松山區民生東路五段105號1樓,(02)27653039,
14,63000010,弘宇診所,臺北市松山區民權東路三段160巷2之6號,(02)27128875,
15,63000010,全煜耳鼻喉科診所,臺北市松山區復興北路73號2樓,(02)87729068,
16,63000010,吳慶南內科診所,臺北市松山區民生東路五段138號,(02)27659566,
17,63000010,宥全診所,臺北市松山區民生東路五段216號1樓,(02)27678225,
18,63000010,陳炳堅內科診所,臺北市松山區延壽街327號,(02)27637199,
19,63000010,駿昂耳鼻喉科診所,臺北市松山區八德路二段395號1樓,(02)87728086,
20,63000010,畇力診所,臺北市松山區富錦街512號1樓,(02)27659022,
21,63000010,林忠志診所,臺北市松山區南京東路五段291巷20弄3-3號,(02)27689577,
22,63000010,邱楠超診所,臺北市松山區延吉街20號1樓,(02)25702296,
23,63000010,澄東耳鼻喉科診所,臺北市松山區三民路37號,(02)27420552,
24,63000020,臺北醫學大學附設醫院,臺北市信義區吳興街252號,(02)27372181,
25,63000020,臺北市立聯合醫院附設信義門診部,臺北市信義區大道路116號1樓,(02)87804152,
26,63000020,黃啟彰診所,臺北市信義區松山路261-1號,(02)27696218,
27,63000020,張育驍診所,臺北市信義區吳興街467巷2弄6號1樓,(02)27296611,
28,63000020,明輝診所,臺北市信義區松隆路282-3號,(02)87871235,
29,63000020,林應然小兒科診所,臺北市信義區福德街75號,(02)27595328,
30,63000020,長風小兒科診所,臺北市信義區莊敬路351號,(02)27227943,
31,63000020,登瑞安診所,臺北市信義區林口街232號,(02)27265228,
32,63000020,信義邱婦產科診所,臺北市信義區虎林街198號,(02)27278275,
33,63000020,承芯耳鼻喉科診所,臺北市信義區大道路121號1樓,(02)27265025,
34,63000020,臺北產業醫診所,臺北市信義區信義路五段7號35樓,(02)81016355,
35,63000020,樂恬診所,臺北市信義區莊敬路178巷13號,(02)27206700,
36,63000020,莊敬診所,臺北市信義區莊敬路280號,(02)27589258,
37,63000020,聯合報系員工診療所,臺北市信義區忠孝東路四段559巷1號6樓,(02)27601618,
38,63000020,松仁耳鼻喉科診所,臺北市信義區松仁路231號,(02)87808580,
39,63000020,松禾診所,臺北市信義區松山路130號3樓,(02)27666738,
40,63000030,國泰醫療財團法人國泰綜合醫院,臺北市大安區仁愛路四段280號,(02)27082121,
41,63000030,臺北市立聯合醫院仁愛院區,臺北市大安區仁愛路四段10號,(02)27093600,
42,63000030,尹書田醫療財團法人書田泌尿科眼科診所,臺北市大安區建國南路二段276號,(02)23690211,
43,63000030,臺北市立聯合醫院附設大安門診部,臺北市大安區辛亥路三段15號1樓,(02)27390997,
44,63000030,中山醫療社團法人中山醫院,臺北市大安區仁愛路四段112巷11號,(02)27081166,
45,63000030,松德診所,臺北市大安區四維路170巷16號1樓,(02)27073326,
46,63000030,健華診所,臺北市大安區和平東路二段299號,(02)27072990,
47,63000030,小禾馨小兒專科診所,臺北市大安區新生南路三段4號1樓,(02)23698833,
48,63000030,家齡診所,臺北市大安區敦化南路一段191號B1,(02)27211258,
49,63000030,夏爾診所,臺北市大安區信義路四段265巷54號,(02)23255508,
50,63000030,那明珠診所,臺北市大安區和平東路三段8號,(02)27360589,
53,63000030,呂小兒科診所,臺北市大安區通化街24巷6號1樓,(02)27000708,
54,63000030,李細祥內科診所,臺北市大安區四維路198巷30弄5號,(02)27018159,
55,63000030,林繼國診所,臺北市大安區忠孝東路三段217巷1弄12號1樓,(02)27315568,
56,63000030,邱醫師診所,臺北市大安區和平東路三段288號,(02)27392696,
57,63000030,樂益耳鼻喉科診所,臺北市大安區復興南路二段161號1樓,(02)27096199,
58,63000030,吳坤光婦產科診所,臺北市大安區信義路四段59號,(02)27059320,
59,63000030,和平診所,臺北市大安區和平東路一段77號之2,(02)23912000,
60,63000030,許靜瑛小兒科診所,臺北市大安區和平東路一段230號1樓,(02)23629088,
61,63000030,黃文香兒科診所,臺北市大安區忠孝東路四段250號2樓之1,(02)27313305,
62,63000030,劉建宏診所,臺北市大安區大安路二段139號,(02)27002368,
63,63000030,禾馨新生婦幼診所,臺北市大安區新生南路三段2號,(02)23682333,
64,63000030,澤星親子診所,臺北市大安區敦化南路1段376號二樓之2,(02)27018848,
65,63000030,博全婦產科診所,臺北市大安區大安路一段18號,(02)27774427,
66,63000030,葉明憲小兒科診所,臺北市大安區羅斯福路三段191號2樓,(02)23691688,
67,63000030,啟誠聯合診所,臺北市大安區和平東路二段120號,(02)23784380,
68,63000030,仁安診所,臺北市大安區和平東路二段175巷34號,(02)27065995,
69,63000030,瑞森診所,臺北市大安區信義路三段134巷100號,(02)27076002,
71,63000030,瑞安承芯耳鼻喉科診所,臺北市大安區瑞安街208巷15號,(02)27063723,
72,63000030,博安家庭醫學診所,臺北市大安區麗水街3號,(02)23567066,
73,63000030,東風診所,臺北市大安區忠孝東路四段132號4樓,(02)27775868,
74,63000030,國立台灣大學保健中心,臺北市大安區羅斯福路四段1號,(02)33662156,
75,63000040,台灣基督長老教會馬偕醫療財團法人馬偕紀念醫院,臺北市中山區中山北路二段92號,(02)25433535,
76,63000040,台灣基督長老教會馬偕醫療財團法人馬偕兒童醫院,臺北市中山區中山北路二段92號,(02)25433535,
77,63000040,臺北市立聯合醫院附設中山門診部,臺北市中山區松江路367號1樓,(02)25013363,
78,63000040,協和婦女醫院,臺北市中山區松江路85巷5號,(02)25072222,
79,63000040,莊宇龍診所,臺北市中山區北安路637號1樓,(02)25331255,
80,63000040,雙連婦產科小兒科診所,臺北市中山區民生西路30號4樓,(02)25222350,
81,63000040,綠葉親子診所,臺北市中山區農安街12-1號1樓,(02)25935559,
82,63000040,木生婦幼診所,臺北市中山區長安東路二段90號1-4樓,(02)25012312,
83,63000040,永育樂群診所,臺北市中山區樂群二路210之2號,(02)85012268,
84,63000040,陳炯輝診所,臺北市中山區民生東路二段103號,(02)25221796,
85,63000040,榮星診所,臺北市中山區龍江路272號,(02)25168112,
86,63000040,愛鄰診所,臺北市中山區北安路520-1號,(02)25322333,
87,63000040,四季和安婦幼診所,臺北市中山區林森北路458號,(02)25677310,
88,63000040,大直佳恩診所,臺北市中山區北安路591號,(02)25323301,
89,63000040,大直診所,臺北市中山區北安路595巷2弄2號1樓,(02)25332339,
90,63000040,北安聯合診所,臺北市中山區北安路569-3號,(02)25337777,
91,63000040,杏慈診所,臺北市中山區民權東路二段152巷2-1號1樓,(02)25013109,
92,63000040,固廉診所,臺北市中山區北安路613號595巷1號地下一層,(02)25323036,
93,63000040,高固廉診所,臺北市中山區北安路613號,(02)25323036,
94,63000040,惟廉診所,臺北市中山區北安路595巷1號B1,(02)25323036,
95,63000040,慶恩小兒科診所,臺北市中山區吉林路117號,(02)25683199,
96,63000040,龍江小兒科診所,臺北市中山區龍江路181-1號1樓,(02)25152433,
97,63000040,龍江固廉診所,臺北市中山區龍江路360號,(02)25170093,
98,63000040,中崙國際診所,臺北市中山區八德路二段305號1樓,(02)27711501,
99,63000040,寧康聯合診所,臺北市中山區龍江路209巷6-1號,(02)25013862,
100,63000040,鄭志誠小兒科診所,臺北市中山區民生東路一段8號,(02)25512246,
101,63000040,晴光診所,臺北市中山區林森北路556號1樓,(02)25853210,
102,63000040,正恩耳鼻喉科診所,臺北市中山區錦州街321號,(02)25052293,
103,63000040,農安診所,臺北市中山區農安街62號,(02)25978590,
104,63000040,德美診所,臺北市中山區北安路596號1樓,(02)25326618,
105,63000040,陳世澤內科診所,臺北市中山區龍江路284-1號,(02)25011239,
106,63000040,禾康診所,臺北市中山區林森北路486號1樓,(02)25319998,
107,63000040,向慈耳鼻喉科診所,臺北市中山區錦州街437號,(02)25178880,
108,63000050,臺北市立聯合醫院和平院區,臺北市中正區中華路二段33號,(02)23889595,
109,63000050,臺北市立聯合醫院婦幼院區,臺北市中正區福州街12號,(02)23916470,
110,63000050,國立臺灣大學醫學院附設醫院兒童醫院,臺北市中正區中山南路8號,(02)23123456,02-2356-7890
111,63000050,臺北市立聯合醫院附設中正門診部,臺北市中正區牯嶺街24號,(02)23210168,
112,63000050,禾馨婦產科診所,臺北市中正區懷寧街78號1樓,(02)23612323,
113,63000050,周正成小兒科診所,臺北市中正區徐州路24號,(02)23516830,
114,63000050,悅心診所,臺北市中正區羅斯福路二段7-2號,(02)23961008,
115,63000050,和眾綜合診所,臺北市中正區忠孝西路一段6號1樓,(02)23818766,
116,63000050,健康101診所,臺北市中正區牯嶺街97號1樓,(02)23648085,
117,63000060,臺北市立聯合醫院中興院區,臺北市大同區鄭州路145號,(02)25523234,
118,63000060,臺北市立聯合醫院附設大同門診部,臺北市大同區昌吉街52號1樓,(02)25948971,
119,63000060,羅源彰診所,臺北市大同區長安西路137號,(02)25552500,
120,63000060,寧夏診所,臺北市大同區民生西路236號1樓,(02)25586060,
121,63000060,澤康診所,臺北市大同區重慶北路三段71號,(02)25960922,
122,63000060,悅昇診所,臺北市大同區錦西街50-1號,(02)25502664,
123,63000060,施小兒科診所,臺北市大同區重慶北路三段28號,(02)25941935,
124,63000060,羅志弘診所,臺北市大同區重慶北路三段115號,(02)25921666,
125,63000060,建順診所,臺北市大同區甘州街51號1樓,(02)25573250,
126,63000060,鈞生診所,臺北市大同區甘州街28號,(02)25570048,
127,63000070,國立臺灣大學醫學院附設醫院北護分院,臺北市萬華區內江街87號,(02)23717101,
128,63000070,臺北市立聯合醫院附設萬華門診部,臺北市萬華區東園街152號,(02)23395383,
129,63000070,快樂兒童診所,臺北市萬華區寶興街121號,(02)23328610,
130,63000070,青年診所,臺北市萬華區中華路二段424號,(02)23032450,
131,63000070,漢宗小兒科診所,臺北市萬華區中華路二段434號,(02)23039022,
132,63000070,西園醫療社團法人西園醫院,臺北市萬華區西園路二段270號,(02)23076968,
133,63000070,聖約翰婦產科診所,臺北市萬華區東園街175號,(02)23098502,
134,63000070,佳安診所,臺北市萬華區青年路34號,(02)23320898,
135,63000070,益銓診所,臺北市萬華區萬大路233號,(02)23331323,
136,63000070,光耳鼻喉科診所,臺北市萬華區青年路90號,(02)23077565,
137,63000070,可為診所,臺北市萬華區青年路24號1樓,(02)23370111,
138,63000070,名家耳鼻喉科診所,臺北市萬華區西藏路107-2號1樓,(02)23036513,
139,63000070,健安診所,臺北市萬華區萬大路432號1樓,(02)23012255,
140,63000080,臺北市立萬芳醫院-委託臺北醫學大學辦理,臺北市文山區興隆路三段111號,(02)29307930,
141,63000080,臺北市立聯合醫院附設政大門診部,臺北市文山區指南路二段117號,(02)82377441,
142,63000080,佳鴻診所,臺北市文山區羅斯福路六段256號1樓,(02)29333096,
143,63000080,洪佑承小兒專科診所,臺北市文山區興隆路四段64-2號1樓,(02)29364708,
144,63000080,葉洪小兒科診所,臺北市文山區興隆路三段202號,(02)22300055,
145,63000080,林建輝小兒科診所,臺北市文山區興隆路二段70號1樓,(02)29334933,
146,63000080,徐慧玲診所,臺北市文山區興隆路四段97號,(02)22340000,
147,63000080,興隆內科小兒科診所,臺北市文山區興隆路二段17號,(02)29311736,
148,63000080,屈銘軒小兒科診所,臺北市文山區興隆路二段301巷4-2號,(02)29308518,
149,63000080,瑞萱診所,臺北市文山區景華街124號,(02)29305313,
150,63000080,德安小兒科診所,臺北市文山區興隆路四段6-10號1樓,(02)29395299,
151,63000080,樂群耳鼻喉科家醫科診所,臺北市文山區木新路三段202號,(02)22340158,
152,63000080,震杰小兒科診所,臺北市文山區景興路129號,(02)89351869,
153,63000080,黃偉志小兒科診所,臺北市文山區萬慶街12號,(02)29354556,
154,63000080,仁荔健康診所,臺北市文山區興隆路一段258號1樓,(02)29339986,
155,63000080,東翰診所,臺北市文山區興隆路二段139號,(02)29308330,
156,63000080,仁耀診所,臺北市文山區興隆路一段273號,(02)29317788,
157,63000080,順欣診所,臺北市文山區木柵路三段112號,(02)29391011,
158,63000090,臺北市立聯合醫院忠孝院區,臺北市南港區同德路87號,(02)27861288,
159,63000090,臺北市立聯合醫院附設南港門診部,臺北市南港區南港路一段360號1樓,(02)27868756,
160,63000090,義仁兒科診所,臺北市南港區玉成街138號1樓,(02)26515929,
161,63000090,蔣小兒科診所,臺北市南港區玉成街166巷30號1樓,(02)26513761,
162,63000090,友力耳鼻喉科診所,臺北市南港區中坡北路12號1樓,(02)27853913,
163,63000090,永育醫療福德診所,臺北市南港區福德街320號,(02)27850700,
164,63000090,天仁小兒科診所,臺北市南港區成福路21號,(02)27862687,
165,63000090,天仁健康診所,臺北市南港區成福路21號,(02)27862687,
166,63000090,維康診所,臺北市南港區研究院路二段84巷1號1樓,(02)26517748,
167,63000090,杏安診所,臺北市南港區同德路74、76號1樓,(02)27892008,
168,63000090,松展診所,臺北市南港區忠孝東路六段110巷18號,(02)27631373,
169,63000090,陳志鑫診所,臺北市南港區八德路四段812號,(02)27839698,
170,63000090,李文珍小兒科診所,臺北市南港區研究院路二段74號,(02)26511871,
171,63000090,陳勝吉診所,臺北市南港區研究院路一段115號1樓,(02)27836972,
172,63000090,中坡耳鼻喉科診所,臺北市南港區中坡南路29號,(02)27850329,
173,63000090,向怡診所,臺北市南港區成功路一段74號2樓,(02)26535503,
174,63000100,三軍總醫院附設民眾診療服務處,臺北市內湖區成功路二段325號,(02)87923311,
175,63000100,康寧醫療財團法人康寧醫院,臺北市內湖區成功路五段420巷26號,(02)26345500,
176,63000100,臺北市立聯合醫院附設內湖門診部,臺北市內湖區民權東路六段99號之1,(02)27908387,
177,63000100,中國醫藥大學附設醫院臺北分院,臺北市內湖區內湖路二段360號,(02)27919696,
178,63000100,魏穀年診所,臺北市內湖區內湖路一段403號,(02)26572691,
179,63000100,小禾馨民權小兒專科診所,臺北市內湖區行忠路191號1樓,(02)55713333,
180,63000100,禾馨民權婦幼診所,臺北市內湖區民權東路六段42號2樓,(02)55713333,
181,63000100,永育醫療大湖診所,臺北市內湖區成功路四段366號,(02)27906002,
182,63000100,湖欣診所,臺北市內湖區成功路四段327號,(02)27918350,
183,63000100,劉淦華診所,臺北市內湖區金龍路43號,(02)27905374,
184,63000100,佳霖診所,臺北市內湖區東湖路147號2樓,(02)26334535,
185,63000100,永育醫療康樂診所,臺北市內湖區康樂街82號,(02)26308800,
186,63000100,焉醫師診所,臺北市內湖區內湖路二段21號,(02)27995008,
187,63000100,仁弘耳鼻喉科診所,臺北市內湖區內湖路一段737巷50弄33號1樓,(02)26596360,
188,63000100,馬思特診所,臺北市內湖區成功路四段53號1樓,(02)27925994,
189,63000100,高峰診所,臺北市內湖區內湖路二段39號1樓,(02)26591888,
190,63000100,國泰醫療財團法人內湖國泰診所,臺北市內湖區瑞光路337號C棟,(02)87972121,
191,63000100,林登山耳鼻喉科診所,臺北市內湖區文德路96號,(02)26596638,
192,63000100,連安診所,臺北市內湖區內湖路一段619號1樓,(02)26276705,
193,63000100,雙湖診所,臺北市內湖區金龍路49號,(02)27910066,
194,63000100,魏之明小兒科診所,臺北市內湖區康寧路三段54-6號,(02)26306968,
195,63000100,林永正診所,臺北市內湖區康樂街130號,(02)26315567,
196,63000100,日新診所,臺北市內湖區成功路五段446號1樓,(02)26342743,
197,63000100,王慶森診所,臺北市內湖區港墘路65號,(02)27986052,
198,63000100,成安耳鼻喉科診所,臺北市內湖區成功路四段61巷10號,(02)27935940,
199,63000100,育睿診所,臺北市內湖區內湖路一段217巷35號,(02)26560801,
200,63000100,康育診所,臺北市內湖區成功路三段189號2樓,(02)27909134,
201,63000100,陽光活力診所,臺北市內湖區瑞光路500號1樓,(02)87973828,
202,63000100,林孟勳診所,臺北市內湖區成功路四段61巷32弄2號,(02)87920955,
203,63000100,新明診所,臺北市內湖區新明路386號,(02)87921282,
204,63000110,新光醫療財團法人新光吳火獅紀念醫院,臺北市士林區文昌路95號,(02)28332211,
205,63000110,臺北市立聯合醫院陽明院區,臺北市士林區雨聲街105號,(02)28353456,
206,63000110,愛林診所,臺北市士林區承德路四段222號,(02)28836881,
207,63000110,臺北市立聯合醫院附設士林門診部,臺北市士林區中正路439號1樓,(02)28836268,
208,63000110,士林小兒科診所,臺北市士林區中正路249號,(02)28812485,
209,63000110,存德小兒科診所,臺北市士林區文林路460號,(02)28342567,
210,63000110,貝爾診所,臺北市士林區中山北路七段82巷9號1樓,(02)28729980,
211,63000110,佩佩婦幼診所,臺北市士林區中山北路六段182號,(02)28386262,
212,63000110,科安診所,臺北市士林區社中街116號,(02)28110699,
213,63000110,張虔熙小兒科診所,臺北市士林區中山北路六段282號,(02)28361368,
214,63000110,樹爸爸親子診所,臺北市士林區德行東路286號,(02)28381838,
215,63000110,蘇慧卿診所,臺北市士林區大南路274號,(02)28829955,
216,63000110,何小兒科診所,臺北市士林區福港街176號,(02)28827401,
217,63000110,士林欣然耳鼻喉科診所,臺北市士林區文林路450號1樓,(02)28386090,
218,63000110,柳橙親子診所,臺北市士林區天母北路35號14樓,(02)28742818,
219,63000110,蕭雨青小兒科診所,臺北市士林區延平北路五段292號,(02)28126415,
220,63000110,小禾馨士林小兒專科診所,臺北市士林區中正路289號,(02)28827333,
221,63000110,和謙耳鼻喉科診所,臺北市士林區社中街362號,(02)28165678,
222,63000110,忠誠聯合診所,臺北市士林區忠誠路二段50巷35號,(02)88661176,
223,63000110,粱耳鼻喉科診所,臺北市士林區社正路12之1號,(02)28168456,
224,63000110,榮清耳鼻喉科診所,臺北市士林區文林路483號1樓,(02)28316878,
225,63000110,橙光耳鼻喉科診所,臺北市士林區大南路286號,(02)28883222,
226,63000110,耀明診所,臺北市士林區中正路322號,(02)28320657,
227,63000110,永捷診所,臺北市士林區社子街67號1樓,(02)28111472,
228,63000110,政吉診所,臺北市士林區士東路67號,(02)28748318,
229,63000110,慈田耳鼻喉科診所,臺北市士林區延平北路五段185號1樓,(02)28123595,
230,63000110,林博通醫師診所,臺北市士林區通河街60號,(02)28851148,
231,63000120,臺北榮民總醫院,臺北市北投區石牌路二段201號,(02)28712121,
232,63000120,振興醫療財團法人振興醫院,臺北市北投區振興路45號,(02)28264400,
233,63000120,臺北市立聯合醫院附設北投門診部,臺北市北投區公舘路198號4樓,(02)28912670,
234,63000120,台北欣安耳鼻喉科診所,臺北市北投區石牌路一段152號,(02)28210501,
235,63000120,何叔芳小兒科診所,臺北市北投區石牌路二段90巷12號1樓,(02)28206886,
236,63000120,宏恩兒科診所,臺北市北投區致遠一路二段99號1樓,(02)28271110,
237,63000120,李伯匯小兒科診所,臺北市北投區石牌路一段93號1樓,(02)28221212,
238,63000120,陳獻明小兒科診所,臺北市北投區中央南路一段69號1樓,(02)28928950,
239,63000120,黃正宏診所,臺北市北投區西安街一段359號,(02)28217076,
240,63000120,臺北市立關渡醫院-委託臺北榮民總醫院經營,臺北市北投區知行路225巷12號,(02)28587000,
241,63000120,昱德聯合診所,臺北市北投區光明路102號1樓,(02)28975050,
242,63000120,清田婦產科家醫科診所,臺北市北投區中和街268號,(02)28931323,
243,63000120,陳柏宏親子診所,臺北市北投區明德路124號,(02)28225257,
244,63000120,和勤診所,臺北市北投區中央北路四段543號1樓,(02)28942339,
245,63000120,陳信方小兒科診所,臺北市北投區明德路106號,(02)28201068,
246,63000120,黃浩魁小兒科診所,臺北市北投區中央北路一段168號,(02)28983256,
247,63000120,蔡秉勳小兒科診所,臺北市北投區中和街281號,(02)28966525,
248,63000120,慈恩耳鼻喉科診所,臺北市北投區中央南路一段13號,(02)28978787,
249,63000120,橙品耳鼻喉科診所,臺北市北投區自強街70號1樓,(02)28200022,
250,63000120,台新診所,臺北市北投區光明路145號,(02)28936508,
251,63000120,張晉豪診所,臺北市北投區中央南路一段155號,(02)28913820,
