統一編號,商業名稱,商業地址,變更日期,Longitude,Latitude
538337,季川足體養生會館,臺北市大同區長安西路190號1樓,1150401,121.515683,25.051113
616699,鼎豐盛越式料理店,臺北市大安區臨江街139號1樓,1150401,121.553405,25.03049
1726852,名卿商行,臺北市文山區木柵路3段14號,1150401,121.564578,24.988419
1830428,羅堯仁自營計程車,臺北市士林區芝玉路2段86號4樓,1150401,121.535246,25.112378
5171930,鍾記老店,臺北市中正區羅斯福路1段8號1樓192攤位,1150401,121.518077,25.032606
7603771,聯大當舖,臺北市文山區羅斯福路5段206之2號,1150401,121.538456,25.003086
15669058,亞宏食坊,臺北市北投區中和街242號1樓,1150401,121.501364,25.13951
17272639,良誠蔘藥行,臺北市大同區民生西路362巷24號,1150401,121.510532,25.056238
17747586,燒肉屋小吃店,臺北市中山區林森北路119巷64號,1150401,121.527359,25.050135
25536424,千富小吃店,臺北市中正區八德路1段82巷8號,1150401,121.531969,25.043762
25666896,蔬活企業社,臺北市文山區興隆路2段82號1樓,1150401,121.548259,24.999942
31855353,希潔商行,臺北市信義區忠孝東路5段442號,1150401,121.576031,25.040696
73907494,成毅書報社,臺北市萬華區青年路168巷16號1樓,1150401,121.502168,25.020448
76477638,阿德叔叔健康飲食行大安信義分店,臺北市大安區信義路3段202號1樓,1150401,121.543324,25.03318
85140164,孤僻實業工作室,臺北市萬華區漢口街2段97號9樓,1150401,121.504664,25.046272
88214409,東方菸酒行,臺北市南港區八德路4段925號1樓,1150401,121.581751,25.051368
88308320,首先叫商行,臺北市士林區社子街146巷3號1樓,1150401,121.504791,25.088422
88356125,昂杯商行,臺北市內湖區內湖路1段421號,1150401,121.57135,25.08154
88358290,人生如夢企業社,臺北市信義區光復南路569號1樓及2樓,1150401,121.557591,25.030705
88369389,天津養生館,臺北市中山區中山北路1段105巷4號1樓,1150401,121.522803,25.050799
88369705,宏霖企業社,臺北市信義區莊敬路277號1樓,1150401,121.562918,25.028995
93124343,沐晨企業社,臺北市信義區松山路532號,1150401,121.578073,25.037918
93186467,黎記小吃,臺北市松山區南京東路5段250巷9之2號,1150401,121.566018,25.049972
93188177,而今商行,臺北市信義區基隆路1段428號,1150401,121.5598,25.033822
540571,嬡囍國際企業社,臺北市內湖區陽光街92巷29號1樓,1150402,121.585142,25.076274
544197,初燒商行,臺北市中山區松江路297巷20號1樓,1150402,121.534732,25.060984
631495,野富比商行,臺北市中山區撫順街37號2樓之5,1150402,121.519586,25.063472
13847135,欣和鋁業工程行,臺北市南港區南港路3段195號,1150402,121.581117,25.051462
14742314,展源汽車保養所,臺北市士林區重慶北路4段94號1樓,1150402,121.512866,25.082464
25560789,翰倫商行,臺北市中山區南京東路3段201號10樓,1150402,121.54252,25.052091
25568656,新福園川菜餐廳,臺北市士林區至誠路2段43號,1150402,121.528628,25.101493
25571218,米嵐整體造型工作室,臺北市松山區南京東路5段163之9號1樓,1150402,121.562563,25.051884
31958560,夜樂小吃店,臺北市文山區木新路3段259號1樓,1150402,121.558302,24.981009
37889942,加州水果行,臺北市大安區四維路146號,1150402,121.547914,25.031229
42182501,日菁企業社,臺北市大同區民族西路330號,1150402,121.509563,25.068595
42354193,福聚小吃坊,臺北市大同區長安西路277號,1150402,121.51024,25.052115
48832411,西施寵物美容店,臺北市士林區福港街284號,1150402,121.517658,25.082937
50596568,球鞋誌企業社,臺北市信義區基隆路1段141號13樓之3,1150402,121.565843,25.042983
72988194,佳佳襪子店,臺北市中山區南京東路3段220號,1150402,121.543557,25.051663
72991607,好宅行,臺北市中山區新生北路2段137巷65號,1150402,121.529925,25.061271
72993915,禾呈室內裝修空間設計所,臺北市中正區懷寧街76號1樓,1150402,121.513988,25.04314
75922983,東閣精品館,臺北市士林區大北路68號1樓,1150402,121.525172,25.09016
76423839,川味食堂,臺北市大安區臨江街133號1樓,1150402,121.553498,25.030469
88135735,唰嘴美食店,臺北市信義區和平東路3段261號,1150402,121.554704,25.022599
88220599,小梓美容美甲館,臺北市大同區重慶北路3段158號1樓2樓,1150402,121.51351,25.068269
88287726,禹帆商行,臺北市北投區奇岩路26號1樓,1150402,121.505634,25.130731
88359002,種子製作工作室,臺北市中正區仁愛路2段25號5樓,1150402,121.527305,25.038461
91185759,爪爸咻贏百貨舖,臺北市中山區德惠街85號,1150402,121.528604,25.066739
93134898,滿貫仲運動彩券行,臺北市北投區石牌路2段75巷4號1樓,1150402,121.515981,25.116852
93194543,瘋狂帽客屋裏工作室,臺北市內湖區堤頂大道2段497號1樓,1150402,121.561869,25.082844
93199110,禹竹工作室,臺北市文山區興隆路3段207巷11弄9號3樓,1150402,121.561443,24.995294
94876460,塗塗製所,臺北市大同區民族西路330號,1150402,121.509563,25.068595
505878,常富角落小館,臺北市中山區長春路402號2樓,1150407,121.543572,25.054478
553786,慢動作工作室,臺北市大同區延平北路1段102號6樓,1150407,121.511748,25.052624
616699,鼎豐盛越式料理店,臺北市大安區臨江街139號1樓,1150407,121.553405,25.03049
617959,城市驛站餐酒館,臺北市中山區雙城街32巷9號1樓,1150407,121.52343,25.066334
632781,云創作工作室,臺北市內湖區行善路111巷37號1樓,1150407,121.580203,25.057561
4583822,中成汽車材料行,臺北市萬華區汀州路1段5號2樓,1150407,121.50475,25.033273
18377230,建興海參號,臺北市中山區南京東路2段101號8樓,1150407,121.532636,25.05224
18383654,正翔機車行,臺北市文山區木新路2段174號,1150407,121.568349,24.983948
38549458,小王子早餐店,臺北市松山區八德路2段366巷15之7號1樓,1150407,121.546042,25.047355
42492610,南陽堂企業社,臺北市中山區中山北路2段65巷18之1號1樓,1150407,121.524496,25.05701
48822808,一成工程行,臺北市大安區和平東路2段265巷37弄6號,1150407,121.544383,25.028054
72991368,北陽企業社,臺北市士林區通河西街1段97號1樓,1150407,121.512339,25.085182
75472380,嘎非拉商行,臺北市文山區木柵路2段21號,1150407,121.559389,24.988869
76316556,盧小小企業社,臺北市南港區南港路2段20巷3號,1150407,121.605684,25.054461
79862706,力誠國際事業社,臺北市中山區南京東路3段89巷3弄10號1樓,1150407,121.539332,25.05247
87106613,咖旺商行,臺北市中山區中山北路2段72巷7號1樓,1150407,121.52233,25.057088
88205794,壹玖玖玖髮型設計工作室,臺北市內湖區麗山街393巷３號,1150407,121.572509,25.081802
88357243,澄心企業社,臺北市中山區吉林路26巷26號1樓,1150407,121.529172,25.051411
88631262,冠泰國際商行,臺北市中正區仁愛路2段25號5樓,1150407,121.527305,25.038461
93194086,恆昌傳統整復推拿館,臺北市大安區羅斯福路2段101巷45號1樓,1150407,121.526748,25.024754
93195894,小娟娟早餐店,臺北市萬華區德昌街11號1樓,1150407,121.499671,25.025309
94882884,進財發商行,臺北市萬華區長沙街2段91號5樓之5,1150407,121.504733,25.040552
99961922,雞椰爺椰子雞鍋物料理餐館,臺北市北投區中央北路4段532號1樓,1150407,121.467903,25.128382
551302,一二零企業社,臺北市大同區甘谷街26號5樓,1150408,121.510876,25.052772
632868,禾呈日貨商行,臺北市中正區金山北路1號5樓之6,1150408,121.530348,25.043935
14322875,鴻音飲食店,臺北市中山區林森北路133巷16號地下室,1150408,121.525825,25.050906
17758675,興六群企業社,臺北市士林區社子街99號1樓,1150408,121.505636,25.087751
26350683,芳味園小吃店,臺北市中山區中山北路1段105巷13之3號,1150408,121.523449,25.050761
31689051,彭杭記商號,臺北市大安區樂利路73號1樓,1150408,121.552038,25.026098
42427180,艾克森創意影視工作室,臺北市大同區延平北路3段4號5樓之1,1150408,121.511038,25.063438
72988292,邱振哲音樂工作室,臺北市中正區三元街80巷10號2樓,1150408,121.50957,25.028535
76395432,宜健美學養護館,臺北市大安區四維路106之1號1樓,1150408,121.547966,25.032461
88157343,光輝歲月影視工作室,臺北市萬華區西門里峨眉街100號8樓之6,1150408,121.503407,25.044267
88222029,東引快刀手麵食館,臺北市內湖區民權東路6段288號1樓,1150408,121.605267,25.072379
88287084,茱妮服飾行,臺北市信義區松山路119巷4號1樓,1150408,121.578514,25.047364
88366329,聖維集團企業社,臺北市信義區永吉路443巷2號,1150408,121.578311,25.045624
91628353,瑞豐商行,臺北市南港區經貿二路186之1號1樓,1150408,121.614969,25.058743
93120000,鑫億仲運動彩券行,臺北市南港區萬福里忠孝東路六段38號1樓,1150408,121.583285,25.045807
93139057,牧森企業社,臺北市大安區忠孝東路4段2號11樓之9,1150408,121.543981,25.041307
93147319,艾蔤萁精品服飾店,臺北市大安區敦化南路1段160巷40號1樓,1150408,121.547138,25.043483
93184094,車庫滷味商店,臺北市北投區公館路５９號1樓,1150408,121.50369,25.132715
93186467,沐時餐飲商行,臺北市松山區南京東路5段250巷9之2號,1150408,121.566018,25.049972
542304,條通小吃店,臺北市中山區正義里長安東路1段53巷24號,1150409,121.526636,25.049859
546646,爬蟲殿企業社,臺北市中山區松江路259巷27號1樓,1150409,121.534525,25.059607
617825,仁義工程行,臺北市中正區許昌街42號10樓,1150409,121.51546,25.045451
633228,知選商行,臺北市中山區復興北路228號10樓之1,1150409,121.543479,25.057009
8596432,民禾工程行,臺北市內湖區東湖路113巷5號1樓,1150409,121.615311,25.069106
15246002,南方工具行,臺北市萬華區貴陽街2段83號1樓,1150409,121.503896,25.039864
18399179,天秤座鑽金店,臺北市松山區饒河街210號1樓,1150409,121.577178,25.050764
18524508,五星中藥行,臺北市中正區金山南路1段110巷16號1樓,1150409,121.526514,25.035236
29651804,建昌熔接所,臺北市士林區延平北路6段35號1樓,1150409,121.508947,25.087357
38470760,卡桑曲創意工作室,臺北市大同區華陰街33號3樓之2,1150409,121.519409,25.049356
42410575,伊伶髮妝工作室,臺北市中山區南京東路3段189號10樓,1150409,121.542231,25.052087
48827000,喜喜咖啡餐坊,臺北市北投區東華街2段220號1樓,1150409,121.509356,25.120542
48888934,上林殿自助餐,臺北市松山區南京東路3段335巷5之4號,1150409,121.547496,25.052541
61228101,達詠商行,臺北市士林區德行東路221號,1150409,121.532884,25.109385
88165097,隨你夾選物販賣店,臺北市文山區保儀路71號1樓,1150409,121.568599,24.987036
88299791,天天開心休閒會館,臺北市萬華區西昌街153號1樓,1150409,121.500735,25.039448
88360922,卡蜜莉亞香氛工作室,臺北市大安區忠孝東路4段2號11樓之9,1150409,121.543981,25.041307
88372526,路兒商行,臺北市大安區和平東路1段6號11樓,1150409,121.523047,25.026847
91188593,江湖兒女企業社,臺北市北投區復興三路57號5樓,1150409,121.503214,25.144891
93044313,介宇工作室,臺北市內湖區新明路246巷3弄28號5樓,1150409,121.584638,25.057562
93119284,廣聚活力屋,臺北市萬華區漢中街178號1樓,1150409,121.506366,25.040939
93128045,豪會眾彩券行,臺北市士林區延平北路六段131號1樓,1150409,121.50792,25.088902
93145277,凱倫顧問工作室,臺北市中正區忠孝西路1段50號地下1層,1150409,121.515823,25.046303
93195389,大勝休閒館,臺北市萬華區中華路1段114巷17號2樓之8、2樓之9、2樓之10、2樓之11、2樓之12、2樓之13、2樓之14,1150409,121.507817,25.04396
99618337,駿宜郵幣社,臺北市大同區南京西路163之35號1樓,1150409,121.513129,25.054082
557018,包你贏運動彩券行,臺北市大安區通化街163號,1150410,121.553828,25.028511
566494,含豐餐酒館,臺北市中山區農安街51號1樓,1150410,121.526804,25.064985
631087,迪豆商行,臺北市信義區吳興街600巷78號,1150410,121.570742,25.018913
15647549,韓味韓式豆腐鍋店,臺北市中山區農安街245號1樓,1150410,121.534747,25.064796
38458581,金國裕彩券行,臺北市中正區青島東路25號1樓,1150410,121.524546,25.043343
42335865,禾荷企業社,臺北市大安區忠孝東路4段183號13樓之2,1150410,121.550901,25.041689
42497072,雙合豆漿店,臺北市萬華區東園街12號1樓,1150410,121.495485,25.027699
48827557,品誠汽車商行,臺北市大安區忠孝東路4段71之5號6樓,1150410,121.546856,25.041864
61236502,晴禾食堂,臺北市南港區福德街356號,1150410,121.588882,25.039708
76420988,兆品商行,臺北市大安區信義路3段202號1樓,1150410,121.543324,25.03318
76434012,艾妲美睫工作室,臺北市內湖區成功路4段58號6樓,1150410,121.592459,25.082417
79844145,男生好朋友除毛工作室,臺北市中山區中山北路1段140巷8號2樓,1150410,121.521401,25.051434
81725757,伊佳霈美容店,臺北市中山區復興北路400號地下樓,1150410,121.543965,25.061685
82649639,馬小姐時尚甜點工作室,臺北市中山區農安街20號2樓之6,1150410,121.524917,25.064796
87468811,禎陽商行,臺北市松山區八德路4段135號7樓之4,1150410,121.562181,25.048759
88226123,心赫工作室,臺北市中山區松江路50號9樓,1150410,121.532742,25.048245
88358313,珮菁企業社,臺北市松山區八德路2段410巷5弄1號2樓,1150410,121.54704,25.047238
538651,田悅湯品社,臺北市中山區吉林路43號1樓,1150413,121.53018,25.051212
561809,思準智研工作室,臺北市中正區許昌街42號10樓,1150413,121.51546,25.045451
574327,妍木秀企業社,臺北市松山區南京東路5段250巷2弄16之2號1樓,1150413,121.567106,25.050613
1248281,一一防水工程行,臺北市中山區市民大道3段135號1樓,1150413,121.538838,25.044886
15889665,宏祥服裝行,臺北市萬華區康定路354號1樓,1150413,121.501039,25.034756
26387345,力美冷飲店,臺北市士林區小東街14號,1150413,121.526145,25.088864
27155110,邱記食品行,臺北市南港區忠孝東路6段24號,1150413,121.583079,25.045525
31286156,小福髮廊,臺北市士林區社子街14號1樓,1150413,121.508427,25.087544
31848190,元發工程行,臺北市中山區民生東路3段9巷23號,1150413,121.537729,25.060067
38456036,德發彩券行,臺北市中正區寧波西街45號,1150413,121.517872,25.030994
38577284,漢家滷肉香便當店,臺北市中山區吉林路254之2號1樓,1150413,121.530131,25.060061
42297665,黑糖妞妞服飾店,臺北市中山區民生東路2段148號,1150413,121.532363,25.057838
42459653,千之商行,臺北市大安區和平東路3段368號1樓,1150413,121.557818,25.019176
48690763,東風髮廊,臺北市中山區長安東路2段88號1樓,1150413,121.534398,25.048328
72353592,貓頭鷹精品服飾代購,臺北市中山區松江路101號2樓之2,1150413,121.533223,25.051155
72927296,泰鑫閣化妝品行,臺北市中山區民權東路2段81號,1150413,121.531977,25.062722
72933071,伊森手機維修社,臺北市大同區太原路50號2樓,1150413,121.515203,25.050827
73251691,駟米企業社,臺北市信義區基隆路二段7號4樓,1150413,121.559398,25.032416
76427434,展湲企業社,臺北市大同區承德路1段42號及42號2樓,1150413,121.516931,25.05128
80128763,爍爍商行,臺北市信義區忠孝東路5段474號10樓,1150413,121.577164,25.040664
83938658,庭庭服飾店,臺北市中正區延平南路97號(1、2樓),1150413,121.510786,25.042708
88138368,啾啾鳥咖啡,臺北市大同區重慶北路2段175之1號2樓,1150413,121.513763,25.059577
88212486,阿歐伊企業社,臺北市北投區中央北路2段25號1樓,1150413,121.495779,25.136576
88222739,小莊小吃店,臺北市中山區龍江路93號1樓,1150413,121.54057,25.051352
88228852,旭馬髮型工作室,臺北市大同區南京西路25巷22號1樓,1150413,121.520415,25.056328
88284967,秘密賶庫工作室,臺北市信義區光復南路429號5樓,1150413,121.557708,25.035892
88292811,安琥餐飲,臺北市大安區安和路2段189巷18號1樓,1150413,121.550899,25.026781
93142829,動滋以晴音樂社,臺北市中山區中山北路3段53之4號2樓,1150413,121.522953,25.067892
542331,京元鼎企業社,臺北市大安區基隆路2段112號8樓,1150414,121.55705,25.029174
546815,濠宇工程行,臺北市士林區倫等街42巷10號2樓,1150414,121.501644,25.092549
550583,水果大王水果專賣店,臺北市內湖區內湖路1段737巷51弄1之1號1樓,1150414,121.579171,25.08033
556003,沐沐小餐館,臺北市大安區光復南路420巷30號1樓,1150414,121.555947,25.036584
633661,爪爸咻贏百貨舖,臺北市中山區德惠街85號,1150414,121.528604,25.066739
20898545,王美芳香舖,臺北市信義區林口街22號1樓,1150414,121.579386,25.037313
26343585,喜臨咖啡屋,臺北市北投區東華街2段220號1樓,1150414,121.509356,25.120542
31844053,萬家昇企業社,臺北市松山區八德路3段158巷8弄5之3號,1150414,121.554668,25.047719
42349734,新月精修指甲店,臺北市南港區富康街14之1號,1150414,121.61704,25.054076
42426014,天合堂傳統整復推拿館,臺北市士林區士東路91巷40弄4號,1150414,121.530095,25.11355
42493667,綻辰設計工作室,臺北市大同區民權西路136號13樓之11,1150414,121.516409,25.06275
60056431,人殼服飾工作室,臺北市大安區仁愛路3段26號5樓,1150414,121.535746,25.037648
60295799,民盈國際企業,臺北市大同區重慶北路2段74號8樓,1150414,121.513686,25.05635
61119808,花吉商行,臺北市大同區伊寧街55之1號1樓,1150414,121.511667,25.064703
77902219,和平飲料店,臺北市大安區和平東路2段169號2樓,1150414,121.541658,25.025314
82119343,台新興業社,臺北市萬華區長泰街146號1樓,1150414,121.497558,25.022258
82305677,尖弛工作室,臺北市信義區松德路10號6樓,1150414,121.577417,25.039529
88137500,腦弱星球工作室,臺北市信義區忠孝東路5段790巷23弄11號,1150414,121.582758,25.042953
88165054,晴光小吃店,臺北市中山區德惠街48號1樓,1150414,121.527064,25.066573
88363097,賀美實業,臺北市中正區汀州路1段85號3樓,1150414,121.50825,25.029487
91733469,沒有名字療癒工作室,臺北市大安區四維路6巷10號1樓,1150414,121.547746,25.037144
92384812,鴻影藝電工作室,臺北市大同區長安西路342號地下1樓,1150414,121.51024,25.051939
93143762,慶華港式燒臘,臺北市內湖區康樂街83之1號,1150414,121.618767,25.069389
93157548,愛比工作室,臺北市中山區民生東路2段115巷25弄9號1樓,1150414,121.531949,25.059386
93197154,長安休閒館,臺北市萬華區萬大路269號1樓,1150414,121.500579,25.025607
515572,李記溫體牛商行,臺北市內湖區港墘路82巷3號,1150415,121.577477,25.08094
538293,天天開心商行,臺北市大安區忠孝東路四段181巷40弄18號,1150415,121.549927,25.043887
620455,昆比的家企業社,臺北市文山區興隆路2段220巷8號1樓,1150415,121.552321,25.000999
631039,宜宸工作室,臺北市信義區永吉路512號1樓,1150415,121.58009,25.045217
1513844,陳正忠自營計程車行,臺北市松山區吳興街506巷19號,1150415,121.5691965,25.02399185
4967101,六合出版社,臺北市文山區興隆路2段203巷3號1樓,1150415,121.549307,25.001341
21721412,潔泰行,臺北市北投區承德路7段344巷9號1樓,1150415,121.504406,25.117856
26208856,宏樵居酒屋,臺北市大安區東豐街38號1樓,1150415,121.546304,25.035948
29227152,友緣小吃店,臺北市士林區社子街63巷3號1樓,1150415,121.507014,25.087769
31872466,瀚軍機車行,臺北市信義區吳興街281巷19號,1150415,121.564884,25.026554
42286702,玫瑰童話商行,臺北市松山區南京東路5段123巷4弄2號,1150415,121.560906,25.052448
42430024,上一實業社,臺北市大安區信義路4段1號2樓,1150415,121.543915,25.033566
42450956,延平切仔麵小吃店,臺北市士林區延平北路5段143號,1150415,121.510189,25.082246
72984459,精工國際特殊建材行,臺北市北投區文化三路79號6樓,1150415,121.498368,25.140084
76358210,浮花影像空間工作室,臺北市中正區廈門街41之1號,1150415,121.517778,25.025935
77886457,花蓮扁食食品店,臺北市南港區昆陽街150號1樓,1150415,121.594232,25.049277
79836588,伊通豆漿店,臺北市中山區伊通街121號,1150415,121.534932,25.053871
88137353,琪式茶寓商行,臺北市中山區中山北路1段105巷8號1樓,1150415,121.523385,25.05065
88153677,早點過來商行,臺北市大安區和平東路3段228巷25號1樓,1150415,121.554022,25.021238
88279275,慶源水電工程行,臺北市內湖區安泰街68巷2號4樓,1150415,121.61675,25.075499
88308715,狗窩寵物生活館,臺北市北投區自強街141巷2號1樓,1150415,121.516828,25.111193
88311628,郭貼餃子殿,臺北市內湖區東湖路43巷9號,1150415,121.613935,25.069372
88370294,迅美石材企業社,臺北市北投區知行路316巷63號1樓,1150415,121.46879,25.122477
93106957,沛久藥局,臺北市中山區林森北路291號1樓,1150415,121.52558,25.055655
93135398,屋台村稻小吃店,臺北市大安區臨江街122號,1150415,121.553912,25.030227
93189295,京美企業社,臺北市萬華區環河南路2段123號1樓,1150415,121.493652,25.034412
94871275,速達園藝資材企業社,臺北市中山區復興北路156號6樓,1150415,121.543824,25.053229
98885139,訊達派報社,臺北市大同區承德路1段105號9樓之3,1150415,121.51781,25.052848
556720,盛盛商行,臺北市士林區前港里後港街125號1樓,1150416,121.521835,25.086562
630432,拏雲商行,臺北市大安區新生南路2段30巷1之2號1樓,1150416,121.532591,25.03179
2303352,永錚行,臺北市南港區忠孝東路6段225巷4弄3號,1150416,121.58805,25.050007
20793508,嘉宏米行,臺北市松山區八德路3段158巷20弄21號1樓,1150416,121.554704,25.047187
25587210,一生秀麗國際企業社,臺北市中山區中山北路1段83巷13號之1,1150416,121.52408,25.050049
38558391,品妍按摩美容坊,臺北市萬華區華西街51之1號,1150416,121.498416,25.037414
42433401,梅姊商行,臺北市中正區南昌路1段59巷21號,1150416,121.517956,25.031471
42502574,富御工程行,臺北市萬華區西園路2段320巷36弄37號2樓,1150416,121.490965,25.027298
72921820,羚銥企業社,臺北市中正區忠孝東路1段152號12樓之5,1150416,121.52592,25.04398
75515064,璽媛設計工作室,臺北市信義區永吉路210號,1150416,121.572982,25.045428
85426148,璞享企業社,臺北市信義區市民大道6段250號6樓,1150416,121.577337,25.048839
88088108,碼碼咪亞小吃店,臺北市中山區錦州街426巷1之1號1樓,1150416,121.542485,25.059947
93135340,久玖餐廳,臺北市中山區新生北路2段60巷13號1樓,1150416,121.526833,25.055764
99637361,松農茶行,臺北市中山區龍江路328巷24號1樓,1150416,121.539247,25.065107
99970008,亞迅通資訊器材行,臺北市大安區信義路4段60之12號1樓,1150416,121.545624,25.033132
622242,姬王府國際貿易企業,臺北市中正區南昌路2段112之18號1樓,1150417,121.522173,25.025838
626710,辰光數位工作室,臺北市信義區基隆路1段186號5樓之6,1150417,121.564787,25.042092
1409589,環亞純理髮廳,臺北市萬華區寶興街153號1樓,1150417,121.495236,25.02427
7601767,民福商店,臺北市大同區承德路3段159巷25號,1150417,121.519385,25.068072
15303609,國光大飯店,臺北市萬華區成都路27巷6號,1150417,121.506754,25.042905
20981852,建昌電機行,臺北市松山區健康路246號,1150417,121.562233,25.05386
75939345,賽瑞弗企業社,臺北市中正區延平南路97號,1150417,121.510786,25.042708
76391246,九賓旅遊資訊社,臺北市中山區南京西路1之1號6樓,1150417,121.521814,25.052534
87473217,新吉永昇工程,臺北市大安區信義路3段126號4樓,1150417,121.539113,25.033249
88143411,筋站傳統整復推拿館,臺北市大安區和平東路1段75巷1號1樓,1150417,121.525122,25.027274
88203830,咖啡控工作室,臺北市萬華區東園街173號3樓,1150417,121.497344,25.024189
93145591,使水變酒商行,臺北市大同區西寧北路87號之1二樓,1150417,121.509097,25.056462
93151930,五分藥局,臺北市內湖區五分街64號1樓及66號1樓,1150417,121.615956,25.067191
93183124,晨曦精品國際企業社,臺北市北投區新興路4號,1150417,121.489487,25.141179
611580,璞癒美容工作室,臺北市士林區中正路223巷18號1樓,1150420,121.526349,25.094759
634346,鑫富當舖,臺北市萬華區康定路206號5樓之3,1150420,121.501644,25.038668
3579130,鑫富當舖,臺北市萬華區康定路206號5樓之3,1150420,121.501644,25.038668
5119175,鬱金香花苑,臺北市中山區華陰街26號1樓,1150420,121.519757,25.049167
13832739,慶大商行,臺北市萬華區長順街111號1樓,1150420,121.48929,25.032209
14342605,運輪機車行,臺北市中山區八德路2段88巷20號,1150420,121.535965,25.045014
26300278,緁倪卡科技企業社,臺北市北投區中央北路四段515巷3弄4號2樓,1150420,121.468807,25.12786
26319282,嘉穎小吃店,臺北市中山區民權東路2段113巷1弄1號,1150420,121.534521,25.063092
26342381,化成企業行,臺北市北投區光明路200號8樓之21,1150420,121.503454,25.135764
72931284,立盛工程行,臺北市大安區忠孝東路4段148號8樓之5,1150420,121.54991,25.041298
76429545,六五八小吃店,臺北市萬華區康定路65號1樓,1150420,121.502253,25.040928
87501121,寵信企業社,臺北市文山區辛亥路四段166巷11號,1150420,121.555801,25.004527
88220438,雅緻幸福早餐店,臺北市北投區尊賢街237號1樓,1150420,121.507611,25.116078
88223370,阿波羅早午餐,臺北市信義區景勤里吳興街156巷2弄12號,1150420,121.561293,25.029315
93123055,聖米商行,臺北市內湖區港墘路61號,1150420,121.578327,25.081254
93165483,伶合企業社,臺北市大同區赤峰街8巷2號,1150420,121.519174,25.053775
93184593,奧比亞空間設計,臺北市松山區南京東路3段287號2樓,1150420,121.546149,25.051998
93189725,金摘泰餐館,臺北市內湖區麗山街348巷14號1樓,1150420,121.573764,25.082059
93191980,遇見小書坊,臺北市文山區辛亥路4段77巷8號,1150420,121.559158,25.007289
99605500,聖堡羅香雞排店,臺北市文山區羅斯福路6段403號1樓,1150420,121.540634,24.991821
546385,弘寶商行,臺北市大安區羅斯福路3段77號1樓,1150421,121.52614,25.022749
547770,汎妍美學工作室,臺北市中山區民族東路48號1樓,1150421,121.525139,25.068263
624375,治妍企業社,臺北市中山區長安東路1段41之1號2樓,1150421,121.525347,25.049083
624939,新樂運動彩券行,臺北市中正區武昌街1段3號1樓,1150421,121.512834,25.044142
626795,禾盛商行,臺北市信義區忠孝東路5段363號1樓,1150421,121.574624,25.041049
629961,禾寓企業社,臺北市中山區林森北路119巷21號,1150421,121.52592,25.050613
634373,西弟健康小舖,臺北市大同區重慶北路2段225號11樓之2,1150421,121.513724,25.061696
14736241,金義麵屋,臺北市松山區南京東路5段250巷8號1樓、10號1樓,1150421,121.566205,25.050439
17269851,冠榮企業社,臺北市中山區吉林路87號,1150421,121.530265,25.055537
42271948,三禾自助餐店,臺北市松山區興安街210號1樓,1150421,121.545786,25.055994
72984660,夢見小吃店,臺北市北投區立農街二段295號1樓,1150421,121.515991,25.118742
75361906,織物學工作室,臺北市內湖區內湖路1段91巷52號1樓,1150421,121.562746,25.086368
76489058,尚強商行,臺北市南港區市民大道7段260號1樓,1150421,121.588738,25.05025
88229091,驛流商號,臺北市松山區八德路3段12巷57弄38號1樓,1150421,121.551901,25.045245
88298168,金賀勝企業社,臺北市信義區嘉興街260號,1150421,121.55568,25.024764
88311134,淶禾商行,臺北市中正區羅斯福路3段316巷10之2號,1150421,121.532332,25.015563
88365383,黔串串料理舖,臺北市中山區農安街168號1樓,1150421,121.534387,25.064587
88370689,紅樓鎖行,臺北市萬華區內江街19號(公有西門市場1、2樓49、50攤位),1150421,121.50639,25.04165
88380672,簽發彩券行,臺北市松山區南京東路5段291巷13號,1150421,121.566233,25.052133
93132250,欣瀚小吃店,臺北市北投區石牌路2段68巷4號1樓,1150421,121.516336,25.116329
93184453,吉茵心悅工作室,臺北市中正區仁愛路2段25號5樓,1150421,121.527305,25.038461
93189859,哲銘工程行,臺北市中正區中華路1段7號6樓之8,1150421,121.510267,25.047034
549329,煥妍美學坊,臺北市大安區辛亥路1段40號2樓,1150422,121.530175,25.020029
618021,田心玖企業社,臺北市大同區貴德街12之5號,1150422,121.507671,25.052817
619470,銷波快租借企業社,臺北市大同區延平北路2段202號17樓之2,1150422,121.511296,25.059035
625698,心恆星全健康生命工作室,臺北市大同區太原路58號2樓,1150422,121.515418,25.051503
630257,零八零九美容館,臺北市中山區錦州街9號1樓,1150422,121.524096,25.060431
634373,西弟健康小舖,臺北市大同區重慶北路2段225號11樓之2,1150422,121.513724,25.061696
634676,富鵬商行,臺北市內湖區康樂街65號,1150422,121.618435,25.068614
1533139,銘聲電器行,臺北市松山區南京東路5段291巷3之3號1樓,1150422,121.566224,25.051867
1616052,鴻運鐘錶眼鏡行,臺北市松山區延壽街393號1樓,1150422,121.55753,25.0565
10507392,大棠藝術家飾設計店,臺北市大安區忠孝東路4段183號13樓之2,1150422,121.550901,25.041689
17522094,吉陞汽車音響行,臺北市大安區和平東路3段332號1樓,1150422,121.557104,25.019832
31844201,越世界按摩館,臺北市大同區環河北路2段75號,1150422,121.50897,25.065584
31996157,吉林台安藥局,臺北市中山區吉林路399號1樓,1150422,121.530508,25.065871
38577518,宇緻時尚造型工作室,臺北市大安區忠孝東路4段183號13樓之2,1150422,121.550901,25.041689
42288814,雅琪咖啡館,臺北市萬華區和平西路3段143號,1150422,121.498912,25.035423
42420996,佳貝小吃店,臺北市士林區大北路6號1樓,1150422,121.526768,25.089708
42420996,豪滿足小吃店,臺北市士林區大北路6號1樓,1150422,121.526768,25.089708
42431662,寶敏美學空間工作室,臺北市大安區忠孝東路4段155號12樓,1150422,121.550038,25.041709
48890376,茗穀屋烘焙坊,臺北市內湖區內湖路3段43號,1150422,121.592378,25.085598
72859001,潔淨室企業社,臺北市大同區長安西路180號7樓,1150422,121.515873,25.051072
72929554,燦煌烘焙坊,臺北市北投區尊賢街203號1樓,1150422,121.508039,25.11524
76310265,銀彔坊,臺北市中山區吉林路407巷19號1樓,1150422,121.531283,25.066158
76395685,埕正商行,臺北市大同區迪化街1段20號,1150422,121.51007,25.054269
78346459,德邦美髮工作室,臺北市松山區八德路4段181巷20號,1150422,121.563111,25.04933
79837658,佑銓道國際企業社,臺北市中山區松江路275號地下,1150422,121.533379,25.059978
79847190,星維園藝社,臺北市大安區忠孝東路4段71之6號,1150422,121.546856,25.041864
88161753,登波咖啡,臺北市大同區赤峰街49巷25號,1150422,121.520366,25.055762
88358806,百萬市集商行,臺北市大同區延平北路2段202號18樓,1150422,121.511296,25.059035
88470364,小人物咖啡工作室,臺北市中正區羅斯福路4段136巷6弄23號,1150422,121.535821,25.012219
93203368,青山微曉社,臺北市大安區新生南路1段165巷39號1樓,1150422,121.536429,25.034224
93213204,森華餐飲,臺北市中正區中華路2段303巷1號,1150422,121.504883,25.029361
99994058,富圓工作室,臺北市大同區建明里長安西路78巷3弄3號4樓,1150422,121.519389,25.049816
512152,獨領楓燒串烤店,臺北市中山區新生北路2段68巷13弄8號1樓,1150423,121.526366,25.056388
560604,飛來金彩券行,臺北市北投區自強街79號,1150423,121.514505,25.110688
564550,森時光商行,臺北市南港區新民街63號1樓,1150423,121.611613,25.055736
577133,三隻小雞甜點舖,臺北市大安區和平東路3段70之2號1樓,1150423,121.550506,25.024324
606355,莉莉恩裸妝美學館,臺北市大安區忠孝東路4段311號10樓之3,1150423,121.555802,25.041594
630860,浩月星傳媒企業社,臺北市萬華區中華路1段106號8樓,1150423,121.508392,25.043975
633368,久鼎商行,臺北市中正區忠孝東路1段152號12樓之5,1150423,121.52592,25.04398
4404089,農安車店,臺北市中山區農安街97號,1150423,121.528993,25.064934
13823844,興旺海參號,臺北市中山區南京東路2段101號8樓,1150423,121.532636,25.05224
25672763,小李麵食專賣店,臺北市松山區新中街2之1號1樓,1150423,121.560734,25.057369
31950693,迷魂湯小吃店,臺北市信義區崇德街22號1樓,1150423,121.553526,25.024262
38464486,威烝車業行,臺北市文山區景興路28之1號1樓,1150423,121.544594,24.997411
41386746,非印影像設計工作室,臺北市大安區溫州街75號,1150423,121.533047,25.020358
42364565,新大溪地時尚館,臺北市中山區民權東路2段1號2樓之2,1150423,121.528108,25.062854
42501483,君悅餐廳,臺北市信義區松信路131號1樓,1150423,121.572166,25.04407
48900070,智冠企業社,臺北市松山區民生東路5段198號11樓之10,1150423,121.564482,25.058738
72922855,雜良小舖,臺北市內湖區內湖路1段411巷9弄4號,1150423,121.571293,25.082135
72989264,海的潛水工作室,臺北市內湖區文德路210巷8號8樓之5,1150423,121.583996,25.077987
76371728,清大夫清潔企業社,臺北市大同區民權西路104號8樓之2,1150423,121.51752,25.062705
85426908,星玥企業社,臺北市南港區南港路3段195號,1150423,121.581117,25.051462
88162991,南平鵝肉延吉小吃店,臺北市大安區延吉街157號,1150423,121.555044,25.039724
88221788,吉姿企業社,臺北市信義區松山路421號11樓之4,1150423,121.578005,25.040496
88224271,點自然商行,臺北市信義區忠孝東路4段553巷6弄9號,1150423,121.563253,25.042313
93121394,薇心香美容館,臺北市中山區民權東路2段54號2樓之1,1150423,121.53082,25.062362
93132006,一路贏運動彩券行,臺北市北投區自強街79號,1150423,121.514505,25.110688
98883126,尚好企業社,臺北市文山區忠順街1段48巷19號,1150423,121.560379,24.983259
545338,聲肆音樂工作室,臺北市大同區重慶北路3段296巷18號2樓,1150424,121.51288,25.073515
552793,夢想開花所,臺北市中山區建國北路3段113巷5號1樓,1150424,121.536063,25.066693
611913,派派電子商務,臺北市萬華區和平西路3段52巷11號1樓,1150424,121.503414,25.034379
614502,延六娃娃屋,臺北市士林區延平北路6段195號1樓,1150424,121.505915,25.089379
627339,不瘋魔不成活藝術事業士東店,臺北市士林區士東路29號1樓,1150424,121.527221,25.111961
631381,沛普創意工作室,臺北市士林區天壽里中山北路六段763巷7弄12號3樓,1150424,121.527224,25.116251
1149590,誠記蔘藥行,臺北市大同區迪化街1段212號,1150424,121.509423,25.059258
4495980,協興海參號,臺北市中山區南京東路2段101號8樓,1150424,121.532636,25.05224
15935984,林繼昌商號,臺北市萬華區環南綜合市場丁棟1樓529號,1150424,121.497241,25.018692
26223174,喜品咖啡屋,臺北市北投區東華街2段220號1樓,1150424,121.509356,25.120542
26364455,榮騰咖啡館,臺北市大安區瑞安街206號,1150424,121.54062,25.028064
27045705,恆德藥房,臺北市文山區景美街187號1樓,1150424,121.541819,24.988709
38502340,衣黛服飾店,臺北市士林區華齡街40巷12弄1號,1150424,121.520336,25.084045
72932283,青禾創意工作室,臺北市松山區基隆路1段8號13樓,1150424,121.569933,25.050764
72984943,立竿見影工作室,臺北市士林區中山北路7段82巷6號7樓,1150424,121.531985,25.12129
72991331,懷昇配件企業社,臺北市松山區八德路3段164號2樓之8,1150424,121.55529,25.047955
73176053,米婕冰菓室,臺北市士林區中山北路6段736號1樓,1150424,121.528093,25.115402
76409082,催生音樂展演工作室,臺北市松山區復興南路1段45號4樓,1150424,121.544087,25.045574
76713703,祺寰行號,臺北市內湖區內湖路3段143巷9號,1150424,121.589515,25.087115
82113827,家禾國際工程行,臺北市信義區忠孝東路5段236巷3弄15號1樓,1150424,121.572891,25.040486
88377727,金客來餐坊,臺北市中正區忠孝西路1段72號地下樓之39，之41，之44至之58，之88，之89，之91，之92,1150424,121.514062,25.046827
88383333,双點工作室,臺北市大安區復興南路1段79巷2號3樓之3,1150424,121.54427,25.044397
93186608,功夫長春企業社,臺北市中山區林森北路123號,1150424,121.525194,25.050884
93197181,艾薇企業社,臺北市信義區福德街300巷10號1樓,1150424,121.587017,25.03968
95133331,好拍國際多媒體社,臺北市中正區許昌街42號8樓,1150424,121.51546,25.045451
95155334,皇堃水族館,臺北市松山區民權東路五段16號1樓,1150424,121.563798,25.06276
548291,果子發舖子,臺北市中山區龍江路21巷20號1樓,1150427,121.541479,25.04772
565827,夏爾珠寶,臺北市大安區敦化南路1段318號,1150427,121.548458,25.035383
2452649,地球的聲音工作室,臺北市萬華區莒光路150號2樓,1150427,121.502674,25.031361
15059540,天祥土木包工業,臺北市大安區仁愛路3段7之3號,1150427,121.533565,25.038446
18402580,宏願禮儀禮品社,臺北市中山區民權東路2段135巷29弄2號,1150427,121.535314,25.064119
26225927,邦妮寵物美學商行,臺北市中山區新生北路3段63之2號1樓,1150427,121.528058,25.066063
31712953,凡特邁塔商行,臺北市大安區四維路192巷2號1樓,1150427,121.54782,25.02719
38571084,卉薾花藝設計工作坊,臺北市中山區德惠街39號,1150427,121.526825,25.066731
48859760,都可商行,臺北市文山區興隆路3段36巷9弄5號,1150427,121.555632,24.999904
72728607,匯宇豐國際企業社,臺北市中山區撫順街6之1號4樓之1,1150427,121.521455,25.063666
75943663,艾杰皮斯商行,臺北市大安區忠孝東路4段183號13樓之2,1150427,121.550901,25.041689
76376701,自然風樂活小吃店,臺北市松山區三民路113巷5之4號1樓,1150427,121.563143,25.057925
76385899,初覺生活文創室,臺北市大同區承德路2段151號1樓,1150427,121.518394,25.058005
79582402,梅森國際珠寶工作室,臺北市萬華區興寧街24號2樓,1150427,121.501121,25.03224
88158722,昌宏串串香企業社,臺北市文山區木柵路3段102巷4號,1150427,121.567447,24.988406
88279681,熙朵韓衣商行,臺北市大安區大安路1段43號1樓,1150427,121.546294,25.043476
88300087,柏騰商行,臺北市中正區水源路89號1樓,1150427,121.519332,25.021186
91410762,艾倫佛牌店,臺北市中山區林森北路627號6樓之5,1150427,121.525856,25.067063
91764510,什發商行,臺北市信義區光復南路429號5樓,1150427,121.557708,25.035892
93138775,珍味好商行,臺北市士林區士東路7號1樓,1150427,121.526613,25.111891
93145781,寶霆國際物流企業社,臺北市大同區重慶北路2段74號3樓,1150427,121.513686,25.05635
93183601,維式日常工作室,臺北市中山區松江路185號11樓之6,1150427,121.533317,25.05647
93195923,宸曦商行,臺北市信義區松山路465巷29弄14號1樓,1150427,121.579292,25.040873
93424329,時鯨軟體工作室,臺北市中正區重慶南路1段95號6樓,1150427,121.513334,25.04317
547096,忠孝夾霏貓企業社,臺北市大安區忠孝東路4段201號1樓,1150428,121.551773,25.041678
547292,大昌大企業社,臺北市萬華區西昌街152之1號1樓,1150428,121.500523,25.038784
1197516,三桑行,臺北市松山區興安街168之4號1樓,1150428,121.544653,25.055982
1700207,日勝廣告行,臺北市文山區指南路2段45巷14弄15號,1150428,121.575046,24.989197
20816657,鑫源當舖,臺北市大安區和平東路2段16號1樓,1150428,121.535833,25.025715
26365813,貞心食堂,臺北市松山區民生東路3段130巷5弄14號,1150428,121.546798,25.056958
27150311,金城鎖匙印章行,臺北市北投區致遠二路143號,1150428,121.512815,25.117322
31855403,享澄商行,臺北市松山區富錦街525號,1150428,121.565101,25.061198
31860026,時尚曼谷小吃店,臺北市士林區大東路54號,1150428,121.525497,25.089759
36505412,可家肉品商行,臺北市萬華區西寧南路4號西寧市場地下室159號攤位,1150428,121.507045,25.047931
42367872,權發通訊行,臺北市中正區汀州路3段112號1樓,1150428,121.533323,25.014223
48904414,藝富文創展演館,臺北市萬華區昆明街76號地下1層,1150428,121.505532,25.045766
48931355,貳零參早餐店,臺北市中正區惠安街15號,1150428,121.506647,25.029678
72728629,威立開企業社,臺北市中山區撫順街6之1號4樓之1,1150428,121.521455,25.063666
76445165,定鴻工程行,臺北市信義區虎林街202巷44號1樓,1150428,121.576012,25.037662
88163295,奕勤餐坊,臺北市大安區大安路1段213號,1150428,121.546082,25.034949
88214533,金玉大骨麵店,臺北市松山區興安街178號1樓,1150428,121.544897,25.056017
88218480,大吉大企業社,臺北市中正區中華路2段417之1號,1150428,121.508607,25.025611
88227360,饃饃噠商行,臺北市大安區金山南路2段25之1號1樓,1150428,121.527283,25.033148
88286971,棟利商行,臺北市萬華區漢中街104號1樓,1150428,121.507192,25.043315
88296680,三歐巴早午餐店,臺北市中山區長春路322號,1150428,121.540715,25.054535
93126969,紅利商行,臺北市中山區錦州街323號,1150428,121.538586,25.060324
93137733,十八烏龍院茶坊,臺北市內湖區康寧路3段165巷18號,1150428,121.612088,25.071131
540755,宸熙楠南商行,臺北市松山區南京東路5段102之2號1樓,1150429,121.561797,25.051051
547482,蝦米攏販舖,臺北市中山區民權東路1段53號4樓,1150429,121.524824,25.062906
632868,禾呈日貨商行,臺北市中正區金山北路1號5樓之6,1150429,121.530348,25.043935
1806546,運鴻輪胎行,臺北市北投區明德路335巷2號1樓,1150429,121.520165,25.116546
27157861,勝琳雞行,臺北市萬華區環河南路2段236號1樓,1150429,121.492446,25.033463
31900998,皇良寵物生活館,臺北市大同區承德路2段6號,1150429,121.517975,25.055129
42490731,豐盛刀削麵店,臺北市中山區長安東路1段53巷2之1號1樓,1150429,121.526393,25.049029
60112905,富玖企業社,臺北市中山區民生東路1段29號5樓之5,1150429,121.525124,25.058197
72929739,恩博凱手搖飲料,臺北市內湖區內湖路1段341之1號,1150429,121.568849,25.082301
73883958,台發雞行,臺北市萬華區環河南路2段236號,1150429,121.492446,25.033463
73884865,阿田麵,臺北市大同區赤峰街44巷20號1樓,1150429,121.519284,25.057016
76395643,光大冷飲店,臺北市大同區民生西路102號1樓,1150429,121.519772,25.05741
77177912,衣心行,臺北市萬華區西園路2段173號1樓,1150429,121.495189,25.027944
88136050,黑夾客商店,臺北市大同區歸綏街189號1樓,1150429,121.512623,25.058256
88137889,古奈休閒館,臺北市中正區博愛路154號4樓,1150429,121.511397,25.041962
88230560,蔗飲堂企業社,臺北市北投區實踐街84號,1150429,121.510824,25.115199
91696106,冷暖實業工程行,臺北市北投區公舘路231巷7弄19號2樓,1150429,121.50817,25.127116
538884,嗷嗚藝術工作室,臺北市中正區仁愛路2段25號5樓,1150430,121.527305,25.038461
553224,用心跑運動行銷工作室,臺北市大安區仁愛路4段403號9樓,1150430,121.555654,25.038008
560301,禾潤商行,臺北市士林區葫蘆街54巷4號2樓,1150430,121.509136,25.080459
627008,華吉商行,臺北市信義區忠孝東路5段165巷5號,1150430,121.568805,25.041644
1475692,超然商行,臺北市萬華區峨嵋街22號1樓,1150430,121.5073924,25.04796074
1747998,達昌宸曜信義藥局,臺北市大安區信義路4段265巷6之1號1樓,1150430,121.554205,25.033722
9688016,鑫暘企業社,臺北市文山區忠順街2段27號5樓,1150430,121.563209,24.98484
11736083,新龍江理髮廳,臺北市中山區龍江路2之2號,1150430,121.540299,25.047063
21725037,采士影像造型屋,臺北市大安區延吉街157之5號2樓,1150430,121.55511,25.039474
25500410,簡鍾阿芽商行,臺北市萬華區內江街29之5號公有西門市場40號攤位,1150430,121.506088,25.041817
25542024,匯來企業社,臺北市萬華區環河南路3段239號7樓,1150430,121.492718,25.020575
26245634,傑斯石材工程行,臺北市士林區中正路696號7樓,1150430,121.50569,25.085996
31948873,好知味小吃店,臺北市大安區延吉街131巷2弄11號,1150430,121.554647,25.042169
36544273,信義書局,臺北市大安區復興南路2段173號1樓,1150430,121.543689,25.027535
38569405,鼎贊餐廳,臺北市中山區長安東路2段142號9樓,1150430,121.537395,25.048279
41084720,欣意商行,臺北市文山區景興路193號11樓之3,1150430,121.54441,24.992228
42269627,泰泓工程行,臺北市南港區市民大道7段26號2樓,1150430,121.581312,25.048843
42352054,米娜早午餐坊,臺北市北投區崇仁路1段77號,1150430,121.501623,25.126185
42357749,芯生活商行,臺北市士林區中山北路6段420號1樓,1150430,121.527131,25.113606
42549613,安好食精緻早餐,臺北市大安區新生南路3段86巷9號,1150430,121.532623,25.018733
42558345,鶴家食堂,臺北市北投區東華街1段48巷2號1樓,1150430,121.519942,25.108736
48742381,有孚商號,臺北市士林區通河街1巷6號,1150430,121.523729,25.080259
48875184,民生東綠茶店,臺北市松山區民生東路4段104號,1150430,121.554057,25.058039
72927296,泰鑫閣化妝品行,臺北市中山區林森北路356號8樓,1150430,121.525347,25.057207
72998257,和平安好食店,臺北市大安區辛亥路2段201號,1150430,121.542164,25.02165
81631203,鼎郝乾洗商店,臺北市內湖區民權東路6段296巷27號1樓,1150430,121.606196,25.072044
88212232,壹伍伍藝術工作室,臺北市北投區北投路1段83號10樓之1,1150430,121.499965,25.12865
88212269,立晨企業社,臺北市文山區忠順街2段27號5樓,1150430,121.563209,24.98484
88214908,升羕生技企業社,臺北市中山區復興北路174號9樓,1150430,121.54387,25.053954
88268642,心悅橙芙工作室,臺北市士林區天母西路29號2樓,1150430,121.527849,25.118501
88295063,貝斯特工程行,臺北市松山區八德路4段106巷8弄14號2樓,1150430,121.560458,25.047053
88308588,得懿商店,臺北市中正區信陽街13之1號1樓,1150430,121.516267,25.044699
88374833,四知堂青草店,臺北市萬華區廣州街203號,1150430,121.500404,25.036733
93125618,梅歌派企業社,臺北市大同區西寧北路78之18號,1150430,121.508688,25.05443
93196129,光玥沐旅企業社,臺北市中正區中華路1段7號6樓之8,1150430,121.510267,25.047034
93198837,綻陽商行,臺北市中正區開封街1段19號1樓,1150430,121.513711,25.04606
93202635,美賦商行,臺北市中山區撫順街2號6樓之1,1150430,121.521916,25.063751
93203655,慧宇美學工作室,臺北市中山區新生北路三段43號2樓之14,1150430,121.528038,25.065415
