單位名稱,統一編號,負責人,登記地址,公司電話,產業範疇,位置X座標,位置Y座標
美康諾生醫股份有限公司,90602313,李忠翰,臺北市南港區忠孝東路7段508號3樓之8,02-2700-6006,醫療器材產業,311506,2771689
順豐生技有限公司,54368496,陳泳霖,臺北市內湖區民權東路6段123巷25號,02-2603-5208,應用生技,309827,2773645
台灣動析智能科技有限公司,50882577,麥年豐,臺北市信義區松德路6號8樓,02-6604-1066,醫療器材產業,308273,2770285
紐西蘭商費雪派克醫療器材有限公司台灣分公司,28979400,邱建育,臺北市內湖區瑞光路411號7樓及413號7樓,02-8751-1739,醫療器材產業,307642,2774579
田博士生物科技有限公司,90587039,田德敭,臺北市南港區園區街3號17樓,02-2767-0855,製藥產業,311745,2772394
好俊生物科技股份有限公司,53746247,黃俊昌,臺北市中山區南京東路1段86號6樓之6,02-7707-2158,應用生技,303034,2771631
台灣面速力達母有限公司,84937642,冼啟聰,臺北市內湖區基湖路10巷57號6樓,02-8751-8818,應用生技,306869,2775017
新加坡商識動亞洲生技股份有限公司,90430831,簡禎瑩,臺北市內湖區新湖二路345號6樓,02-2795-5178,應用生技,308920,2773080
英屬開曼群島商樂威科股份有限公司,42949701,張乃文,臺北市信義區西村里松智路1號10樓,02-2325-2295；02-2545-3697,應用生技,307123,2770192
創世紀生技股份有限公司,16582122,鍾瞿鴻,臺北市內湖區大湖街166巷14號,02-8792-9619 02-8792-9762,醫療器材產業,310646,2775181
赫而司生技有限公司,54678838,陳漢章,臺北市南港區園區街3之1號5樓之3,02-2633-6117 02-2523-3939,應用生技,311731,2772315
保瑞爾生技股份有限公司,27363237,JohnSheahan,臺北市信義區信義路5段2號5樓,02-7725-6600,應用生技,306500,2769530
艾麗得有限公司,54355295,楊鎧瑞,臺北市內湖區堤頂大道1段327號3樓（316室）,02-8791-9163,醫療器材產業,307812,2772790
英屬蓋曼群島商合富醫療器材股份有限公司,53011168,王瓊芝,臺北市大安區敦化南路2段76號23樓,02-2325-2008；02-2515-2288,醫療器材產業,305342,2769113
禾豐醫企業有限公司,83062570,湯秀滿,臺北市大安區忠孝東路4段295號3樓,02-8919-1158,醫療器材產業,306010,2770501
康僑藥品有限公司,70461589,吳秀玲,臺北市內湖區港墘路82巷7弄13號1樓,02-8797-1741,製藥產業,308259,2774923
磊柏國際有限公司,53121307,彭永壹,臺北市內湖區港墘路221巷41號7樓之3,02-2659-5717,醫療器材產業,308013,2774021
美商安美睿生技有限公司台灣分公司,56698417,Kush Dhody,臺北市南港區三重路19-11號3樓,02-2655-3391,應用生技,311923,2772402
安德醫材有限公司,42675126,張治安,臺北市內湖區內湖路1段66號3樓,04-2339-4423,醫療器材產業,306721,2775163
滎洋醫藥股份有限公司,80545320,黃錦津,臺北市北投區承德路6段120號14樓,02-2755-4881,製藥產業,301690,2777351
品沃科技股份有限公司,83550418,沈宗哲,臺北市南港區園區街3-2號9樓,02-2785-7745；02-2655-7868,應用生技,311739,2772221
肝王製藥股份有限公司,31285852,葉恩強,臺北市北投區公館路93號,02-2891-6135,製藥產業,300899,2780323
如鑫生物科技股份有限公司,29185012,曾國棠,臺北市南港區園區街3號10樓之2,02-2653-8080；02-2793-8088,應用生技,311745,2772394
萊枎有限公司,95492531,林巖,臺北市內湖區洲子街12號2樓,02-8751-5503,醫療器材產業,308009,2774565
強生介護有限公司,27720208,李巧彥,臺北市內湖區瑞光路478巷18弄22號5樓,02-8797-5990,醫療器材產業,307328,2774589
麗特醫學科技有限公司,90186359,王清財,臺北市南港區研究院路1段130巷99號C棟C311,02-2653-8670,應用生技,311800,2771350
華威生技有限公司,27770810,周威丞,臺北市內湖區民權東路6段180巷6號9樓之12,02-7720-7730,醫療器材產業,309790,2773462
盛立生技股份有限公司,28698719,游家彰,臺北市內湖區新湖一路71號7樓,02-2792-5222,醫療器材產業,308023,2772339
盛永醫療器材股份有限公司,28845108,謝文富,臺北市內湖區新湖一路71號7樓,02-2792-5222,醫療器材產業,308023,2772339
元企科技股份有限公司,82845077,劉黛慧,臺北市內湖區民權東路6段8號4樓,02-27120204,醫療器材產業,307947,2773117
辰妍生物科技股份有限公司,24936789,阮建維,臺北市內湖區行愛路53號6樓,02-87911257,應用生技,308695,2772783
勝百瑞有限公司,28040545,馬昆山,臺北市內湖區民權東路六段16-2號5樓,02-8792-6962,醫療器材產業,308265,2773234
磐醫科技有限公司,82977323,楊永正,臺北市大同區南京西路62號7樓,02-8978-6667,應用生技,302370,2771721
陽明數位牙材股份有限公司,52608180,蘇俊鳴,臺北市大安區金山南路2段138號8樓,0968-601-015,醫療器材產業,303107,2769150
睿建生物科技有限公司,94105061,秘心吾,臺北市內湖區內湖路一段250號6樓,02-2659-0007,應用生技,307169,2774976
優萃生技有限公司,27520139,黃銘志,臺北市內湖區港墘路187號9樓,02-8753-6273,應用生技,307991,2774304
蘇菲營養生化股份有限公司,90596348,王耀信,臺北市南港區忠孝東路7段508號17樓之5,02-2653-0399,應用生技,311506,2771689
台灣賽默飛世爾科技股份有限公司,28685123,楊淑雯YeoSho-Wen,臺北市南港區忠孝東路7段508號4樓之2,02-8751-6655,醫療器材產業,311506,2771689
杏龍科技有限公司,13103325,謝東海,臺北市文山區三福街30號1樓,02-2931-1819,醫療器材產業,304764,2765574
沅弘綠活科技有限公司,54700917,陳宗愉,臺北市內湖區瑞光路66巷30號2樓,02-8791-7967,應用生技,308653,2773670
亞達企業有限公司,04433275,洪慶文,臺北市南港區南港路3段80巷34號2樓,02-2785-9800 02-6616-0001,醫療器材產業,309588,2772021
宗侯企業有限公司,28178935,阮進惠,臺北市信義區永吉路168號8樓&#160;,02-2700-7768,醫療器材產業,307618,2770935
嬌雅實業有限公司,12320653,鄭淳方,臺北市內湖區內湖路1段91巷12弄8號2樓,02-2797-2400 02-8797-3089,應用生技,306714,2775277
潛醫有限公司,90881510,李冠瑢,臺北市內湖區陽光街321巷18號5樓之1,02-2659-9430,應用生技,308386,2773940
金亞有限公司,22194374,余雲仙,臺北市士林區中正路613之1號7樓,02-2813-2639,醫療器材產業,301408,2775436
諾貝爾生物有限公司,86482596,戴子煌,臺北市士林區承德路4段150號3樓,02-2880-2913,應用生技,302768,2775310
艾昆緯股份有限公司,84766324,宓子厚-BrianZihouMi,臺北市松山區民生東路3段138號7樓,02-2175-6500；02-2705-6689,應用生技,305200,2772260
新賀斯國際有限公司,12657516,李怡瑱,臺北市中山區民生東路3段49號16樓,02-2718-9911,應用生技,304490,2772320
新加坡商施維雅股份有限公司,22000898,賀珂睿ColetteAliceROUCHES,臺北市中山區松江路168號3樓,02-2568-1380；02-2658-1767,製藥產業,303765,2772063
美商英瑞其全球生技股份有限公司台灣分公司,28423607,宋又時 SUNG， YU-SHIH,臺北市內湖區瑞光路550號7樓,02-7721-2525,應用生技,307209,2774726
九彥貿易有限公司,20984470,林兩全,臺北市內湖區洲子街85號7樓之1,02-8797-5901,應用生技,307564,2774806
皇雅生醫科技有限公司,54309770,陳義文,臺北市中正區南陽街1號5樓,02-8786-0081,醫療器材產業,302090,2770982
力暘生物科技股份有限公司,23737360,張來發,臺北市內湖區瑞光路188巷48號8樓,02-8751-1345,醫療器材產業,308178,2774066
仟鏸生物科技事業股份有限公司,27569012,藍瑢鏸,臺北市中山區合江街127巷24號1樓,02-2507-4758,應用生技,304507,2772603
宗信燦股份有限公司,12684865,游遠蓮,臺北市內湖區基湖路35巷13號3樓,02-8797-3089,應用生技,307054,2774731
昶安科技有限公司,89484318,曾惠美,臺北市內湖區瑞光路443號6樓,02-8751-5851,應用生技,307596,2774636
麥詩實業有限公司,31331069,曾祥益,臺北市內湖區內湖路一段91巷24弄38號2樓,02-2658-2201；02-2658-2577,應用生技,306792,2775330
瑞德生技股份有限公司,80524182,李林玉圓,臺北市中山區行仁里龍江路342巷47號4樓,02-2791-0010,醫療器材產業,304345,2773157
榮崑行生技股份有限公司,25125935,謝佳穎,臺北市內湖區瑞光路298號2樓,02-2658-5968,醫療器材產業,307966,2774362
穗耕種苗有限公司,22611461,林壽如,臺北市南港區忠孝東路6段180號3樓,08-775-5477,應用生技,309176,2771270
百岳特美膚科技股份有限公司,50798712,林詠翔,臺北市內湖區港墘路185號10樓,02-8797-7811,醫療器材產業,307996,2774311
聯杏股份有限公司,84125010,李浩偉,臺北市內湖區內湖路一段250號8樓,02-8752-5178,醫療器材產業,307169,2774976
百冠生化科技股份有限公司,28836023,李清勇,臺北市大同區保安里承德路3段267號9樓,02-2592-1661,應用生技,302368,2773907
艾昇知股份有限公司,55743456,洪瑛霙,臺北市內湖區陽光街321巷30號1樓,02-2799-8026,醫療器材產業,308363,2773899
益質佳股份有限公司,90049412,林貞秀,臺北市南港區園區街3之2號7樓,02-2655-8799,應用生技,311739,2772221
台灣歐恩比有限公司,28002161,周舒傑,臺北市內湖區民權東路六段23號4樓,02-2794-2222,醫療器材產業,308792,2773500
香港商永久產品股份有限公司台灣分公司,22657389,蒙葛瑞,臺北市中山區南京東路3段130號5樓,02-8772-3000,應用生技,304555,2771616
美商威望股份有限公司台灣分公司,84445822,范寶炘,臺北市松山區八德路3段30號3樓,02-2570-1900,應用生技,305653,2771217
云晴文創有限公司,24973051,鄭文宏,臺北市內湖區內湖路一段120巷15弄8號7樓,02-2659-0555,醫療器材產業,306805,2774955
華固股份有限公司,16780848,李金華,臺北市內湖區洲子街46號6樓,02-26573636,醫療器材產業,307824,2774630
大方生技有限公司,53323818,蔡月娟,臺北市內湖區新湖二路50號6樓,尚無資料,應用生技,308098,2772666
興中美生技有限公司,27989470,李阿利,臺北市內湖區瑞光路618號5樓之1,02-2700-3998,製藥產業,307038,2774816
健瑞醫藥生技股份有限公司,28680247,洪肇勳,臺北市大安區敦煌里信義路4段235號5樓,02-2705-6689 02-2785-6892,應用生技,305825,2769589
東方佳聯生物科技有限公司,29141514,劉鎔榕,臺北市信義區西村里信義路五段5號（4B28）,02-2723-2250；02-2793-2899,應用生技,306748,2769567
塔斯克生物科技股份有限公司-更名: 塔斯克股份有限公司,29074450,王政國,臺北市內湖區內湖路2段357號11樓,02-8791-9223,應用生技,309731,2775173
達特普雷生技股份有限公司,53943681,何德智,臺北市內湖區新明路143巷8號1樓,02-2792-8776,醫療器材產業,309504,2772427
茂嬴生物科技股份有限公司,24470430,趙哲明,臺北市南港區園區街3號10樓之1,02-2655-7528,應用生技,311745,2772394
優視生物科技有限公司,53559861,曾千芬,臺北市萬華區西園路二段155號11F,02-26068-007,應用生技,300058,2769099
明興紡織有限公司,28460102,鄭文宏,臺北市內湖區內湖路一段120巷15弄8號7樓,02-2659-0555,醫療器材產業,306805,2774955
禹智生物科技股份有限公司,50986572,黃慧倫,臺北市南港區研究院路1段130巷99號A棟3樓303室,02-2653-8673,應用生技,311800,2771350
存康生技股份有限公司,12856085,鐘莉芸,臺北市松山區南京東路三段259號10樓,02-8770-6213,應用生技,304981,2771651
美商如新華茂股份有限公司,86123662,張雅婷,臺北市信義區忠孝東路四段557號1樓,02-8752-8888,應用生技,306837,2770502
信成實業股份有限公司,55757155,吳秀玲,臺北市南港區忠孝東路6段21號8樓之1&#160;&#160;,02-8797-1741,製藥產業,308787,2771099
強生復健器材製造廠有限公司,15324941,葉步麟,臺北市內湖區舊宗路二段95號2樓,02-8792-0556,醫療器材產業,308009,2773450
安可勝股份有限公司,69713019,韓文尊,臺北市內湖區堤頂大道2段15號5樓之2,02-8751-5986,醫療器材產業,307699,2774272
新加坡商希米科亞太股份有限公司台灣分公司,27951517,林卓儀,臺北市大安區信義路三段149號5樓,02-2706-9947,應用生技,304710,2769611
華瑞生技股份有限公司,53762180,梁賢吉,臺北市中山區長安東路2段67號9樓之1,02-2503-2950,應用生技,303872,2771260
台灣諾和諾德藥品股份有限公司,23528693,PROFITEDWARDSTEPHEN,臺北市大安區敦化南路2段207號10樓,02-7704-9988,製藥產業,305431,2768771
台灣展鑫醫療器材有限公司,27763698,張鑫永,臺北市內湖區陽光街321巷18號5樓之1,02-2627-1986,醫療器材產業,308386,2773940
洞視科技有限公司,90220687,塗明達,臺北市中山區南京東路2段150號11樓,02-2506-6615,應用生技,303900,2771625
益康企業股份有限公司,22454960,李惠珠,臺北市士林區延平北路5段163巷43號1樓,02-2813-3001,應用生技,301302,2775025
天群健康事業股份有限公司,20865299,郭洢帆,臺北市松山區南京東路4段171號12樓,02-2659-2277,醫療器材產業,306132,2771627
日名國際藥品有限公司,97129636,傅俊文,臺北市大安區敦化南路1段183號6樓,02-2731-0039,製藥產業,305423,2770623
信榮生物科技有限公司,80506706,施偉智,臺北市內湖區陽光街347號2樓,02-8797-3960,應用生技,308280,2773997
路明思生技股份有限公司,83502330,蘇隆畯,臺北市南港區園區街3號17樓,02-2655-8680,醫療器材產業,311745,2772394
聯新生物科技股份有限公司,80268471,黃英晋,臺北市內湖區洲子街52號3樓,02-2657-9886 ?,醫療器材產業,307816,2774662
璽安醫美生技有限公司,28861036,張元嘯,臺北市信義區信義路五段五號5樓5F14室,02-2808-4888,應用生技,306748,2769567
佳穎健康生技股份有限公司,43401201,許瑞麟,臺北市內湖區瑞光路302號9樓之1,尚無資料,應用生技,307932,2774373
承寶生技股份有限公司,83505884,陳瑞聰,臺北市內湖區瑞光路581之1號,02-2658-1868,製藥產業,307282,2774738
上鼎生技有限公司,80146479,胡雅婷,臺北市松山區饒河街144號,02-2788-8601,應用生技,308048,2771486
永福藥業股份有限公司,24565745,白宏欽,臺北市內湖區港墘路82巷7弄13號1樓,02-8797-8569,製藥產業,308259,2774923
創睿企業股份有限公司,24321903,廖進祿,臺北市大安區羅斯福路3段29號6F,02-2455-3111,醫療器材產業,303008,2768502
保瑞管理顧問股份有限公司,90702609,盛保熙,臺北市內湖區瑞光路26巷36弄2號4樓,02-2790-1555,製藥產業,308737,2773545
友照醫療儀器股份有限公司,90897034,林茂嘉,臺北市內湖區港墘路185號3樓之1,02-8753-6255,醫療器材產業,307996,2774311
駿緯醫藥科技股份有限公司,84806965,許武慶,臺北市中山區民生東路1段51號5樓之1,02-2567-6228,應用生技,303094,2772327
豪德生物科技股份有限公司,50881015,鄭   翔,臺北市內湖區湖元里行愛路７７巷１１號３樓、１３號３樓,02-2790-6566,應用生技,308686,2772847
造鑫企業有限公司,05024641,賴國鑫,臺北市北投區明德路113巷4弄2號1樓,02-2825-0661,醫療器材產業,302390,2778101
聚展實業股份有限公司,52288525,黃紹展,臺北市內湖區內湖路1段306號9樓之1,02-2712-9298,應用生技,307415,2774952
佳展科技股份有限公司,24767432,邱秋津,臺北市內湖區瑞光路358巷30弄2之1號6樓,02-8797-6636,醫療器材產業,307732,2774373
鉑森生技股份有限公司,83171161,林成龍,臺北市內湖區新湖二路87號3樓,02-2793-9951,應用生技,308089,2772617
多益得生物科技股份有限公司,80203533,吳芸言,臺北市內湖區文湖街60巷2號3樓,02-2658-0102,應用生技,306903,2775459
同心生物科技股份有限公司,80522558,李明宗,臺北市內湖區民權東路6段109號7樓之4,02-2790-0580,醫療器材產業,309682,2773567
建豐健康科技股份有限公司,52564893,林凱馳,臺北市內湖區瑞光路168號9樓,0938-932-306,應用生技,308375,2774089
華鋒科技股份有限公司,28388566,楊宏培,臺北市內湖區洲子街50號7樓,02-8983-5039,醫療器材產業,307808,2774642
達爾豪森台灣股份有限公司,00102679,Ulrich Helmut Dahlhausen,臺北市內湖區內湖路1段322號5樓,02-2627-0936,醫療器材產業,307489,2774941
維春醫材股份有限公司,43640300,陳春生,臺北市內湖區洲子街116號9樓,02-2659-8898,醫療器材產業,307435,2774822
首美達實業股份有限公司,97292799,李萬得,臺北市內湖區民權東路6段15巷16號4樓之3,02-2796-7222,醫療器材產業,308399,2773451
沛智生醫科技股份有限公司,52539369,劉家宏,臺北市中山區德惠街9號4樓之1,02-2585-8586,醫療器材產業,302929,2773279
台灣法迪亞股份有限公司,80695185,楊淑雯,臺北市南港區忠孝東路7段508號4樓之3,02-2656-7890,醫療器材產業,311506,2771689
博泰醫療器材股份有限公司,28476907,李柱漢-LEE JOOHAN,臺北市內湖區洲子街62號5樓,02-8751-1578,醫療器材產業,307753,2774685
鳴醫股份有限公司,52635428,謝懿,臺北市內湖區瑞光路335號7樓,02-2795-5390,應用生技,308012,2774271
邦本生技有限公司,80197808,葉安時,臺北市內湖區瑞光路258巷50號3樓,02-2627-4366,醫療器材產業,307996,2774170
㭼波斯生物科技股份有限公司,94113457,陳鵬威,臺北市南港區園區街3號17樓,02-2550-1899,應用生技,311745,2772394
伊凡維納生醫股份有限公司,85001058,莊至義,臺北市內湖區金莊路26號3樓之3,02-2792-2658,製藥產業,309281,2772811
艾昆緯藥品資訊股份有限公司,16083364,宓子厚-BrianZihouMi,臺北市松山區民生東路3段138號12樓,02-2175-6500,應用生技,305200,2772260
巨量移動科技股份有限公司,24616337,黃超明,臺北市中山區建國北路3段92之1號7樓,03-579-7686,醫療器材產業,303912,2773276
矽新科技有限公司,89976849,唐炳武,臺北市中正區南昌路2段216號8樓,02-2362-8585,應用生技,302924,2768531
宏騏實業股份有限公司,54338466,劉柯斌,臺北市內湖區瑞光路583巷25號2樓,02-7720-1566,應用生技,307286,2774835
宸品有限公司,80680508,徐婉麗,臺北市南港區八德路四段778號4樓,02-2788-6279,應用生技,308549,2771490
台灣曼秀雷敦股份有限公司,23931630,冼啟聰,臺北市內湖區基湖路10巷57號6樓,02-8751-8818,應用生技,306869,2775017
永悅醫療儀器有限公司,28471939,劉牧君,臺北市內湖區陽光街347號6樓,02-2658-7718,醫療器材產業,308280,2773997
波仕特生物科技股份有限公司,23283894,計宜明,臺北市南港區園區街3號14樓之2,02-2655-7677,醫療器材產業,311745,2772394
瑞鑫生技股份有限公司,83072486,韓文尊,臺北市內湖區堤頂大道2段15號5樓之2,0-28751-5986,應用生技,307699,2774272
伊賀本生技企業股份有限公司,12862185,許碧蕙,臺北市中正區開封街1段78巷16號1樓,02-2755-0639 02-2715-0751,應用生技,301557,2770912
勁因科技有限公司,84906514,仲志慶,臺北市南港區園區街3號12樓之6,02-2655-7678,應用生技,311745,2772394
汐音生化科技有限公司,22720860,郭麗蓉,臺北市內湖區洲子街61號1樓,02-2797-3898,應用生技,307796,2774702
佳友化工股份有限公司,22193425,黃妃壽,臺北市內湖區行愛路57號3樓,02-2794-3415,應用生技,308686,2772797
歐柏股份有限公司,16291320,江邦卿,臺北市大安區忠孝東路4段297號9樓,02-2772-3568,醫療器材產業,306015,2770501
永茂藥業股份有限公司,25102546,白宏欽,臺北市內湖區港都里港墘路８２巷７弄１３號１樓,02-8797-8005,製藥產業,308259,2774923
鷗博科技有限公司,89268281,黃美麗,臺北市士林區基河路17號11樓,02-2883-5317,醫療器材產業,302952,2775527
實用醫療器材有限公司,22461300,許美足,臺北市內湖區行愛路78巷24號,02-2793-8549,醫療器材產業,308555,2772797
芯芮生技開發股份有限公司,27765794,莊勝博,臺北市內湖區民權東路6段16號地下1層,02-7720-8266,應用生技,308249,2773229
碩景股份有限公司,80672330,張家碩,臺北市信義區松德路74號8樓,02-2758-2606；02-2658-3322,醫療器材產業,308103,2770144
台灣赫曼有限公司,50769420,Jennifer Anne Luke,臺北市內湖區石潭路67號7樓,02-2790-7992,醫療器材產業,309265,2772863
起元生物科技股份有限公司,42980667,邱一帆,臺北市信義區信義路5段109號地下1樓,02-3393-1118,醫療器材產業,307836,2769587
仲智數位健康股份有限公司,89183306,宋穗佳,臺北市中正區忠孝西路一段72號2樓之1,02-2331-3971,醫療器材產業,301870,2771063
新加坡商榮晶生技有限公司台灣分公司,54956754,夏汝文,臺北市內湖區堤頂大道2段251號8樓,02-87516620*3776,應用生技,307145,2774572
瑞群生技股份有限公司,83051166,賀士郡,臺北市大安區忠孝東路四段219號8樓,02-2771-1070,應用生技,305752,2770506
鴻億實業股份有限公司,72109562,李茂盛,臺北市中山區南京東路3段201號11樓,02-2713-6677,醫療器材產業,304740,2771657
鎂迪生醫股份有限公司,83550183,林明德,臺北市大同區南京西路163號2樓之34,02-2655-8597,應用生技,301774,2771868
台灣塞爾克斯應用生技有限公司,24472275,JosephPatrickFox,臺北市內湖區瑞光路631號4樓及633號4樓,02-2656-7592,應用生技,307140,2774803
雅寶企業有限公司,84793933,陳彩枝,臺北市內湖區瑞光路478巷18弄32號,02-2788-3922,醫療器材產業,307272,2774611
創健雲生醫股份有限公司,83587718,趙書萱,臺北市內湖區內湖路1段512號5樓,02-2388-1766,醫療器材產業,307887,2774804
海蓮產業股份有限公司,23133158,許懷月,臺北市中山區中山北路二段112號14樓之5,02-2561-1516 02-2723-2250,應用生技,302740,2772600
康百佳實業有限公司,89333570,彭瑞斌,臺北市大同區南京西路76號6樓之3,02-2556-6136 02-2796-7222,製藥產業,302306,2771743
博克科技股份有限公司,12675508,蔡錦承,臺北市內湖區新湖二路162號4樓之1,02-8791-2769,醫療器材產業,308481,2772876
台灣寶赫曼企業股份有限公司,16783937,王文屏,臺北市內湖區瑞光路513巷31號9樓,02-2658-0199,醫療器材產業,307516,2774738
正雍有限公司,12413884,許耀元,臺北市內湖區行愛路77巷69號7樓,02-2790-0799,製藥產業,308845,2772967
博圓生技有限公司,27395391,羅國榮,臺北市內湖區瑞光路358巷38弄36號3樓之3,02-2809-5058,醫療器材產業,307796,2774312
葉博士科技輔具股份有限公司,27365853,黃敏夫,臺北市大同區南京西路62號7樓,02-2821-9562,醫療器材產業,302370,2771721
麗鑫生技股份有限公司,90713253,洪正益,臺北市內湖區陽光街345巷12號4樓,02-2795-4175,應用生技,308303,2773912
浚鴻數據開發股份有限公司,90741862,楊雅惠,臺北市中正區愛國西路9號7樓,02-2331-5133；02-2331-5552,醫療器材產業,301245,2770002
麥博森股份有限公司,24950178,周聖燁,臺北市中山區松江路51號10樓,02-2517-5455,醫療器材產業,303797,2771205
艾沛生醫股份有限公司,90329217,黃瑞蓮,臺北市南港區園區街3號17樓,02-2653-7792,製藥產業,311745,2772394
台灣赫而司有限公司,16305859,陳漢章,臺北市內湖區成功路5段460號15樓,02-2633-3810,應用生技,311186,2774110
國基生技股份有限公司,80694664,林侑頤,臺北市南港區玉成街140巷25號1樓,02-2761-1313,應用生技,308794,2770769
鷹視有限公司,23890693,黃美麗,臺北市士林區承德路4段150號7樓,02-2883-5317；02-2713-6227,醫療器材產業,302768,2775310
蓓蕾莉生技股份有限公司,24472628,胡鴻渝,臺北市內湖區瑞光路316巷56號2樓,02-2627-2197,醫療器材產業,307825,2774302
綠霖生技有限公司,27294035,陳子建,臺北市中山區吉林路24號4樓之2,02-2536-6086；02-2556-6136,應用生技,303472,2771568
珩陞行生物科技股份有限公司,23616838,劉永詳,臺北市南港區南港路3段130巷3弄11號3樓,02-2788-3621,應用生技,309283,2771857
海伸有限公司,09452686,王盈翔,臺北市大安區新生南路1段165巷35之3號,02-2708-1337；02-2658-1622,醫療器材產業,304091,2769683
台灣荃新股份有限公司,70654116,袁瑞坊,臺北市中正區羅斯福路二段11號3樓,02-3322-5957,應用生技,302635,2769048
勝博國際股份有限公司,55753881,謝銘金,臺北市內湖區行善路56號4樓之3、之4、之5,02-8791-9165,醫療器材產業,308103,2772200
彩智醫材股份有限公司,90466020,陳春生,臺北市內湖區港墘路183號,02-2659-8898,醫療器材產業,308001,2774318
登富企業有限公司,22424684,鄧新健,臺北市內湖區基湖路35巷49號5樓之1,02-8752-6501,應用生技,307146,2774694
景新製藥股份有限公司,07410900,鄭裕豐,臺北市大同區重慶北路3段244號,02-2594-0530 02-2504-2121,製藥產業,301810,2773708
傳聲國際電子股份有限公司,20659811,蔡志一,臺北市松山區南京東路5段274號1樓,02-2768-2174 02-2658-2503,醫療器材產業,307209,2771561
信恆有限公司,09489086,陳本生,臺北市士林區後港街118號5樓,02-2880-6637,醫療器材產業,302605,2775459
聖德生技新藥有限公司,24779079,林帥宏,臺北市內湖區新湖一路155號4樓,02-2797-3777,製藥產業,308266,2772400
久保雅司國際股份有限公司,80492409,黃惠玲,臺北市內湖區洲子街73號3樓之2,02-8751-8100,應用生技,307678,2774744
基業生物科技股份有限公司,04908201,劉素瓊,臺北市內湖區行忠路60號7樓之1,02-2792-3111,應用生技,308484,2773229
越聖儀器廠股份有限公司,20811718,劉國樑,臺北市士林區前港街29號2樓,02-2882-2212,醫療器材產業,302641,2775274
台灣雅培醫療器材有限公司,27967047,黃維新,臺北市內湖區瑞光路407號5樓,02-8752-2200,醫療器材產業,307636,2774567
睿聯生醫有限公司,12653053,黃銘志,臺北市內湖區港墘路187號9樓,02-2659-8566,應用生技,307991,2774304
奈力生醫股份有限公司,52374205,詹維康,臺北市松山區敦化北路170號3樓,02-2365-7579,製藥產業,305346,2772165
艾斯創生醫股份有限公司,83211918,黃毅熙,臺北市南港區園區街3號17樓,02-6605-7607,醫療器材產業,311745,2772394
萊富生命科技股份有限公司,84310768,楊淑雯YeoSho-Wen,臺北市中正區忠孝東路2段123號8樓,02-2358-2838；02-2728-3517,醫療器材產業,303733,2770620
佳捷生技股份有限公司,27336176,余蕙德,臺北市中山區松江路318號10樓之6,02-2536-1488,應用生技,303764,2772604
川富科技開發股份有限公司,81086436,鍾昆金,臺北市松山區民族東路687號7樓,02-2600-1761,應用生技,305310,2772927
正茂生物科技股份有限公司,28683504,楊承熹,臺北市內湖區新湖一路145號6樓,02-2796-2656,醫療器材產業,308208,2772412
源富生物科技股份有限公司,12964937,吳順興,臺北市內湖區內湖路1段356號3樓,03-475-1988,應用生技,307553,2774919
台灣分子檢驗股份有限公司,80297980,李玉鼎,臺北市中山區南京東路二段218號7樓,02-2506-7667,醫療器材產業,304101,2771624
長安儀器有限公司,12168691,楊淑惠,臺北市中山區林森北路63號2樓,02-2571-9829,醫療器材產業,302934,2771234
勸奉堂製藥股份有限公司,31221350,蔡士城,臺北市士林區社子街1120號6樓,03-473-7996,製藥產業,301138,2775556
三泰儀器工業股份有限公司,30939849,孫玫兒,臺北市南港區成功路1段63之2號及2、3、4樓,02-2783-2854,醫療器材產業,309818,2772168
生訊科技股份有限公司,80152632,盧智成,臺北市內湖區新湖一路145號5樓,02-8791-2600,醫療器材產業,308208,2772412
益新生技股份有限公司,25132274,蔡孟哲,臺北市北投區承德路6段120號14樓,02-2381-3799,應用生技,301690,2777351
奈威生技股份有限公司,52805302,徐弘昆,臺北市內湖區洲子街12號2樓,02-2647-9488,製藥產業,308009,2774565
生資有限公司,80541041,蘇秦法,臺北市松山區復興北路1號13樓之4,02-2751-9955,應用生技,304907,2771201
奇祁科技有限公司,16149669,黃大可,臺北市大安區敦化南路2段128號7樓之2,02-2696-8338 02-2755-4881,醫療器材產業,305342,2768780
奧澄生醫股份有限公司,83515383,徐仲儀,臺北市松山區南京東路4段130號2樓之1,02-852-14085,醫療器材產業,306070,2771585
銓安生物科技股份有限公司,43940361,簡昭隆,臺北市內湖區舊宗路2段97號2樓,02-2792-8987,應用生技,308022,2773449
寶及第股份有限公司,25120657,黃偉俊,臺北市內湖區陽光街300號7樓之2,02-2659-5890,應用生技,307980,2773973
救心生技藥業股份有限公司,29821218,藍文昌,臺北市中正區幸市里臨沂街25巷18號,0985-167-173、02-2341-3376,製藥產業,303605,2770457
丞燕國際股份有限公司,23752615,黎林新瑢,臺北市大安區忠孝東路4段270號4樓,02-2781-3311,應用生技,305988,2770454
登盛企業股份有限公司,23443294,黃銘志,臺北市內湖區港墘路189號9樓,02-2659-8566,應用生技,307985,2774296
台灣瑞慶合股份有限公司,90156432,羅麗芬,臺北市松山區南京東路3段259號5樓之1,尚無資料,應用生技,304981,2771651
華新醫材股份有限公司,12564904,鄭永柱,臺北市信義區忠孝東路5段508號19樓之3,02-2727-7347 02-2577-8899,醫療器材產業,308401,2770456
美商亞洲美樂家有限公司台灣分公司,97160729,柯邁凱MckayF.Christensen,臺北市松山區八德路4段760號3樓,02-8787-5456,應用生技,308437,2771457
亞洲瑞思生物科技股份有限公司,12929762,洪建龍,臺北市松山區延壽街330巷8弄6號,02-2753-0125,應用生技,306494,2772093
亞斯德科技有限公司,84468824,王文富,臺北市信義區基隆路二段22號3樓之1,02-2758-0688 02-2888-1107,應用生技,306384,2769431
順華藥品工業股份有限公司,04610454,張戴德,臺北市中正區重慶南路3段36巷12號1樓,02-2303-7111,製藥產業,301969,2769031
星科生物科技股份有限公司,53526150,郭曜豪,臺北市中山區長安東路1段28之2號2樓,02-2820-2201,應用生技,303083,2771274
瀚揚有限公司,22733443,張來發,臺北市內湖區瑞光路188巷48號8樓,02-8751-0668,醫療器材產業,308178,2774066
水牛生醫科技股份有限公司,83083049,洪峯枝,臺北市信義區忠孝東路五段1號2樓,02-2517-4841,醫療器材產業,306998,2770475
昌固生物科技股份有限公司,53942135,李炫昇,臺北市信義區光復南路555號5樓,02-2722-7573,醫療器材產業,306271,2769355
自在生物科技股份有限公司,27333157,王惠美,臺北市中正區衡陽路7號15樓,02-2381-7978,應用生技,301842,2770574
英科智能有限公司,50759371,林彥竹,臺北市信義區忠孝東路4段563號8樓,02-2757-7168 02-2627-7227,應用生技,306914,2770488
亞洲沛妍生醫股份有限公司,53931215,莊勝博,臺北市內湖區民權東路6段16之1號地下1層,02-7720-8266,應用生技,308257,2773231
麥智精密股份有限公司,43904365,林哲勛,臺北市內湖區新湖一路86號2樓,02-2795-1668,醫療器材產業,308075,2772407
鼎健生物科技食品股份有限公司,84790458,林美鈴,臺北市中正區羅斯福路3段76號7樓之2,02-2592-3609,應用生技,303114,2768324
生基生技股份有限公司,27958672,季伯吉雅保羅,臺北市中山區遼寧街101巷2弄14號1樓,02-2709-5886；02-2708-0888,應用生技,304789,2771463
尚懋生醫股份有限公司,86745325,李守文,臺北市士林區承德路4段222號6樓,02-8861-3885,應用生技,302603,2775677
永樂活生技股份有限公司,52884679,林昇永,臺北市內湖區行愛路77巷63號3樓,02-8791-7913,應用生技,308816,2772942
醫流體股份有限公司,82876681,李文斌,臺北市南港區三重里園區街3號17樓,0919-763-876,醫療器材產業,311745,2772394
智德萬生醫科技股份有限公司,89114049,郭萬祐,臺北市北投區裕民六路1號7樓,02-2826-7169,醫療器材產業,302107,2778445
牛耳國際生技股份有限公司,53765237,蔡朝正,臺北市中山區林森北路554號8樓,02-7713-6358,應用生技,303021,2772989
保康特生物科技股份有限公司,42989436,葛均,臺北市內湖區港墘路185號6樓之1,02-26578-809,應用生技,307996,2774311
澤和科技股份有限公司,53766806,詹允豪,臺北市內湖區新湖二路26號6樓,02-2795-5856,醫療器材產業,308033,2772637
愛視樂股份有限公司,90286511,胡弘毅,臺北市南港區園區街3之1號4樓,02-2655-7518,醫療器材產業,311731,2772315
艾慕思生物科技股份有限公司,12669816,李金華,臺北市內湖區洲子街46號6樓,02-2657-3636,醫療器材產業,307824,2774630
昱星生物科技股份有限公司,52485407,張郁芬,臺北市南港區研究院路1段130巷99號C棟5樓,02-2783-5860,醫療器材產業,311800,2771350
成富生物科技股份有限公司,28464178,林維亞,臺北市內湖區堤頂大道2段15號5樓之1,02-8751-1388,應用生技,307699,2774272
神經元科技股份有限公司,52289539,楊鈞程,臺北市大安區忠孝東路4段320號2樓,02-7711-8828,醫療器材產業,306238,2770449
友德國際股份有限公司,12682542,石朝楨,臺北市內湖區瑞湖街103號6樓,02-2799-3339,醫療器材產業,308133,2773950
伍騏生科有限公司,16584579,蘇正義,臺北市內湖區成功路5段460號15樓之1,02-2633-1394,應用生技,311186,2774110
家誠全球數位醫材股份有限公司,24654177,蔡幸君,臺北市信義區忠孝東路5段1之10號3樓,04-2261-5197；02-2619-3677,醫療器材產業,307037,2770470
捷醫國際生物科技股份有限公司,54139277,卓煜騰,臺北市內湖區行善路353號7樓,02-2727-9535,應用生技,309066,2772909
康統醫學科技股份有限公司,82822428,廖威宣,臺北市中正區北平東路16號8樓,02-3322-1842,醫療器材產業,302937,2770976
豐利國際股份有限公司,12939473,羅思綺,臺北市內湖區內湖路1段300號7樓,049-2257-017,醫療器材產業,307373,2774954
赭石生醫有限公司,90531036,呂采修,臺北市南港區研究院路1段130巷99號C棟4樓,02-2783-5616,製藥產業,311800,2771350
利像科技股份有限公司,90443293,張文正,臺北市中正區重慶南路1段10號5樓之1,02-2732-0020,醫療器材產業,301777,2771036
愛思分析儀器股份有限公司,90875860,陳仲瑄,臺北市南港區研究院路一段130巷99號C324室,02-2785-5520,應用生技,311800,2771350
全心醫藥生技股份有限公司,82948968,周慧泉,臺北市南港區忠孝東路7段508號9樓之1,02-2627-2707,製藥產業,311506,2771689
美奇生技國際有限公司,80196532,李彩蓮,臺北市大同區寧夏路17之2號2樓,02-2559-6728,應用生技,301969,2771961
華莘生醫科技股份有限公司,29046906,張俊毅,臺北市內湖區陽光街345巷8號2樓,02-2659-9592,醫療器材產業,308295,2773960
台灣安斯泰來製藥股份有限公司,11919506,Siew Eng Ng,臺北市中山區民生東路3段10號5樓,02-2507-5799,製藥產業,304324,2772267
穎奕生醫科技股份有限公司,25121537,陳貴美,臺北市松山區復興北路181號3樓之3,02-2547-2509,應用生技,304920,2771952
台灣外泌體生物技術股份有限公司,97609993,曾偉彰,臺北市南港區園區街3號14樓之3,02-2655-8781,製藥產業,311745,2772394
昱君生技股份有限公司,89192889,林昱銘,臺北市南港區忠孝東路7段510號9樓,02-2695-1268,應用生技,311585,2771702
均泰生物科技股份有限公司,28679071,彭英哲,臺北市內湖區湖元里新湖二路168號4樓,02-2736-5679,應用生技,308498,2772886
荷商葛蘭素史克藥廠股份有限公司台灣分公司,86927438,思泰廉GuyMickleStanley,臺北市中正區忠孝西路1段66號23-24樓,02-2381-8866,製藥產業,301996,2770997
維州生物科技股份有限公司,16131133,柯光達,臺北市內湖區瑞光路258巷2號3樓,02-2657-5399,應用生技,308052,2774220
振芳股份有限公司,03341208,許江秀琴,臺北市中正區新生南路1段116號3樓,02-2341-5137,應用生技,303739,2770216
太暘科技國際股份有限公司,43859045,黃連福,臺北市信義區忠孝東路5段1之8號11樓,02-2695-7733,醫療器材產業,307030,2770470
中化銀髮事業股份有限公司,27979276,王謝怡貞,臺北市中正區襄陽路23號10樓,02-2797-0880,醫療器材產業,301992,2770694
會昌實業股份有限公司,04208143,孫翁泰,臺北市中山區天祥路59號9樓,02-2585-5777 02-2795-5856,應用生技,302551,2772888
睿健邦生醫股份有限公司,50775507,許涵傑,臺北市南港區園區街3之2號10樓,02-2775-1140,醫療器材產業,311739,2772221
聯亞國際股份有限公司,84758529,楊宏培,臺北市內湖區洲子街52號7樓,02-8797-1975,醫療器材產業,307816,2774662
惠健生技股份有限公司,27576652,詹舒帆,臺北市內湖區陽光街321巷56號2樓之2,02-2656-0358,應用生技,308299,2773836
諭泰生物技術股份有限公司,89183191,王克舜,臺北市南港區研究院路1段130巷99號C棟3樓,02-2653-8685,應用生技,311800,2771350
醫創科技股份有限公司,52203456,吳宏基,臺北市松山區八德路二段441號9樓,02-2751-9208,醫療器材產業,305198,2771240
實漪生醫股份有限公司,83501515,蔡孟哲,臺北市北投區承德路6段120號14樓,02-2755-4881,應用生技,301690,2777351
和杏實業股份有限公司,20904223,張家瑜,臺北市北投區承德路6段120號14樓,02-2755-4881,應用生技,301690,2777351
友源生技醫藥股份有限公司,94175988,蔡正弘,臺北市北投區承德路6段120號14樓,02-2755-4881,應用生技,301690,2777351
奕心生醫科技股份有限公司,89166995,林旭信,臺北市內湖區舊宗路一段159號6樓,尚無資料,應用生技,308381,2772702
瑞光醫務管理顧問股份有限公司,50875528,陳瑞聰,臺北市內湖區瑞光路581之1號,02-8797-8588,醫療器材產業,307282,2774738
惠家智醫股份有限公司,91039503,蔡惠銘,臺北市內湖區新湖三路280號3樓,02-2790-2639,應用生技,308655,2773209
台灣中外製藥股份有限公司,23060795,岡本崇,臺北市松山區敦化北路260號3樓,02-2715-2000,應用生技,305495,2772641
公源藥品股份有限公司,33232699,周芸,臺北市大安區敦化南路2段128號14樓之3,02-2702-8171,製藥產業,305342,2768780
康定股份有限公司,01456077,郭義松,臺北市南港區園區街3號9樓之1,02-2918-1266 02-2568-1380,醫療器材產業,311745,2772394
百力生物科技股份有限公司,12693549,黃正烜,臺北市南港區園區街3號12樓之1,02-2785-8975,應用生技,311745,2772394
精準生技股份有限公司,55747592,蔡明功,臺北市南港區忠孝東路7段508號16樓之2,02-8521-0148,應用生技,311506,2771689
奐和國際股份有限公司,25150899,陳子堅,臺北市南港區重陽路202號7樓,02-2788-3922,醫療器材產業,310853,2772275
健康聯網資訊服務股份有限公司,66597971,徐克宇,臺北市大安區仁愛路3段26號5樓,02-2559-2777,應用生技,304062,2770055
多得麗富股份有限公司,84742479,孫文崇,臺北市松山區南京東路3段287號7樓,02-7707-3711；02-2797-3898,應用生技,305106,2771648
賽昂生醫股份有限公司,83469938,高安佩,臺北市南港區園區街3號17樓,02-2938-3077,製藥產業,311745,2772394
醫守科技股份有限公司,85127486,龍安靖,臺北市松山區復興北路201號4樓,02-7728-9236,醫療器材產業,304921,2772056
天慶醫療儀器股份有限公司,23628969,萬群投資股份有限公司,臺北市大安區新生南路1段97巷19號2樓,02-2775-1140；02-2795-1777,醫療器材產業,304042,2770451
法信諾生醫股份有限公司,83702127,張嘉銘,臺北市南港區研究院路1段130巷99號4樓,02-2789-1800,製藥產業,311800,2771350
精拓生技股份有限公司,50902715,陳柏翰,臺北市內湖區瑞光路258巷56號3樓之2,02-2732-2701,應用生技,307960,2774135
沐恩生醫光電股份有限公司,54368209,王宇晨,臺北市中山區松江路76號9樓,02-2655-2866,應用生技,303757,2771382
美商宇心生醫股份有限公司,24796400,張瑞中,臺北市中正區忠孝東路1段9號6樓,02-2395-7378,醫療器材產業,302841,2770857
奈捷生物科技股份有限公司,42870303,鍾尊智,臺北市南港區研究院路1段130巷99號3樓,02-2653-8655,醫療器材產業,311800,2771350
億觀生物科技股份有限公司,54009680,林書聖,臺北市大安區羅斯福路3段171號11樓之1,02-2368-5358,醫療器材產業,303256,2768253
群智基因股份有限公司,24738866,蘇怡寧,臺北市內湖區瑞光路607號8樓,02-2382-6615,應用生技,307180,2774779
互宜投資股份有限公司,79988992,劉志平,臺北市內湖區港墘路183號12樓,02-2659-7888,醫療器材產業,308001,2774318
漢旭股份有限公司,22049169,張維中,臺北市內湖區內湖路1段324號7樓,02-7745-5399,製藥產業,307495,2774939
予宇生技股份有限公司,85068579,蔡翠敏,臺北市信義區忠孝東路5段669號6樓,02-2367-6828,製藥產業,308488,2770561
銘崎生物科技股份有限公司,22654448,樓蘭君,臺北市大安區市民大道4段100號15樓,05-557-6060,應用生技,305485,2770812
中央醫療器材股份有限公司,22343374,林聖富,臺北市內湖區瑞光路298號3樓,02-2788-5365,醫療器材產業,307966,2774362
惠生研生物科技股份有限公司,27319922,蔡可羣,臺北市南港區忠孝東路7段508號8樓之3,02-2511-1122,應用生技,311506,2771689
璟明實業股份有限公司,12353464,陳濱,臺北市大同區民權西路106號7樓,02-2553-1456,醫療器材產業,302192,2772825
連法國際實業股份有限公司,86525976,許學仁,臺北市中山區中山北路2段112號14樓之2,02-2523-3939,應用生技,302740,2772600
瑞盛醫學科技股份有限公司,80692069,劉志平,臺北市內湖區港墘路189號12樓,02-2659-7888,醫療器材產業,307985,2774296
米飛生醫股份有限公司,53348368,曾義翔,臺北市中山區八德路2段298號3樓,02-2776-6899,醫療器材產業,304703,2771094
大象生技有限公司,25133668,韓怡庭,臺北市內湖區新湖二路50號8樓,02-2545-5673,應用生技,308098,2772666
寶健科技股份有限公司,86024065,吳容珠,臺北市信義區東興路49號9樓,02-2218-0865,醫療器材產業,307195,2771218
京都念慈菴藥廠股份有限公司,18770304,謝國昌,臺北市萬華區環河南路2段282號,03-328-2931,應用生技,299551,2769424
新嘉瑜股份有限公司,82880469,李卿瑜,臺北市內湖區舊宗路2段181巷6號3樓,02-2378-0818,醫療器材產業,307996,2773836
台灣英飛特股份有限公司,80528639,吳永昌,臺北市內湖區洲子街73號10樓之2,02-2658-2639,醫療器材產業,307678,2774744
台灣武田藥品工業股份有限公司,03564609,浅野元,臺北市信義區松高路1號17樓,02-8729-9050 02-2659-9355,製藥產業,306908,2770277
台灣田邊製藥股份有限公司,11920905,柿木文雄,臺北市南港區市民大道七段８號１４樓之１,02-2651-8288,製藥產業,308586,2771350
加特福生物科技股份有限公司,70384367,程伶輝,臺北市中山區松江路75之1號10樓,02-2518-9908,應用生技,303799,2771387
台灣塩野義製藥股份有限公司,11921708,富山正樹,臺北市中山區南京東路2段2號4樓,02-2551-6336,製藥產業,303293,2771629
貝克生醫股份有限公司,42863324,吳信億,臺北市信義區松德路10號6樓,02-2247-3394,醫療器材產業,308267,2770280
禾氧生技股份有限公司,97241429,巫堂明,臺北市中正區忠孝東路2段60號,02-3322-5201 / 02-3343-5050,應用生技,303330,2770677
來富可得生物科技股份有限公司,52615491,董久源,臺北市內湖區堤頂大道2段181號5樓,02-2659-5275,應用生技,307498,2774468
科邁基因科技股份有限公司,52249538,朱佩文,臺北市松山區南京東路4段1號11樓,02-2365-3210,應用生技,305458,2771641
台灣默克股份有限公司,23526610,李俊隆,臺北市南港區經貿二路121號20樓,02-2162-1111,製藥產業,312387,2772496
十藝生技股份有限公司,53091057,宋又時,臺北市內湖區瑞光路550號7樓,02-2627-0630,應用生技,307209,2774726
麥迪斯生物科技股份有限公司,55622501,許順傑,臺北市內湖區新湖一路71號3樓,02-7713-8000,醫療器材產業,308023,2772339
鼎眾股份有限公司,12520441,江春松,臺北市中山區中山北路2段185號6樓B室,03-328-9140 02-2755-4445,醫療器材產業,302724,2772952
台灣雀巢股份有限公司奈斯派索分公司,20683002,羅台青,臺北市內湖區瑞光路399號8樓及8樓之1,02-2773-9910,應用生技,307766,2774502
宏智生醫科技股份有限公司,82799334,彭聖華,臺北市內湖區瑞光路581之1號,02-8797-8060,醫療器材產業,307282,2774738
映通股份有限公司,23435597,王自軍,臺北市南港區研究院路1段130巷99號,02-2999-7193,醫療器材產業,311800,2771350
明基口腔醫材股份有限公司,54648602,管新寶,臺北市內湖區洲子街52號7樓,02-8797-5966,醫療器材產業,307816,2774662
威茂股份有限公司,12966029,陳富鈐,臺北市南港區園區街3號10樓之5,02-2655-7868；02-2655-7918,醫療器材產業,311745,2772394
揚生生化科技股份有限公司,13132659,許正郎,臺北市中山區中山北路3段49號3樓,02-2531-2016,應用生技,302732,2773294
精睿醫藥科技股份有限公司,85117044,簡督憲,臺北市南港區三重路66號11樓之3,02-2789-1060,應用生技,311990,2772260
醫睿醫藥科技股份有限公司,24471466,簡督憲,臺北市南港區三重路66號7樓之5,02-2789-1060；02-2739-2222,應用生技,311990,2772260
寰宇生物科技股份有限公司,12867415,曾國棠,臺北市南港區園區街3號10樓之2,02-2783-5000,應用生技,311745,2772394
泛泰醫療產品股份有限公司,27554334,詹青柳,臺北市南港區園區街3號13樓之5,02-2712-6811,製藥產業,311745,2772394
承詠生技股份有限公司,90611636,林柏瑾,臺北市內湖區瑞光路288號2樓,02-2657-2968,應用生技,308022,2774325
明欣生物科技股份有限公司,16318279,趙秀琦,臺北市南港區園區街3號10樓之3,02-2655-7528,應用生技,311745,2772394
得勝醫學科技股份有限公司,82833874,黃昭媛,臺北市南港區研究院路1段130巷99號2樓,02-2391-2180,製藥產業,311800,2771350
慧德科技股份有限公司,54166891,趙中理,臺北市中山區建國北路1段148號6樓,02-2500-0662,醫療器材產業,304122,2771567
和強股份有限公司,22156982,蔡正弘,臺北市北投區承德路6段120號14樓,02-2755-4881,應用生技,301690,2777351
博宣寧股份有限公司,16622840,鄧林雪輝,臺北市內湖區瑞光路358巷30弄8號3樓之1,02-87977755,醫療器材產業,307771,2774342
福智美科技股份有限公司,53563865,汪鼎華,臺北市內湖區瑞光路358巷30弄8號4樓,02-8792-0908,醫療器材產業,307771,2774342
三多士股份有限公司,12197725,吳昭雄,臺北市大安區四維路208巷3之1號1樓,02-2708-0888,應用生技,305261,2768814
智準生醫科技股份有限公司,50760933,謝志鴻,臺北市松山區南京東路4段1號2樓,03-567-8520,醫療器材產業,305458,2771641
瑞磁生物科技股份有限公司,42830582,李家榮,臺北市內湖區行忠路28巷1號6樓,02-8791-6833,醫療器材產業,308295,2773094
新加坡商視亨光學鏡片股份有限公司台灣分公司,53664688,沈鼎鈞,臺北市內湖區瑞光路188巷51號2樓,02-2657-9299,醫療器材產業,308125,2774079
台灣阿斯特捷利康股份有限公司,16440975,龍雲合,臺北市大安區敦化南路二段207號21樓,02-2378-2390,製藥產業,305431,2768771
誼澤股份有限公司,12458185,蔡正弘,臺北市北投區承德路6段120號14樓,02-2755-4881,應用生技,301690,2777351
銳準生醫股份有限公司,82941917,許承先,臺北市北投區承德路7段348號5樓,02-7730-2526,應用生技,300829,2778905
上頂醫學影像科技股份有限公司,55749867,曾文毅,臺北市中山區中山北路2段102號7樓,02-2571-0934,醫療器材產業,302738,2772533
宜春企業股份有限公司,86151287,吳廷財,臺北市內湖區港墘里洲子街101、103號5樓,02-2719-6088,醫療器材產業,307488,2774844
佐藤製藥股份有限公司,22662828,石原克志,臺北市信義區基隆路1段333號4樓,03-597-9814,製藥產業,306623,2769689
台灣奇士美化粧品股份有限公司,43431303,李永章,臺北市中山區松江路328號3樓,02-2563-6251,應用生技,303772,2772639
錦鴻生技國際股份有限公司,70381827,周丹薇,臺北市大安區大安路二段132巷30號6樓,02-2701-9153,應用生技,304942,2769200
慶生健康管理顧問股份有限公司,55705919,汪佳坤,臺北市內湖區陽光街321巷56號2樓之3,02-2657-6001,醫療器材產業,308299,2773836
九和科技股份有限公司,28005934,李沛霖,臺北市內湖區行愛路88號6樓,02-6608-1999,應用生技,308611,2772853
兆鴻生技股份有限公司,25128877,徐登賢,臺北市內湖區洲子街61號5樓,02-2658-8776,應用生技,307796,2774702
帝歐科技股份有限公司,54169399,李炳日,臺北市中山區南京東路二段96號9樓,02-8752-3319,醫療器材產業,303613,2771626
嬌生股份有限公司,30814854,田中美由紀-MiyukiTanaka,臺北市中山區民生東路3段2號10、11樓,02-2593-9888,應用生技,304224,2772275
台灣札幌藥粧有限公司,52893017,高田裕,臺北市內湖區港墘路185號2樓,02-77116616,應用生技,307996,2774311
微體生物醫學股份有限公司,55623255,李亦書,臺北市南港區研究院路一段130巷99號 C棟6樓614室,02-2697-6509,應用生技,311800,2771350
生脈生物科技股份有限公司,24747226,許中強,臺北市大安區敦化南路2段97號2樓M02室,02-2658-7080,製藥產業,305422,2769092
碩準生技股份有限公司,90663465,呂韻綺,臺北市南港區園區街3號17樓,07-311-1577,製藥產業,311745,2772394
諾倫科技股份有限公司,83761687,黃元孝,臺北市南港區研究院路1段130巷99號,02-7752-3723,應用生技,311800,2771350
明基健康生活股份有限公司,52687620,楊宏培,臺北市內湖區港墘里洲子街48號7樓,02-2393-1218,醫療器材產業,307833,2774655
普元生技股份有限公司,53083731,賴家德,臺北市內湖區基湖路35巷49號4F之1,02-2627-0630,醫療器材產業,307146,2774694
勁捷生物科技股份有限公司,53548210,王勝興,臺北市內湖區行愛路77巷56號3樓,02-8792-9762,醫療器材產業,308812,2772971
醫盟科技股份有限公司,24975749,羅文甫,臺北市中山區南京東路2段206號12樓之2,02-2567-2959,醫療器材產業,304066,2771624
實璒醫藥生技股份有限公司,89169487,王昱鈞,臺北市南港區園區街3號12樓之2,02-2655-8818,應用生技,311745,2772394
惠民製藥股份有限公司,11653105,葉達雄,臺北市中山區吉林路98巷3號1樓,02-2522-3104,製藥產業,303437,2771715
英屬開曼群島商先知生物科技股份有限公司台灣分公司,85070076,簡督憲,臺北市內湖區瑞光路358巷30弄3號7樓,02-7728-8922,應用生技,307765,2774381
聯邦化學製藥股份有限公司,33744404,盛保熙,臺北市內湖區瑞光路26巷36弄2號5樓,02-8792-2928,製藥產業,308737,2773545
台灣諾華股份有限公司,01516589,尹旭東,臺北市中山區民生東路3段2號8樓,02-2322-7777,製藥產業,304224,2772275
矽基分子電測科技股份有限公司,24565175,林銘洲,臺北市南港區研究院路1段130巷99號C棟4樓,02-2783-5173,醫療器材產業,311800,2771350
愛德士生物科技股份有限公司,16082338,Lily Joann Lu,臺北市內湖區瑞湖街88號6樓之1,02-6603-9728,應用生技,308111,2773912
上毅生物科技股份有限公司,52278884,吳忠勳,臺北市內湖區內湖路1段308號6樓之1,02-2657-9668,製藥產業,307400,2774918
中華生物科技股份有限公司,70548544,李壯源,臺北市松山區民族東路683號之1（1樓）,02-2718-9388,應用生技,305291,2772943
台灣高絲股份有限公司,47315071,石川茂樹,臺北市信義區基隆路1段200號12樓,02-8786-3668,應用生技,306867,2770357
博唯弘展生技股份有限公司,53958190,李卿瑜,臺北市大安區信義路4段341號6樓之1,02-2378-8930,醫療器材產業,306179,2769581
盈盈生技製藥股份有限公司,80259156,陳淑華,臺北市中山區松江路158號4樓,02-2672-6032,製藥產業,303764,2771973
養樂多股份有限公司,03581305,李道明,臺北市中山區松江路261號3樓,02-2505-4325,應用生技,303813,2772498
雷文虎克生物技術股份有限公司,91078929,翁素蕙,臺北市大安區忠孝東路4段30號10樓,02-2377-2318,應用生技,304948,2770474
台灣植物外泌體股份有限公司,83018596,莊銀清,臺北市南港區園區街3號14樓之3,02-2655-8781,製藥產業,311745,2772394
新鈺生技股份有限公司,22357854,李培民,臺北市內湖區瑞光路360號6樓,02-8751-6060,應用生技,307742,2774456
台灣大正製藥股份有限公司,33039603,菅野直亮,臺北市大同區長安西路180號4樓之1,02-2558-1208,製藥產業,302051,2771534
永加利醫學科技股份有限公司,53752937,瞿志豪,臺北市內湖區文湖路80號3樓,02-2657-2369,醫療器材產業,306985,2775463
帝勝生技股份有限公司,43889723,蔡宗勲,臺北市內湖區瑞光路408號10樓之5,02-2727-7347,應用生技,307552,2774550
恩揚生物科技股份有限公司,53646182,劉文煌,臺北市內湖區內湖路1段318號8樓,02-2708-1337,應用生技,307468,2774948
優活健康生技股份有限公司,50791627,郭士賢,臺北市內湖區瑞光路408號10樓之5,02-8797-7607,應用生技,307552,2774550
華生水資源生技股份有限公司,86367821,胡端圓,臺北市內湖區行忠路66巷2號1樓,02-2882-2212,應用生技,308527,2773239
新析生物科技股份有限公司,83747026,廖仲麒,臺北市南港區研究院路1段130巷99號C棟5樓,02-2785-6780,醫療器材產業,311800,2771350
神瑞人工智慧股份有限公司,94243590,錢美娟,臺北市南港區三重路19之13號4樓,02-2655-2255,醫療器材產業,311871,2772403
台灣外泌體股份有限公司,91043035,洪奇昌,臺北市南港區園區街3號14樓之3,02-2655-8781,製藥產業,311745,2772394
準訊生醫股份有限公司,54621478,李慈雅,臺北市松山區八德路4段760號6樓,02-2761-2577,醫療器材產業,308437,2771457
智必立國際生醫科技股份有限公司,90138266,李慧芳,臺北市信義區松高路9號27樓,02-2732-2734,醫療器材產業,307021,2770273
台灣共振波研發股份有限公司,24454234,許明慧,臺北市中山區南京東路2段72號11樓之1,02-2521-6333,應用生技,303536,2771627
台建生技股份有限公司,42864317,邱妙齡,臺北市中山區南京東路三段201號8樓之2,02-2715-0751,應用生技,304740,2771657
沃醫學股份有限公司,53112047,巫宣霆,臺北市內湖區堤頂大道1段33號三樓,02-8797-3199,醫療器材產業,307911,2772240
華楷生醫科技股份有限公司,53349129,方頌和,臺北市內湖區港墘里瑞光路四四三號八樓,02-8797-1288,醫療器材產業,307596,2774636
慧誠智醫股份有限公司,42856576,余金樹,臺北市內湖區瑞光路335號10樓之4,02-2252-3030,醫療器材產業,308012,2774271
心誠鎂行動醫電股份有限公司,24754176,鄭傑升,臺北市大安區敦化南路二段319號10樓,02-2732-6596,醫療器材產業,305432,2768425
大江生活股份有限公司,27528961,林詠翔,臺北市內湖區港墘路185號10樓,02-8797-7811,醫療器材產業,307996,2774311
昌達生化科技股份有限公司,80524351,簡銘達,臺北市南港區三園區街3號12樓,02-2655-7555；02-2655-7568,應用生技,311745,2772394
蘭亭生物科技股份有限公司,53680569,呂金燕,臺北市內湖區行愛路77巷33號5樓,02-8792-8931,應用生技,308750,2772889
奔騰智慧生醫股份有限公司,82815411,陳瑞聰,臺北市內湖區瑞光路581之1號,03-582-0446,醫療器材產業,307282,2774738
馬雅資訊股份有限公司,80265495,陳博揚,臺北市松山區南京東路4段50號5樓之2,02-2579-0838,醫療器材產業,305844,2771590
凱圖國際股份有限公司,28199256,陳明正,臺北市內湖區基湖路18號9樓,02-2659-0500,醫療器材產業,306974,2774881
尚典生技股份有限公司,86490195,謝偉斌,臺北市南港區園區街3號16樓之5,02-2655-8298,應用生技,311745,2772394
業生科技股份有限公司,42819545,陳政璉,臺北市內湖區行忠路42號6樓,02-27885695,應用生技,308291,2773138
麗瑞嘉生技股份有限公司,82908939,羅麗芬,臺北市大安區忠孝東路四段219號8樓,02-2771-1070,應用生技,305752,2770506
妮傲絲翠股份有限公司,84473241,張裕彬,臺北市內湖區行忠路58號5樓,02-8791-7778,醫療器材產業,308469,2773223
台灣大塚製藥股份有限公司,14001297,許信義,臺北市中山區復興北路378號11樓,02-2505-2868,製藥產業,304873,2772629
台灣必治妥施貴寶股份有限公司,11922609,谷依凡,臺北市松山區健康路156號4樓、5樓,02-2756-1234,製藥產業,306244,2771817
英屬維京群島商禾寶醫療器材股份有限公司,42963610,馮田芬,臺北市內湖區內湖路一段68號2樓,02-66066688,醫療器材產業,306734,2775157
仙豐股份有限公司,23415179,謝振鋒,臺北市松山區延壽街347號,02-2746-6331；02-2796-0803,製藥產業,306429,2772173
寶楠生技股份有限公司,09479382,葉安時,臺北市內湖區瑞光路258巷50號3樓,02-2627-4366,醫療器材產業,307996,2774170
欣大首美達股份有限公司,90551834,李沛霖,臺北市內湖區民權東路6段15巷16號4樓之3,02-6608-1999,醫療器材產業,308399,2773451
拓華生技股份有限公司,53772976,張祐齊,臺北市中山區中山北路1段53巷20號2樓,02-2393-8011,應用生技,302759,2771299
豐技生物科技股份有限公司,86704393,戴國銧,臺北市中正區紹興北街5號5樓之1,02-2351-9800,應用生技,303006,2770843
蓋德科技股份有限公司,28712178,陳怡君,臺北市南港區經貿二路197號4樓,02-2728-1155,醫療器材產業,312105,2772625
台灣禮來股份有限公司,43430803,殷其隆,臺北市松山區復興北路365號11樓,02-2715-2950,製藥產業,304930,2772646
美商亞培股份有限公司台灣分公司,30961216,JanaApostolovaMihaylova,臺北市中山區民生東路3段51號6樓及49號5樓、6樓,02-2505-0828,醫療器材產業,304515,2772319
衛采製藥股份有限公司,89283375,曾志揚,臺北市中山區松江路106號8樓,02-2531-4175,製藥產業,303751,2771547
台灣諾保科股份有限公司,29032797,石傑仁,臺北市內湖區瑞光路68號5樓,02-2793-9933,醫療器材產業,308710,2773742
樂活生技開發股份有限公司,53102126,李開天,臺北市內湖區陽光街300號7樓之2,02-2799-3222,應用生技,307980,2773973
信維生物科技股份有限公司,80198074,林國常,臺北市內湖區行忠路57號5樓,02-8792-1107,應用生技,308259,2773164
發礮成生物科技股份有限公司,13122940,張正民,臺北市松山區八德路4段678號5樓,02-2653-9797,製藥產業,308161,2771425
德田農業生技股份有限公司,42631367,李森田,臺北市內湖區瑞光路258巷2號7樓,02-2658-8599,應用生技,308052,2774220
銀泰佶聯合生技股份有限公司,29072994,許瑜芷,臺北市中山區南京東路2段137號14樓,02-2627-7388,應用生技,303992,2771668
台灣大昌華嘉股份有限公司,70824858,鑫必傑-Bijay Veer Singh,臺北市內湖區堤頂大道2段407巷20弄1、3、5、7號10樓，及407巷22、24、26號10樓及407巷22號10樓之1,02-8752-7626,應用生技,306838,2774878
台灣百靈佳殷格翰股份有限公司,12469866,邱建誌,臺北市中山區民生東路3段2號12樓,02-2503-2636,製藥產業,304224,2772275
矽響先創科技股份有限公司,83103782,周耀聖,臺北市大安區羅斯福路3段309號3樓之1,02-2366-0988,醫療器材產業,303686,2767807
達宣智慧股份有限公司,93722690,高新明,臺北市南港區園區街3之2號10樓之2,02-2655-8889,醫療器材產業,311739,2772221
捷立康生物科技股份有限公司,91046700,曾昱嘉,臺北市內湖區瑞光路335號5樓,02-2658-8099,醫療器材產業,308012,2774271
亨泰光學股份有限公司,04342697,吳泰雄,臺北市士林區前港里承德路４段１５０號６樓之１、１５２號６樓之１,02-2880-1778,醫療器材產業,302768,2775310
滙特生物科技股份有限公司,28515134,江滄炫,臺北市內湖區陽光街321巷18號3樓,02-8751-8701,醫療器材產業,308386,2773940
卡洛生物醫藥股份有限公司,90588895,羅浚晅,臺北市南港區研究院路一段130巷99號3樓,02-2789-1188,製藥產業,311800,2771350
樂斯科生物科技股份有限公司,12862410,陳振忠,臺北市南港區重陽路316號2樓,02-2651-8669,應用生技,311112,2772314
欣安健康事業股份有限公司,50876688,李沛霖,臺北市內湖區行愛路88號5樓,02-6608-1999,應用生技,308611,2772853
慧智基因股份有限公司,53710986,蘇怡寧,臺北市中正區重慶南路1段66之1號4樓之2,02-2382-6615,應用生技,301774,2770706
京華堂實業股份有限公司,84478111,唐上文,臺北市內湖區瑞光路258希52號1樓,02-2658-1622,應用生技,307986,2774159
保瑞聯邦股份有限公司,52718898,盛保熙,臺北市內湖區瑞光路26巷36弄2號5樓,02-2790-8233,製藥產業,308737,2773545
欣美生醫股份有限公司,24467441,李沛霖,臺北市內湖區行愛路88號3樓,02-6608-1999,醫療器材產業,308611,2772853
輔信生醫股份有限公司,42991550,余麗娜,臺北市內湖區瑞光路76巷30號2樓,02-8792-6168,醫療器材產業,308569,2773730
新醫科技股份有限公司,13112160,都暎昊,臺北市大安區復興南路2段285號10樓,02-2892-2275,醫療器材產業,304865,2768687
瑞光生醫科技股份有限公司,28171927,陳金德,臺北市內湖區內湖路一段308號8樓,02-8752-6166,醫療器材產業,307400,2774918
穩茂生物醫藥科技股份有限公司,82948783,陳進財,臺北市內湖區瑞光路616號13樓,02-2799-8550,應用生技,307048,2774806
全瑩生技股份有限公司,52218090,張瑞仁,臺北市南港區忠孝東路7段508號17樓之10,02-2651-1893,應用生技,311506,2771689
霈方國際股份有限公司,80281973,呂慶盛,臺北市大安區忠孝東路4段310號6樓,02-2775-5566,應用生技,306213,2770450
醫影股份有限公司,86700973,謝穗徽,臺北市信義區忠孝東路5段510號19樓之2,02-2727-9535,醫療器材產業,308407,2770460
細胞動力科技股份有限公司,94105061,秘心吾,臺北市內湖區內湖路一段250號6樓,02-2659-0007,醫療器材產業,307169,2774976
源榮生物科技股份有限公司,25140350,江滄炫,臺北市內湖區陽光街321巷18號3樓,02-8751-8701,應用生技,308386,2773940
禾麗陽生技股份有限公司,93497259,唐錦榮,臺北市內湖區內湖路1段88號4樓,02-8751-0608,醫療器材產業,306781,2775132
瑞寶生醫股份有限公司,43807841,陳瑞聰,臺北市內湖區瑞光路581之1號,02-2783-1262,應用生技,307282,2774738
英屬開曼群島商全穩生技農業科技股份有限公司臺灣分公司,51166279,陳進財,臺北市內湖區瑞光路606號13樓,02-2799-3333,應用生技,307083,2774791
美思科技股份有限公司,53564132,葉麗貞,臺北市南港區園區街3號9樓之1,02-2655-8672,醫療器材產業,311745,2772394
善笙生物科技股份有限公司,16769914,許澄清,臺北市南港區萬福里玉成街140巷16號1樓,03-396-3466,應用生技,308784,2770795
台灣第一三共股份有限公司,44884303,長尾公則,臺北市中山區松江里松江路223號十三樓,02-8772-2250,製藥產業,303816,2772368
諾為泰生物科技股份有限公司,97325784,John Russell Moller,臺北市南港區園區街3號11樓,02-5558-0000,應用生技,311745,2772394
泰緯生命科技股份有限公司,25104214,沈慶京,臺北市松山區新聚里東興路１２號2樓,02-2748-6200,製藥產業,307034,2771409
軒郁國際股份有限公司,24347235,胡蕙郁,臺北市松山區復興北路311號6、7樓,02-8712-1319,應用生技,304927,2772405
殷漢生技股份有限公司,52894640,胡宇方,臺北市內湖區行善路124號3樓,02-2795-5390,製藥產業,308240,2772346
中化裕民健康事業股份有限公司,70761994,王謝怡貞,臺北市中正區襄陽路23號8樓,02-2312-4200,製藥產業,301992,2770694
好來化工股份有限公司,01515651,古華光,臺北市松山區敦化南路1段2號9樓,02-8773-8488 02-6603-8998,應用生技,305342,2771194
尚寧生物科技股份有限公司,82809044,林興瑞,臺北市內湖區新湖二路180號3樓,02-8773-8488,製藥產業,308548,2772918
艾萬霖生技股份有限公司,83414673,林奏延,臺北市南港區忠孝東路7段508號14樓之3,02-7730-2515,製藥產業,311506,2771689
日祥生命科學股份有限公司,84770621,馬南榮,臺北市中山區南京東路2段69號8樓,02-2696-3518,應用生技,303549,2771670
懷德生技化學股份有限公司,12024528,洪秀美,臺北市中山區南京東路3段91號10樓,02-2507-5522,應用生技,304381,2771663
友合生化科技股份有限公司,16592888,林玉秀,臺北市內湖區瑞光路208號6樓,02-8751-2808,製藥產業,308143,2774226
佳乳食品股份有限公司,16841401,曹德風,臺北市內湖區瑞光路610號10樓,02-2709-2323,應用生技,307066,2774798
東源國際醫藥股份有限公司,42859497,吳志遠,臺北市南港區園區街3之2號4樓,02-2655-7918,製藥產業,311739,2772221
台灣羅氏醫療診斷設備股份有限公司,23932173,吳慶城-GohKhengSeah，Richard,臺北市中山區民權東路3段2號10樓,02-2715-3111,醫療器材產業,304255,2772769
西門子醫療設備股份有限公司,24843993,邱禎祥,臺北市南港區園區街3號2樓之2,02-26528888,醫療器材產業,311745,2772394
益福生醫股份有限公司,24945099,鄭勝德,臺北市南港區忠孝東路七段508號8樓,02-2511-1122,應用生技,311506,2771689
美商貝克曼庫爾特有限公司台灣分公司,09435364,隋邦魯,臺北市大安區敦化南路2段216號8樓,02-2730-2500,醫療器材產業,305315,2768348
九和生物科技股份有限公司,80653684,李沛霖,臺北市內湖區行愛路88號6樓,02-6608-1999,醫療器材產業,308611,2772853
東霖儀器股份有限公司,13089230,李沛霖,臺北市內湖區行愛路88號6樓,02-6608-1999,醫療器材產業,308611,2772853
新和生物科技股份有限公司,80286652,李沛霖,臺北市內湖區行愛路88號,02-6608-1999,應用生技,308611,2772853
寶血純化科技股份有限公司,12657972,黃毓傑,臺北市大安區復興南路2段148巷7之1號2樓,02-8768-1220,製藥產業,304758,2769028
超基因生技股份有限公司,12852172,謝孟吉,臺北市中山區樂群三路132號15樓,02-2388-8978,應用生技,306007,2775011
健康力股份有限公司,24571943,黃千芬,臺北市大安區復興南路2段237號13樓,02-7733-3888,應用生技,304871,2768751
亞東創新發展股份有限公司,23012252,王健誠,臺北市大安區敦化南路2段207號34樓,02-7727-2277,醫療器材產業,305431,2768771
行動基因生技股份有限公司,54650959,陳華鍵,臺北市內湖區新湖二路345號3樓,02-2799-5678,應用生技,308920,2773080
福又達生物科技股份有限公司,12698116,陳旭文,臺北市內湖區內湖路1段120巷16號4樓,02-2657-7773,醫療器材產業,306758,2775052
瑞康生醫科技股份有限公司,24310785,陳柏瑋,臺北市松山區南京東路4段53巷7弄6號,02-2790-9846,應用生技,305573,2771753
博研醫藥開發股份有限公司,53063165,吳逸之,臺北市信義區基隆路1段333號12樓,02-1711-1327,製藥產業,306623,2769689
碩德生技股份有限公司,55829469,黃冠榕,臺北市內湖區內湖路1段388號7樓之2,02-2790-6566,應用生技,307746,2774850
太豪生醫股份有限公司,54367428,蔡適應,臺北市大安區和平東路2段100號6樓之1,02-2736-5679,醫療器材產業,304652,2768648
大江基因醫學股份有限公司,53357669,林詠翔,臺北市內湖區港墘路185號10樓之1,0800-656-656,應用生技,307996,2774311
博蔚醫藥生物科技股份有限公司,85127916,閻雲,臺北市信義區松智路1號24樓,02-2732-2782,製藥產業,307123,2770192
萊特先進生醫股份有限公司,28091804,江滄炫,臺北市內湖區陽光街321巷18號3樓&#160;&#160;,02-8751-8701,應用生技,308386,2773940
御華生醫股份有限公司,94032027,黃中洋,臺北市南港區園區街3號17樓,02-2655-9109,製藥產業,311745,2772394
正峰化學製藥股份有限公司,33059683,張立秋,臺北市南港區園區街3號16樓,02-2655-8218；03-386-8383,製藥產業,311745,2772394
大愛感恩科技股份有限公司,24311659,黃華德,臺北市內湖區洲子街69號5樓,02-2657-5245,應用生技,307773,2774713
台灣安麗莎醫療器材科技股份有限公司,54365575,連炎,臺北市南港區園區街3之1號6樓之2,02-2655-7297,醫療器材產業,311731,2772315
東生華製藥股份有限公司,53093421,林全,臺北市南港區園區街3之1號3樓之1,02-2655-8525,製藥產業,311731,2772315
惠揚生技股份有限公司,25145405,楊淑怡,臺北市內湖區基湖路35巷49號3樓之1,02-2659-9592,應用生技,307146,2774694
顥晟生醫股份有限公司,90623289,林榮錦,臺北市南港區園區街3之2號4樓,02-2655-7918,應用生技,311739,2772221
訊聯基因數位股份有限公司,24268870,張漢東,臺北市內湖區新湖一路36巷28號6樓,02-2795-1777,醫療器材產業,307958,2772435
華宇藥品股份有限公司,70680851,陳正,臺北市中山區中山北路2段115巷43號8樓,02-2658-2577,醫療器材產業,302931,2772632
麥迪森醫藥股份有限公司,12738546,柯長崎,臺北市中正區林森南路10號5樓,03-371-0001 02-8744-7666,製藥產業,302735,2770614
優良生技醫藥股份有限公司,91062102,林智暉,臺北市內湖區內湖路1段396號11樓之1,02-8751-3977,製藥產業,307823,2774820
科進製藥科技股份有限公司,97301657,陳澤民,臺北市南港區園區街3號14樓之7,03-657-9962,製藥產業,311745,2772394
統一藥品股份有限公司,84449046,高秀玲,臺北市松山區東興路8號7樓,02-2577-8899,應用生技,307027,2771468
創益生技股份有限公司,53226196,林全,臺北市南港區園區街3之1號4樓,02-2655-7339,製藥產業,311731,2772315
凌越生醫股份有限公司,27558248,陳作範,臺北市內湖區新明路143巷8號5樓,02-2796-2656；02-2876-2691,醫療器材產業,309504,2772427
穩達生技股份有限公司,27721662,范清亮,臺北市南港區南港路3段80巷38號3樓,02-2788-7588,應用生技,309574,2772054
達爾膚生醫科技股份有限公司,80167706,吳奕叡,臺北市中山區南京東路3段70號13樓,02-2517-9888,應用生技,304373,2771618
泰坦分子生醫股份有限公司,83004262,蔡經緯,臺北市大安區忠孝東路4段71之5號6樓,03-667-0105,醫療器材產業,305170,2770544
瑞河再生醫學生技股份有限公司,90268957,陳瑞聰,臺北市內湖區瑞光路478巷18弄30號4樓之一室,02-8797--8588,應用生技,307278,2774609
普瑞默生物科技股份有限公司,90712775,葉肇元,臺北市松山區敦化北路167號14樓,02-2537-1160,製藥產業,305436,2771950
愛士普台灣股份有限公司,82911358,呂奕穎,臺北市中正區忠孝西路一段80號1906室,02-2659-9430,醫療器材產業,301840,2771064
合富生化科技股份有限公司,16138023,王瓊芝,臺北市大安區敦化南路2段76號23樓,02-2325-0097,醫療器材產業,305342,2769113
商之器科技股份有限公司,22743619,盤龍,臺北市內湖區內湖路1段516號5樓,02-8751-4567,醫療器材產業,307899,2774799
台灣費森尤斯醫藥股份有限公司,16437417,陳泰任 -CHEN Tai Jen,臺北市中山區南京東路3段130號5樓,02-7745-7888,醫療器材產業,304555,2771616
華上生技醫藥股份有限公司,54179426,陳嘉南,臺北市南港區忠孝東路7段508號16樓之5,02-2785-1399,製藥產業,311506,2771689
宇康生科股份有限公司,24750657,何冠旻,臺北市士林區中山北路5段520號7樓,02-2888-1107,醫療器材產業,303317,2776206
博訊生物科技股份有限公司,54291981,秘心吾,臺北市內湖區內湖路1段250號6樓,02-7733-5720,應用生技,307169,2774976
正揚生醫科技股份有限公司,27544391,曾育弘,臺北市南港區研究院路1段130巷99號3樓,02-2788-6258,製藥產業,311800,2771350
安盟生技股份有限公司,24931193,馬永霖,臺北市內湖區港墘里瑞光路188巷43號2樓,02-8752-3198,醫療器材產業,308166,2774101
金醫生物科技股份有限公司,54659754,游汝謙,臺北市南港區園區街3號17樓,02-2365-6551,應用生技,311745,2772394
威健股份有限公司,80158777,陳貴弘,臺北市南港區園區街3號12樓,02-6616-0001,應用生技,311745,2772394
耀德生物技術股份有限公司,53437018,王天帝,臺北市南港區園區街3號17樓,02-2655-7227；02-2655-7555,製藥產業,311745,2772394
金銥生命科學股份有限公司,27522328,游汝謙,臺北市南港區三重路19―13號5樓,02-2655-7616,應用生技,311836,2772182
遠東生物科技股份有限公司,23625631,闕壯群,臺北市南港區園區街3號13樓,02-2655-8198 02-2655-8218,應用生技,311745,2772394
美德向邦股份有限公司,70541649,陳素甜,臺北市信義區松高路9號11喽,02-2739-2222,醫療器材產業,307021,2770273
勝昌製藥廠股份有限公司,18930007,陳伯宸,臺北市中正區和平西路二段56號,02-2301-1268,製藥產業,301694,2769063
聯合利華股份有限公司,23526604,何盈德,臺北市大安區敦化南路2段39號15樓,02-8744-7666；02-2788-0177,應用生技,305421,2769397
金車生物科技股份有限公司,23128795,李玉鼎,臺北市中正區羅斯福路三段230號,02-2365-6551,應用生技,303510,2767928
愛立基生醫股份有限公司,90190353,沈協聰,臺北市南港區忠孝東路7段508號15樓之5,02-2783-0177,醫療器材產業,311506,2771689
生寶生物科技股份有限公司,12863305,章修綱,臺北市大安區仁愛路四段107號7樓,02-2741-5468,應用生技,305475,2770136
昱厚生技股份有限公司,28403068,黃一旭,臺北市內湖區內湖路一段308號6樓,02-2797-0073,製藥產業,307400,2774918
輝藥生技股份有限公司,51515403,郭泰濂,臺北市中山區建國北路2段33號6樓之1,03-475-0089,製藥產業,304204,2771982
健喬信元醫藥生技股份有限公司台北分公司,43199950,林智暉,臺北市內湖區內湖路一段396號11樓,02-2657-7199,製藥產業,307823,2774820
免疫功坊股份有限公司,24760917,張子文,臺北市南港區研究院路1段130巷99號C棟,02-2651-2268,製藥產業,311800,2771350
醫世紀健康管理顧問股份有限公司,80303580,李沛霖,臺北市內湖區行愛路88號6樓,02-6608-1999,醫療器材產業,308611,2772853
長庚生物科技股份有限公司,16753096,楊定一,臺北市松山區敦化北路201之30號8樓,02-2712-2211,應用生技,305461,2772141
山酮新藥開發股份有限公司,24558245,陳谷政,臺北市南港區園區街3號17樓之1,02-2655-7790；02-2697-6633,製藥產業,311745,2772394
百瑞精鼎國際股份有限公司,28674499,克羅利,臺北市信義區基隆路1段200號22樓,02-2727-1100,應用生技,306867,2770357
彥臣生技藥品股份有限公司,12676817,黃中洋,臺北市松山區八德路3段36號6樓,02-2570-6300,製藥產業,305718,2771217
亞諾法生技股份有限公司,12974421,Wilber Huang,臺北市內湖區洲子街108號9樓,02-8751-1888,醫療器材產業,307481,2774802
嘉正生物科技股份有限公司,91007214,王克舜,臺北市南港區研究院路1段130巷99號3樓,02-2653-0168,製藥產業,311800,2771350
麗彤生醫科技股份有限公司,53350764,張麗綺,臺北市信義區松智路1號5樓,02-2791-1826,應用生技,307123,2770192
欣耀生醫股份有限公司,54727599,朱凱民,臺北市南港區研究院路一段130巷99號C棟,02-2788-5365 02-2898-6091,製藥產業,311800,2771350
科懋生物科技股份有限公司,23024594,陳澤民,臺北市南港區忠孝東路7段508號5樓,02-2655-7568 02-2655-7616,製藥產業,311506,2771689
世基生物醫學股份有限公司,27953682,詹富蕙,臺北市內湖區舊宗路二段171巷17號4樓,02-2798-5885,應用生技,308076,2773802
華霖股份有限公司,70380257,李沛霖,臺北市內湖區行愛路88號6樓,02-6608-1999,醫療器材產業,308611,2772853
北極星藥業股份有限公司,80173496,徐展平,臺北市內湖區瑞光路298號7樓,02-2656-5757,應用生技,307966,2774362
列特博生技股份有限公司,82901149,戴子煌,臺北市士林區承德路4段150號3樓之1,02-2889-1136,醫療器材產業,302768,2775310
多模式股份有限公司,28006976,陳怡君,臺北市內湖區行愛路88號6樓,02-6608-1999,應用生技,308611,2772853
新源生物科技股份有限公司,54681545,吳怡君,臺北市松山區八德路四段760號9樓之3,02-8787-1232,製藥產業,308437,2771457
安邦生技股份有限公司,82833776,徐祖安,臺北市南港區研究院路1段130巷99號C棟5樓,02-8797-8616,製藥產業,311800,2771350
優億股份有限公司,90379709,梁碧惠,臺北市中正區忠孝東路2段130號11樓之8,0932-187-796,製藥產業,303662,2770579
友生泰生醫股份有限公司,85017827,潘文明,臺北市南港區園區街3號17樓,02-2694-6069,製藥產業,311745,2772394
佳揚生物科技股份有限公司,54188430,吳秀蘭,臺北市南港區研究院路1段130巷99號C棟421室,02-8226-8451,製藥產業,311800,2771350
安宏生醫股份有限公司,83523270,林助強,臺北市南港區研究院路1段130巷99號5樓,02-2786-2568,製藥產業,311800,2771350
智新生技股份有限公司,94072060,黃先龍,臺北市南港區忠孝東路7段508號14樓之6,02-2655-8825,製藥產業,311506,2771689
訊聯細胞智藥股份有限公司,90272474,蔡政憲,臺北市內湖區新湖一路36巷28號1樓,02-2795-1777,應用生技,307958,2772435
仲恩生醫科技股份有限公司,28833362,王玲美,臺北市內湖區瑞光路607號4樓,02-2627-9216,製藥產業,307180,2774779
研生生醫股份有限公司,83769127,邱瑞祥,臺北市南港區研究院路1段130巷99號C棟7樓,02-2789-1212,製藥產業,311800,2771350
沛爾生技醫藥股份有限公司,59229683,林成龍,臺北市內湖區新湖二路87號4樓,02-8791-1789,應用生技,308089,2772617
雲象科技股份有限公司,83470105,葉肇元,臺北市南港區忠孝東路7段508號15樓、15樓之1,02-2785-6892,醫療器材產業,311506,2771689
健裕生技股份有限公司,24561305,柯彥輝,臺北市中山區林森北路50號4樓之5,03-573-4836,製藥產業,302893,2771235
麗寶新藥生物科技股份有限公司,66459999,王鼎然,臺北市大同區南京西路36號9樓之1,02-2559-1799,製藥產業,302424,2771713
向榮生醫科技股份有限公司,50753953,蔡意文,臺北市內湖區民權東路六段13之20號5樓,02-2792-2699,應用生技,308507,2773371
安克生醫股份有限公司,24316471,李伊俐,臺北市松山區復興北路167號5樓,02-2713-6227,醫療器材產業,304919,2771858
寶齡富錦生技股份有限公司,04742997,張立秋,臺北市南港區園區街3號16樓,02-2655-8218,製藥產業,311745,2772394
佰研生化科技股份有限公司,16313696,陳樂維,臺北市南港區園區街3號10樓之6,02-2655-7166,製藥產業,311745,2772394
奧孟亞股份有限公司,66262721,李淑惠,臺北市南港區園區街3之2號4樓,02-2655-8988,製藥產業,311739,2772221
瑞格國際生技股份有限公司,50779876,小須田建三,臺北市大同區南京西路41號8樓之8,02-2555-3377,應用生技,302443,2771740
思捷優達股份有限公司,89116715,林東和,臺北市南港區園區街3號17樓,02-2655-7266,製藥產業,311745,2772394
上準微流體股份有限公司,53523175,張鴻仁,臺北市內湖區行愛路77巷69號5樓,02-2792-3976,醫療器材產業,308845,2772967
國邑藥品科技股份有限公司,70516563,王建治,臺北市南港區三重路66號3樓之3,02-2782-7561,應用生技,311990,2772260
統一生活事業股份有限公司,89589328,高秀玲,臺北市松山區東興路8號7樓,02-2799-0560 02-2789-1060,應用生技,307027,2771468
瑞亞生醫股份有限公司,53567692,李典穎,臺北市內湖區新湖一路87號7樓,02-8792-2699,醫療器材產業,308092,2772377
腦得生生物科技股份有限公司,70393990,雷清雯,臺北市信義區基隆路二段145號9樓,02-2738-9997；02-2789-1060,製藥產業,306085,2768880
優盛醫學科技股份有限公司,23123644,劉志平,臺北市內湖區港墘路189號12樓,02-2659-7888,醫療器材產業,307985,2774296
杏業生技股份有限公司,42643429,李沛霖,臺北市內湖區行愛路88號6樓,02-6608-1999,應用生技,308611,2772853
富堡工業股份有限公司,30851864,林煥強,臺北市中正區忠孝東路2段130號2樓之3,02-2356-0429,應用生技,303662,2770579
信力生技股份有限公司,24722581,鄭   翔,臺北市內湖區湖元里行愛路７７巷１１號３樓、１３號３樓,02-2790-6566,應用生技,308686,2772847
保豐生技股份有限公司,90272024,盛保熙,臺北市內湖區瑞光路26巷36弄2號4樓,02-2790-1555,應用生技,308737,2773545
友華生技醫藥股份有限公司,12397982,蔡正弘,臺北市北投區承德路六段128號13樓,02-2755-4881,製藥產業,301686,2777386
和鑫生技開發股份有限公司,27734738,蘇上泳,臺北市內湖區新湖一路91號7樓,02-2796-8909,醫療器材產業,308112,2772383
安盛生科股份有限公司,53927676,陳彥宇,臺北市內湖區基湖路35巷2弄9號6樓,02-8751-1335,醫療器材產業,307045,2774680
康聯生醫科技股份有限公司,24291669,黃英士,臺北市中正區忠孝東路1段54號5樓,02-5569-6199,應用生技,302777,2770827
瑩碩生技醫藥股份有限公司,80207616,王建治,臺北市中山區南京東路二段206號8樓之3,02-2504-2121;02-2394-7581,應用生技,304066,2771624
博錸生技股份有限公司,24489199,曹汀,臺北市內湖區陽光街351號6樓之1,02-2627-5878,醫療器材產業,308252,2773991
安特羅生物科技股份有限公司,54665910,留忠正,臺北市大安區敦化南路二段76號18樓之2,02-2700-1216,醫療器材產業,305342,2769113
邦特生物科技股份有限公司,86306206,李明忠,臺北市中山區長安東路一段23號5樓之6,02-2571-0269,醫療器材產業,302849,2771357
立弘生化科技股份有限公司,12971536,楊正利,臺北市大安區敦化南路二段71號13樓,02-2703-0209,應用生技,305418,2769282
福盈科技化學股份有限公司,12207266,莊詩蘋,臺北市松山區南京東路4段126號12樓,02-2578-8999,應用生技,306036,2771586
景德製藥股份有限公司,03436008,盛保熙,臺北市內湖區港墘路221巷41號4樓,03-3215512,製藥產業,308013,2774021
共信醫藥科技股份有限公司,24751115,吳崇漢,臺北市中山區建國北路一段80號3樓,02-2503-5282,製藥產業,304111,2771372
臺灣生物醫藥製造股份有限公司,94103943,楊育民,臺北市南港區忠孝東路七段508號3樓之6,02-2653-9898,製藥產業,311506,2771689
漢霖生技股份有限公司,53183491,劉世高,臺北市大同區甘谷街26號5樓,02-2792-7927,應用生技,301546,2771720
因華生技製藥股份有限公司,27964549,林智暉,臺北市內湖區瑞光路478巷20號9樓、22號9樓,02-8797-7607,製藥產業,307393,2774560
仁新醫藥股份有限公司,43814765,林雨新,臺北市信義區忠孝東路五段68號36樓,02-8780-5008,製藥產業,307184,2770399
浩宇生醫股份有限公司,24731239,陳正,臺北市南港區忠孝東路七段508號16樓,02-2586-0560,醫療器材產業,311506,2771689
華安醫學股份有限公司,53726093,陳翰民,臺北市內湖區瑞光路583巷21號6樓之3,02-2627-0835,製藥產業,307280,2774824
泰合生技藥品股份有限公司,25144594,李世仁,臺北市內湖區瑞光路550號3樓,02-2659-8515,製藥產業,307209,2774726
明基三豐醫療器材股份有限公司,23285106,陳其宏,臺北市內湖區洲子街46號7樓,02-8797-5533,醫療器材產業,307824,2774630
上亞科技股份有限公司,84659035,黃謙騤,臺北市松山區南京東路5段188號9樓之12,02-2713-2100,製藥產業,306882,2771568
原創生醫股份有限公司,29184891,林柏裕,臺北市內湖區堤頂大道二段415號6樓,02-2658-8599 02-7728-8922,製藥產業,306780,2774838
瑞安大藥廠股份有限公司,23045916,林智暉,臺北市內湖區內湖路1段392號11樓之1,02-2748-3279,製藥產業,307791,2774833
雅祥生技醫藥股份有限公司,27570215,張鴻仁,臺北市松山區民生東路三段135號6樓,02-2718-5128 02-2798-5885,製藥產業,305333,2772310
友杏生技醫藥股份有限公司,53937920,蔡孟霖,臺北市北投區承德路6段120號14樓,02-2755-4881,製藥產業,301690,2777351
百略醫學科技股份有限公司,04822871,方頌和,臺北市內湖區瑞光路431號9樓,02-87971288,醫療器材產業,307624,2774566
益得生物科技股份有限公司,53104031,林智暉,臺北市內湖區瑞光路358巷36號3樓,02-7721-8877,製藥產業,307693,2774373
智擎生技製藥股份有限公司,80264691,許璋瑤,臺北市中山區民生東路三段10號11樓,02-2515-8228,製藥產業,304324,2772267
台塑生醫科技股份有限公司,80539426,王瑞瑜,臺北市內湖區石潭里南京東路六段380號9樓之1,02-2712-2211,應用生技,309231,2772474
漢達生技醫藥股份有限公司,24546157,劉芳宇,臺北市內湖區基湖路10巷57號5樓之1,02-8751-8717,製藥產業,306869,2775017
台睿生物科技股份有限公司,53529570,林羣,臺北市南港區三重路66號6樓之1,02-2653-5007,製藥產業,311990,2772260
瑞寶基因股份有限公司,28861633,江輝邦,臺北市內湖區民權東路六段160號13樓,02-2793-2899,應用生技,309711,2773515
寶泰生醫股份有限公司,50997769,英屬安奎拉商夏鼎投資有限公司,臺北市信義區松智路1號3樓,02-2727-6289,製藥產業,307123,2770192
磐石醫藥生技股份有限公司,90255046,李源德,臺北市南港區研究院路一段130巷99號A棟3樓,02-2788-5808,製藥產業,311800,2771350
台灣微脂體股份有限公司,16176150,洪基隆,臺北市南港區園區街3號11樓之1,02-2655-7377,製藥產業,311745,2772394
禾伸堂生技股份有限公司,12681706,唐錦榮,臺北市內湖區內湖路一段88號4樓,02-8797-5966,應用生技,306781,2775132
全福生物科技股份有限公司,54346233,林羣,臺北市內湖區瑞光路358巷30弄1號8樓,02-2659-8586,製藥產業,307746,2774394
安基生技新藥股份有限公司,24777699,黃文英,臺北市南港區忠孝東路七段508號16樓之6,02-2365-5677,製藥產業,311506,2771689
台新藥股份有限公司,53273211,程正禹,臺北市松山區復興北路57號8樓之6,02-2755-7659,製藥產業,304912,2771479
圓祥生技股份有限公司,54326052,陳志全,臺北市南港區忠孝東路七段508號11樓之2,02-2653-2886,製藥產業,311506,2771689
懷特生技新藥股份有限公司,16766281,李伊俐,臺北市松山區復興北路167號5樓之1,02-2545-3697,應用生技,304919,2771858
中生醫藥股份有限公司,54360142,JedLatkin,臺北市信義區松仁路36號11樓,02-2758-6003,製藥產業,307299,2770194
大學光學科技股份有限公司,84926791,歐淑芳,臺北市南港區三重里園區街3之1號4樓,02-2655-8000,醫療器材產業,311731,2772315
保盛藥業股份有限公司,16284926,盛保熙,臺北市內湖區港墘路221巷41號4F,02-2657-3350,製藥產業,308013,2774021
訊聯生物科技股份有限公司,70836411,蔡政憲,臺北市內湖區新湖一路36巷28號1樓,02-2795-1777,應用生技,307958,2772435
保瑞藥業股份有限公司,28684877,盛保熙,臺北市內湖區瑞光路26巷36弄2號6樓,02-2790-1555,製藥產業,308737,2773545
漢康生技股份有限公司,83156464,劉世高,臺北市內湖區堤頂大道1段1號5樓之2,02-2792-1366,製藥產業,307948,2772145
台灣尖端先進生技醫藥股份有限公司,70774029,蘇文龍,臺北市大安區復興南路二段363號5樓,02-2692-6222,應用生技,304857,2768409
瀚陽生物科技股份有限公司,24467478,林舜孝,臺北市內湖區瑞湖街88號5樓,02-2792-7858,製藥產業,308111,2773912
益安生醫股份有限公司,54150856,張有德,臺北市士林區後港街116號7樓,02-2881-6686,醫療器材產業,302606,2775442
台灣永光化學工業股份有限公司,15458455,陳建信,臺北市大安區義安里敦化南路二段77號5~6樓,02-2706-6006,應用生技,305435,2769234
賽諾菲股份有限公司,97168356,林嘉莉,臺北市信義區松仁路3號7樓,02-2176-5588,製藥產業,307399,2770273
安成生物科技股份有限公司,25147136,吳怡君,臺北市內湖區港墘路221巷41號8樓,02-2657-1788,製藥產業,308013,2774021
博晟生醫股份有限公司,42404010,陳德禮,臺北市南港區園區街3-2號4樓,02-2655-8366,醫療器材產業,311739,2772221
醣基生醫股份有限公司,54170142,陳肇隆,臺北市南港區研究院路一段130巷99號C棟7樓,02-2655-8059,製藥產業,311800,2771350
生控基因疫苗股份有限公司,53778660,章修綱,臺北市大安區敦化南路一段313號6樓,02-2731-0106,製藥產業,305425,2769738
承業生醫投資控股股份有限公司,24483414,李沛霖,臺北市內湖區行愛路88號,02-6608-1999,醫療器材產業,308611,2772853
基亞生物科技股份有限公司,70760897,張世忠,臺北市南港區園區街3號14樓,02-7736-1234,製藥產業,311745,2772394
欣大健康投資控股股份有限公司,54154754,李沛霖,臺北市內湖區新湖一路85號7樓,02-6608-1999,醫療器材產業,308082,2772375
育世博生物科技股份有限公司,66616512,蕭世嘉,臺北市南港區忠孝東路七段508號12樓,02-2697-6100,製藥產業,311506,2771689
順天醫藥生技股份有限公司,12663974,王素琦,臺北市南港區園區街3-2號4樓,02-2655-7918,應用生技,311739,2772221
智合精準醫學科技股份有限公司,24939569,黃崇仁,臺北市中山區南京東路三段70號10樓,02-2517-0055,製藥產業,304373,2771618
逸達生物科技股份有限公司,54165507,簡銘達,臺北市南港區三重路19-3號9樓之2,02-7750-0188,製藥產業,311836,2772182
宣捷細胞生物製藥股份有限公司-更名為瑞卬細胞生物製藥股份有限公司,53394221,宣昶有,臺北市內湖區內湖路1段68號7樓,02-26275175,製藥產業,306734,2775157
美吾華股份有限公司,14089976,李成家,臺北市松山區復興北路167號5樓,02-2713-6621,應用生技,304919,2771858
台灣第一新藥股份有限公司,27531430,林詠翔,臺北市內湖區港墘路189號8樓,02-8797-7811,應用生技,307985,2774296
大江生醫股份有限公司,12292039,林詠翔,臺北市內湖區港墘路187號8樓,02-8797-7811,應用生技,307991,2774304
聯亞生技開發股份有限公司,84299742,胡世一,臺北市信義區信義路五段7號52樓E室,02-8101-0100,應用生技,306995,2769598
友霖生技醫藥股份有限公司,28924399,蔡正弘,臺北市北投區承德路六段128號12樓,02-2325-7621；02-2796-490,製藥產業,301686,2777386
永信藥品工業股份有限公司-臺北研究中心,56065601,李其澧,臺北市南港區園區街3號F棟10樓之8,02-2785-8975,製藥產業,311745,2772394
泰福生技股份有限公司-更名:台灣泰福生技股份有限公司,24336954,陳林正,臺北市大安區敦化南路1段192號13樓之6,02-2655-8841,應用生技,305347,2770602
太景生物科技股份有限公司,12858871,黃國龍,臺北市內湖區新明路138號7樓,02-8177-7020,應用生技,309192,2772326
台灣卜蜂企業股份有限公司,36514783,鄭武樾,臺北市中山區朱園里松江路87號17樓,02-2507-7071 02-2757-7168,應用生技,303800,2771471
中裕新藥股份有限公司,28707338,陳明村,臺北市內湖區瑞光路607號3樓,02-2658-0058,製藥產業,307180,2774779
南僑投資控股股份有限公司,07305506,陳飛龍,臺北市大同區延平北路四段100號,02-6619-3000,應用生技,301527,2773800
金車股份有限公司,05007903,李玉鼎,臺北市中正區羅斯福路3段230號,02-2365-6551,應用生技,303510,2767928
久和醫療儀器股份有限公司,70538519,李沛霖,臺北市內湖區行愛路88號5樓,02-6608-1999,醫療器材產業,308611,2772853
中國化學製藥股份有限公司,03088802,王謝怡貞,臺北市中正區襄陽路2 3號,02-2312-4200,製藥產業,301992,2770694
台灣浩鼎生技股份有限公司,13110677,梁賡義,臺北市南港區忠孝東路七段508號6樓,02-2655-8799,製藥產業,311506,2771689
台灣東洋藥品工業股份有限公司,11821341,林全,臺北市南港區園區街3-1號3樓,02-2652-5999,製藥產業,311731,2772315
高端疫苗生物製劑股份有限公司,53943057,張銘政,臺北市南港區忠孝東路七段 508 號 4 樓,02-2651-5088,製藥產業,311506,2771689
萬洲化學股份有限公司,03244705,林佑昇,臺北市內湖區行善路397號6樓,02-8170-6199,應用生技,309102,2773061
中化控股股份有限公司,00227087,王謝怡貞,臺北市中正區襄陽路23號2樓,02-2312-4200,製藥產業,301992,2770694
合一生技股份有限公司,29108260,郭憲壽,臺北市中正區忠孝西路一段66號35樓,02-2703-1098,製藥產業,301996,2770997
藥華醫藥股份有限公司,70557655,詹青柳,臺北市南港區園區街3號13樓,02-2655-7688,製藥產業,311745,2772394
佳格食品股份有限公司,22102473,曹德風,臺北市內湖區瑞光路610號10樓,02-27092323,應用生技,307066,2774798
中天生物科技股份有限公司,70555349,陳振文,臺北市南港區三重里園區街3號14樓之1,02-2655-8558,製藥產業,311745,2772394
晟德大藥廠股份有限公司,18606304,王素琦,臺北市南港區園區街3之2號7樓,02-2655-8680,製藥產業,311739,2772221
美時化學製藥股份有限公司,11456110,Vilhelm Robert Wessman,臺北市信義區松仁路277號17樓,02-2700-5908,製藥產業,307509,2768589
臺灣菸酒股份有限公司,03787101,丁彥哲,臺北市中正區南昌路1段4號,02-2321-4567,應用生技,301964,2769653
