NAME,COMNUM,ADDR,OWNER,ADDR_X,ADDR_Y
湛捷綠能股份有限公司,北市水證甲字第003236號,南京西路62號7樓,陳彥男,302370,2771721
九泰機電工程有限公司,北市水證甲字第003195號,內湖路一段335號2樓,褚健舜,307357,2775014
廣泉工程有限公司,北市水證甲字第002938號,環河南路3段227號1樓,黃大科,299707.143,2768195.797
億峯水電工程有限公司,北市水證甲字第001123號,永吉路180巷55號1樓,許文護,307659,2770834
定信工程顧問有限公司,北市水證甲字第000858號,錦州街50號9樓之19,林富雄,303080,2772545
啟盛水電有限公司,北市水證乙字第000183號,光復南路290巷48號1樓,王慎謀,306080,2770263
力揚機電工程股份有限公司,北市水證甲字第002757號,吉林路99號4樓,楊宗,303503,2772071
同達水電工程有限公司,北市水證乙字第000020號,武成街30號1樓,劉民川,299993.696,2767932.131
唯郡工程有限公司,北市水證甲字第002896號,復興北路48號3樓,陳慧娟,305528,2772349
廣躍工程有限公司,北市水證甲字第003044號,港墘路127巷5號1樓,林忠成,308142,2774526
工本動力工程有限公司,北市水證甲字第002877號,民和街28號1樓,雷洪,300389.916,2768769.402
鴻傑工程股份有限公司,北市水證甲字第003047號,吉林路97號7樓,黃文昇,303503,2772065
豪記工程有限公司,北市水證甲字第002600號,西園路2段372巷3弄21號1樓,林錫炎,299593.077,2768723.339
承龍水電工程有限公司,北市水證甲字第002416號,德昌街185巷29號1樓,陳小龍,299889.612,2768358.05
輝鉅企業有限公司,北市水證甲字第001105號,萬大路331號2樓,林金輝,300492.51,2768522.785
隆全工程有限公司,北市水證甲字第000599號,萬大路137巷17號1樓,黃肇麟,300562.219,2769094.649
佑同電業有限公司,北市水證甲字第001711號,萬大路200號6樓,鄭炎添,300489.377,2768903.456
水元工程有限公司,北市水證甲字第003050號,八德路3段212號8樓,蔡承璋,306178,2771207
捷正公寓大廈管理維護股份有限公司,北市水證甲字第002953號,三重路66號4樓,游文杰,311989.733,2772260.389
宜眾資訊股份有限公司,北市水證甲字第003056號,園區街3之2號6樓之3,林育業,311739,2772221
全駿機電工程股份有限公司,北市水證甲字第001830號,重陽路166巷6號1樓,余廣成,310648.746,2772210.937
百輝營造有限公司,北市水證甲字第003051號,杏林二路49號,林文鑑,300141,2781624
保創科技股份有限公司,北市水證甲字第003055號,經貿二路135號10樓,金孝唐,301468,2771463
謙暉實業有限公司,北市水證甲字第001929號,南港路1段136巷6弄5號1樓,周慧敏,311878.181,2772101.219
利旭工程有限公司,北市水證甲字第002671號,研究院路2段2巷54弄7號1樓,莊建緯,311849.341,2771296.029
永川工程有限公司,北市水證甲字第002621號,成功路1段32號4樓之3,裘金富,309789.02,2772061.447
亞欣實業股份有限公司,北市水證甲字第002417號,重陽路275號4樓,鄧春生,311189.068,2772046.162
泰宣企業股份有限公司,北市水證甲字第002919號,園區街3之2號7樓之1,黃福森,311739.337,2772220.871
旭宣系統科技股份有限公司,北市水證甲字第002920號,園區街3之2號6樓之3,宋秉忠,311739.337,2772220.871
帆宣系統科技股份有限公司,北市水證甲字第002636號,園區街3-2號6樓,高新明,311739.337,2772220.871
長佳機電工程股份有限公司,北市水證甲字第002989號,西康里基湖路10巷1號8樓,王才翔,311835.5,2772182.452
久仲泰營造有限公司,北市水證甲字第003060號,林森北路627號7樓之1,鄭悅在,303052,2773306
至翊企業有限公司,北市水證甲字第002531號,玉成街166巷4號,鄭榮富,308922.739,2770836.726
晉財水電工程股份有限公司,北市水證甲字第003157號,舊莊街一段64號2樓,胡哲維,312496.428,2771999.805
惠民實業股份有限公司,北市水證甲字第003155號,民生東路三段135號5樓,吳萬益,303554,2771058
阜川實業有限公司,北市水證甲字第001791號,玉成街225巷11號2樓,蘇瑞文,309110.263,2770769.653
亞力電機股份有限公司,北市水證甲字第001482號,三重路19-11號12樓,宋和業,311922.558,2772402.482
老松工程有限公司,北市水證甲字第003172號,玉成街52巷1號1樓,李作銘,308666.694,2771228.795
世健工程有限公司,北市水證甲字第002766號,玉成街140巷9之1號,陳健銘,308837.563,2770842.871
禾郅股份有限公司,北市水證甲字第002949號,忠孝東路5段1之2號11樓,鄭祺馨,306298.666,2769488.833
高逸工程股份有限公司,北市水證甲字第002228號,信義路4段375號9樓之8,高樹榮,306283.09,2769579.941
汶發企業有限公司,北市水證甲字第002937號,吳興街118巷26弄11號,嚴汶淨,306270.671,2769325.893
星達水電工程有限公司,北市水證甲字第003165號,吉林路433巷7號,陳榮欽,303568,2773307
維廣工程有限公司,北市水證甲字第002232號,基隆路2段91號12樓,簡明祥,306305.714,2769201.628
精國工程股份有限公司,北市水證甲字第001147號,福德街84巷1弄4號,陳勇志,308650.269,2770036.576
銳針機電有限公司,北市水證甲字第003158號,基隆路二段79巷1號6樓,王照玉,306365.113,2769228.613
天相水電工程有限公司,北市水證丙字第000201號,和平東路三段258號11樓,張峻福,306047,2768273
中華電信股份有限公司,北市水證甲字第002960號,信義路1段21之3號,簡志誠,302777,2769913
亞億營造股份有限公司,北市水證甲字第003210號,民權東路六段21巷31號4樓,游景美,308633,2773558
煒盛環科股份有限公司,北市水證甲字第003193號,基湖路1號5樓,張家豪,307051,2774944
麗台工程有限公司,北市水證甲字第001062號,忠孝東路5段1之3號5樓,劉漢斌,307003.059,2770491.089
盛德機電工程股份有限公司,北市水證甲字第002754號,松德路65號3樓,葉長青,308189.416,2770168.963
上人科技有限公司,北市水證甲字第003063號,辛亥路2段135號6樓,孔琦,304468,2768291
大桂環境科技股份有限公司,北市水證甲字第003069號,羅斯福路2段9號6樓,林嘉彥,302612,2769080
鼎垚有限公司,北市水證丙字第000012號,基隆路1段155號5樓之9,叢懋光,307046.103,2770572.591
政弘工程有限公司,北市水證甲字第002870號,虎林街50巷16號1樓,施永泉,308129.517,2771104.44
丙憶工程有限公司,北市水證甲字第002863號,重陽路455號7樓,王冬勇,308101.883,2771236.774
永偉機電工程股份有限公司,北市水證甲字第002908號,吳興街354號1樓,林世全,307168.127,2768734.695
貞翔工程股份有限公司,北市水證甲字第000767號,莊敬路423巷7弄1號1樓,王重宗,307209.471,2769050.788
九龍水電工程有限公司,北市水證甲字第003202號,美崙街62巷32號1樓,林碧足,302675,2776683
昇泉工程有限公司,北市水證甲字第003114號,信義路5段150巷13弄6號1樓,朱榮富,307391.694,2768943.941
有泉科技有限公司,北市水證甲字第003075號,安和路2段112號5樓,蘇煜翔,305464,2768972
賀翔工程有限公司,北市水證甲字第002613號,基隆路2段77號3樓,萬民力,306325.341,2769253.874
利先工程有限公司,北市水證甲字第001745號,信義路5段150巷315弄2號2樓,周賢清,307440.959,2768901.16
橋正機電股份有限公司,北市水證甲字第003073號,信義路4段415號12樓,王英烱,306435,2769583
漢振機電股份有限公司,北市水證甲字第003081號,信義路4段415號12樓,劉炳宏,306435,2769583
泰億營造有限公司,北市水證甲字第003078號,承德路2段215號9樓之3,王欽明,302305,2772497
永力光工程有限公司,北市水證甲字第003088號,中央南路二段12之12號7樓,薛光超,300123,2780386
金怡合企業股份有限公司,北市水證甲字第003239號,松江路362巷82號3樓,陳文輝,303533,2772742
金弘盛企業股份有限公司,北市水證甲字第003096號,重慶南路一段10號8樓之15,黃郁芬,301777,2771036
揚運機電股份有限公司,北市水證甲字第003201號,建國北路二段88號九樓,高壽濤,304131,2772109
豪志工程股份有限公司,北市水證甲字第002979號,基隆路1段155號12樓,呂火金,307046.103,2770572.591
泉昇企業有限公司,北市水證乙字第000181號,基隆路1段149號5樓之4,楊正敏,307067.553,2770610.978
國展水電工程股份有限公司,北市水證乙字第000161號,信義路5段150巷401弄3號,廖振森,307602.356,2768637.298
日商山陽工程技術股份有限公司台北分公司,北市水證甲字第002517號,基隆路2段56號10樓之1,古田智洋,306345.472,2769361.26
世豐工程有限公司,北市水證甲字第000861號,基隆路1段147巷5弄36號1樓,李俊明,307195.802,2770644.444
鎮沅有限公司,北市水證甲字第002732號,信義路5段150巷13弄6號1樓,吳文娟,307391.694,2768943.941
旭冠機電工程股份有限公司,北市水證甲字第002869號,忠孝東路5段360號14樓,藍振義,307881.782,2770415.122
全聯工程科技股份有限公司,北市水證甲字第002967號,基隆路1段141號3樓之1,黃文德,307131.72,2770725.893
景業水電工程有限公司,北市水證甲字第003035號,木柵路1段117巷2弄8號,余治全,305373,2764527
吉辰工程股份有限公司,北市水證甲字第003130號,三重路41巷22號1樓,林仁吉,311813,2772542
華象興工程有限公司,北市水證丙字第000173號,永公路350巷2號,張振華,306855,2779385
川淇水電工程有限公司,北市水證丙字第000203號,重慶北路三段16號,陳津琪,301801,2773052
鴻陽運動事業有限公司,北市水證乙字第001002號,忠孝東路一段76號11樓之3,邱祥檜,302872,2770804
垣登工程有限公司,北市水證甲字第002690號,基隆路1段10號3樓之1,曾淑芬,307500.865,2771511.968
建越科技工程股份有限公司,北市水證甲字第003058號,洲子街178號4樓,賴杉桂,306699,2775013
三群工程有限公司,北市水證甲字第002577號,延吉街30巷8號,游淑滿,305805.024,2771015.9
思納捷科技股份有限公司,北市水證甲字第003174號,民生東路四段133號10樓,井琪,305939,2772371
威星電機工程行,北市水證甲字第001239號,民生東路4段97巷4弄19號1樓,紀俊彥,305813.384,2772431.244
霈德工程有限公司,北市水證甲字第001005號,寶清街89巷20號2樓,謝德記,307387.464,2771686.338
泓洲水電工程有限公司,北市水證甲字第001843號,寶清街45號3樓,鄧敏郎,307385.226,2771518.892
晃朗工程有限公司,北市水證乙字第001004號,塔悠路235號,蕭一基,307426,2772510
富台水電工程有限公司,北市水證丙字第000005號,下崙路25號1樓,蔡榮冠,307252.906,2772059.967
鴻迪工程有限公司,北市水證甲字第003176號,承德路一段35號7樓之2,張之遠,302197,2771537
澄顥水電工程有限公司,北市水證甲字第003083號,八德路四段871號3樓之5,鄭卓信,308553,2771553
盛悅工程股份有限公司,北市水證甲字第002731號,八德路3段230號10樓之1,曾添富,306224.433,2771212.671
台灣管線檢測有限公司,北市水證甲字第003179號,江南街71巷93弄17號7樓,黃伊萍,308501,2774171
全基企業有限公司,北市水證甲字第003178號,林森北路362號2樓,林燕,302999,2772234
華福水電工程股份有限公司,北市水證甲字第003180號,民生東路五段153號10樓之2,徐秀菊,306738,2772435
特欣行開發股份有限公司,北市水證甲字第003181號,民善街89號,謝有全,308091,2772584
大盈水電工程有限公司,北市水證甲字第001030號,延壽街330巷20弄33號1樓,張美英,306417.401,2771913.953
世欣工程有限公司,北市水證甲字第001533號,寧安街5巷8號1樓,蕭正義,305975.035,2771337.203
亞通能源科技股份有限公司,北市水證甲字第003182號,重慶南路一段57號9樓之3,呂元瑞,301799,2770818
立川工程行,北市水證乙字第001007號,福興路63巷4弄8號,劉家翔,305452,2766314
金德豐工程有限公司,北市水證甲字第003171號,八德路四段288號2樓,陳宏濤,306503.278,2771203.277
元國水電工程有限公司,北市水證甲字第002153號,南京東路3段346之2號4樓,官元愷,305185.056,2772853.404
中華工程股份有限公司,北市水證甲字第000028號,東興路12號6樓,鄭斯聰,307017.612,2771426.435
福麟系統整合股份有限公司,北市水證甲字第002458號,南京東路3段303巷3弄8號2樓,吳東明,305090.876,2771708.096
智宇精密機電股份有限公司,北市水證甲字第002988號,南京東路3段258號7樓,王瑋婷,304972.588,2771606.891
儒億工程有限公司,北市水證甲字第003184號,敦化北路207號10樓之1,蔡明儒,305440,2772317
東鑫龍營造有限公司,北市水證甲字第003203號,健康路325巷24弄3號1樓,郭崇記,307254,2772164
肇鴻工程股份有限公司,北市水證甲字第002628號,復勢里南京東路4段186號6樓之8,蕭尹碩,306837.285,2771569.814
吉興工程顧問股份有限公司,北市水證乙字第000174號,南京東路5段171號6樓,陳吉宏,306858.646,2771613.791
遠揚營造工程股份有限公司,北市水證甲字第003185號,敦化南路二段267號5樓,鄭燦鋒,305415,2768692
北聖工程股份有限公司,北市水證甲字第001887號,八德路4段245巷32弄4之1號1樓,林登貴,306920.369,2771436.437
華峰水電工程有限公司,北市水證甲字第000087號,南京東路5段250巷2弄11號1樓,游信河,307183.369,2771523.753
沐誠國際有限公司,北市水證甲字第003241號,中山北路一段2號4樓之3,羅金花,302416,2770978
鴻良水電工程有限公司,北市水證甲字第001206號,八德路3段158巷7弄8號4樓,沈鴻居,306053.313,2771131.877
國樹工程股份有限公司,北市水證甲字第002072號,南海路105之7號,陳偉群,306265.31,2771037.266
三欣工程有限公司,北市水證丙字第000202號,興中路44巷14號2樓,蘇忠文,311200,2772110
立揚機電工程股份有限公司,北市水證甲字第003245號,忠孝東路2段130號12樓之5,黃俊仁,303662,2770579
泰碁室內裝修工程有限公司,北市水證甲字第002827號,萬隆街58號,趙志明,304228,2765972
泓基水電工程有限公司,北市水證甲字第002296號,民生東路5段137巷5弄10號1樓,郭來福,306620.368,2772470.135
富翔營造有限公司,北市水證甲字第003187號,基隆路一段141號13樓之3,洪崇文,307097,2770658
穎力有限公司,北市水證甲字第001665號,民生東路4段112巷3弄2號3樓,蔡駿煜,305952.064,2772238.919
菁木營造有限公司,北市水證甲字第002893號,敦化北路309號4樓,凃阿雲,305439.613,2772316.944
士林電機廠股份有限公司,北市水證甲字第003188號,忠誠里19鄰中山北路六段88號16樓,許育瑞,300000,2770000
新亞建設開發股份有限公司,北市水證甲字第002854號,八德路4段760號15至16樓,鄒宏基,308436.584,2771457.44
順源工程有限公司,北市水證丙字第000195號,建國北路1段71號9樓,王春淑,304199,2771553
信成企業社,北市水證丙字第000172號,瑞安街208巷24弄14號,陳育德,304498,2769059
信城水電工程有限公司,北市水證丙字第000171號,瑞安街208巷24弄14號1樓,翁麗華,304498,2769059
永紘科技股份有限公司,北市水證甲字第003235號,行善路467號3樓,鄭志豪,309158,2773192
宏泰陽企業有限公司,北市水證甲字第002756號,明德路136巷3弄7號1樓,王惠珠,302540.528,2778081.581
佑聖工程顧問股份有限公司,北市水證甲字第003189號,南京東路三段101號4樓,程健生,304414,2771662
捷將工程有限公司,北市水證甲字第002367號,明德路203之3號5樓,陳紘馳,302551.035,2778298.019
榮和電業有限公司,北市水證甲字第002580號,自強街61巷25號,洪有財,301733.921,2778171.151
以薩迦企業有限公司,北市水證甲字第002868號,自強街61巷5弄4號,黃漢堂,301781.827,2778144.281
將祐工程有限公司,北市水證甲字第002943號,興隆路2段22巷8弄11號1樓,王智弘,305049,2765672
正壕有限公司,北市水證甲字第002755號,新生北路3段88巷39號,施世賢,301643.255,2778162.417
原將科技有限公司,北市水證甲字第002737號,文湖街42號14樓之2,陳政良,302846,2778489.765
旭華水電工程行,北市水證甲字第002344號,致遠三路55巷68號1樓,蔡妙慧,301377.543,2779281.861
貫宇有限公司,北市水證甲字第003183號,哈密街59巷78弄9號10樓之1,林建宏,301937,2774302
大眾建設企業有限公司,北市水證甲字第000289號,五常街370號1樓,熊保源,305012,2773004
慶益工程股份有限公司,北市水證甲字第001831號,承德路7段108號2樓,郭良玉,301436.733,2778297.203
鋐益工程股份有限公司,北市水證甲字第002815號,承德路7段108號2樓,紀榮鎗,301436.733,2778297.203
大業水電企業有限公司,北市水證乙字第000193號,大同街25號1樓,賴鴻銘,300116.52,2780310.83
長踴工程有限公司,北市水證乙字第000192號,永興路二段41號2樓,林金波,300635.53,2781404.829
聖龍和工程有限公司,北市水證乙字第001003號,光復南路23號4樓之2,黃啓穆,306309,2771087
瑞益水電工程有限公司,北市水證甲字第001699號,吉利街280巷20弄3號1樓,林吉清,301464.357,2778942.956
元利水電工程股份有限公司,北市水證甲字第000600號,大興街55號,潘信義,300448.836,2780332.477
發福水電有限公司,北市水證甲字第002097號,溪口街85巷7弄7號1樓,徐陳玉琴,304363.895,2765322.009
力安電機水電工程有限公司,北市水證乙字第000151號,三福街57號1樓,陳金煌,304898.014,2765638.503
環瑋水電工程有限公司,北市水證甲字第001892號,育英街33號6樓,李紀宏,304359.102,2764912.288
凱創國際股份有限公司,北市水證丙字第000181號,汀州路四段35號,王旭雲,304191.148,2766935.366
鴻龍有限公司,北市水證甲字第003190號,南京東路四段186號13樓之12,蔡鴻仁,306249,2771582
景茂工業有限公司,北市水證甲字第001916號,羅斯福路5段236巷5之8號1樓,詹國正,304298.187,2766035.01
鼎龍竣工程有限公司,北市水證甲字第002940號,恆光街23號,劉明坤,307234.023,2764024.882
日商統一能科電氣設備股份有限公司台灣分公司,北市水證甲字第003192號,南京東路3段303巷3弄8號5樓之1,服部啟智,305091,2771708
富隆欣工程有限公司,北市水證甲字第003198號,忠孝東路五段1-8號11樓,馬清菁,306998,2770481
滙源營造股份有限公司,北市水證甲字第003199號,松江路139號3樓,陳亮宇,303807,2771986
冠慶機電股份有限公司,北市水證甲字第002800號,和平東路3段131號3樓,范錦華,305721,2768626
兆騰水電工程有限公司,北市水證甲字第001014號,景福街242巷4號1樓,傅兆騰,304460.298,2765128.799
聯東機電有限公司,北市水證甲字第003077號,羅斯福路5段211巷17弄10號1樓,陳德松,304461.099,2766208.916
季橋工程有限公司,北市水證甲字第003204號,建國北路3段92之1號7樓,李洪山,303912,2773276
文諺水電工程有限公司,北市水證甲字第002129號,秀明路1段221號,詹文寬,307621.953,2764994.322
明善室內裝修工程有限公司,北市水證甲字第002729號,景華街22巷12號,張勝利,304721.609,2765214.091
日騰水電工程有限公司,北市水證甲字第001272號,和興路28巷2號,林阿聰,305147.979,2764243.651
戈登工程有限公司,北市水證甲字第002146號,興隆路4段29巷3弄9-1號2樓,黃秀美,306490.945,2764877.934
省心屋有限公司,北市水證丙字第000196號,奇岩里公館路376巷4弄1號5樓,黃傳廣,300000,2770000
東承科技股份有限公司,北市水證甲字第002829號,木新路2段79巷12弄10號2樓,高志忠,307647.392,2764178.629
天順水電工程有限公司,北市水證甲字第002978號,松山路421號11樓之4,周文雄,307698.901,2765305.836
鼎勝地產股份有限公司,北市水證甲字第003207號,南京東路四段51號4樓之1,羅靖,305590,2771639
柳久工程有限公司,北市水證甲字第000851號,木新路2段101號1樓,曾毓蘭,307550.084,2764182.595
吉村營造股份有限公司,北市水證甲字第003208號,羅斯福路1段24號11樓,郭繡綺,302357,2769382
品智工程有限公司,北市水證甲字第002925號,忠順街1段26巷12弄7號1樓,黃煌文,307531.526,2764436.309
欣年企業有限公司,北市水證甲字第002457號,興隆路2段161號,陳麒昌,305381.647,2765953.651
華富水電工程有限公司,北市水證甲字第002464號,忠順街二段12號1樓,楊銀華,306772.787,2764179.867
逸泉工程有限公司,北市水證甲字第001923號,興隆路4段62巷1號4樓,沈榮相,306646.686,2764242.979
央譽工程事業有限公司,北市水證乙字第001005號,福興路63巷5號1樓,吳朝順,305489.653,2766270.073
盈發工程股份有限公司,北市水證丙字第000190號,羅斯福路6段122號4樓,許志恒,304571.353,2765594.325
達叡環境有限公司,北市水證乙字第001012號,忠孝東路5段1之8號5樓,林芃汝,307030,2770470
鼎集水電工程有限公司,北市水證甲字第003119號,萬寧街23巷1號4樓,郭信福,306963.35,2766296.03
大成豪水電工程有限公司,北市水證丙字第000023號,木柵路二段109巷25弄37號,林駿森,305635.266,2765570.56
世樹工程有限公司,北市水證乙字第000188號,興隆路2段233巷6弄8之1號1樓,黃佳慶,305621.115,2766133.808
忠順水電有限公司,北市水證甲字第000772號,興隆路4段195巷15號1樓,陳水木,306829.42,2764048.444
慶隆環保有限公司,北市水證丙字第000177號,康寧路三段185號3樓,王靜芬,311729.318,2773672.65
慶太工程有限公司,北市水證甲字第002415號,內湖路1段411巷85號1樓,劉偉慶,307712.602,2775224.816
三采工程有限公司,北市水證甲字第002929號,文德路22巷55，57號,徐麗玉,308333.916,2774661.705
劦立水電工程有限公司,北市水證甲字第002039號,康寧路3段16巷29號1樓,林志鏗,311286.299,2773902.88
陽明營造股份有限公司,北市水證甲字第002992號,新湖三路237號6樓,黃龍泉,308637.638,2773164.104
星鋼機電工程有限公司,北市水證甲字第002917號,新湖一路85號6樓,黃秋來,308081.58,2772374.634
麒鎮實業有限公司,北市水證甲字第002014號,內湖路1段591巷11弄7號1樓,尤進茂,307859.263,2774878.599
暐祥水電工程有限公司,北市水證甲字第002914號,康寧路3段56巷1號10樓之2,莊美華,311546.947,2773776.568
震沁工程有限公司,北市水證甲字第003099號,忠孝東路3段305號6樓之1,柯玟慧,304847,2770527
虹輝開發工程股份有限公司,北市水證甲字第002727號,瑞光路258巷55號6樓,高獻龍,307950.651,2774161.811
擎邦國際科技工程股份有限公司,北市水證甲字第002543號,瑞光路210號5樓,洪健峰,308138.717,2774230.863
特欣機電股份有限公司,北市水證甲字第002341號,民善街89號,謝有全,308095.164,2772563.186
璟淳工程有限公司,北市水證甲字第003068號,康寧路3段190巷11號,闕壯曄,311686,2773523
益來工程股份有限公司,北市水證甲字第001624號,內湖路3段308號1樓,邱進原,308947.416,2775794.074
達慶機電股份有限公司,北市水證甲字第001928號,南京東路6段348號12樓,陳朝慶,309046.411,2772390.512
正裕科技工程股份有限公司,北市水證甲字第002886號,南京東路6段348號11樓之1,林金童,309046.411,2772390.512
環康實業股份有限公司,北市水證甲字第002770號,南京東路6段451巷57號2樓之13,陳鴻儒,309199.459,2772762.349
宇力工程有限公司,北市水證甲字第001265號,瑞湖街178巷17號5樓,蕭五郎,308077.143,2773749.735
華韋工程有限公司,北市水證甲字第003040號,景福街30號2樓之5,李韋彤,304384,2765816
富通工程股份有限公司,北市水證甲字第002346號,民權東路6段109號5樓之3,楊久慧,309805.582,2773672.842
歷嵐工程有限公司,北市水證甲字第001797號,康樂街186巷24號1樓,黃榮華,312557.31,2774414.736
昊潤工程有限公司,北市水證甲字第002880號,內湖路3段59巷18號,馮采彤,309702.363,2775380.103
慧榮營造股份有限公司,北市水證甲字第003045號,虎林街247號1樓,林承翰,308265,2770013
勝泉工程有限公司,北市水證甲字第002884號,金龍路47巷27號,陳志剛,309800.246,2775224.297
亞翔工程股份有限公司,北市水證甲字第000922號,內湖路1段120巷17號5樓,姚祖驤,306739.506,2774997.22
力加力科技股份有限公司,北市水證甲字第002717號,文德路239號2樓,陳石麟,308294.595,2773959.51
明泉水電工程有限公司,北市水證甲字第000139號,民權東路6段47巷18弄2號,林松吉,309220.931,2773592.317
有進工程有限公司,北市水證甲字第001912號,成功路4段70號4樓,陳明松,309706.933,2774983.934
天德工程顧問有限公司,北市水證甲字第002748號,成功路3段168號5樓,洪瑞彰,309553.886,2774819.282
中欣行股份有限公司,北市水證甲字第003059號,內湖路1段392號4樓,劉致緯,307791,2774833
達功工程有限公司,北市水證甲字第001739號,汀州路1段332號1樓,藍月治,301711.092,2768812.329
大自然環境綠邑股份有限公司,北市水證甲字第002225號,濟南路3段39-2號2樓,張定立,302735.167,2770335.714
領袖資訊股份有限公司,北市水證甲字第002762號,徐州路18巷15號,蔡婠婯,302735.167,2770335.714
達弘工程有限公司,北市水證甲字第002005號,基隆路2段48號4樓之2,李文宏,301707.675,2768813.198
眾鼎工程股份有限公司,北市水證甲字第002491號,忠孝東路1段55號4樓,奥田実,303095.475,2770790.574
達冠機電工程股份有限公司,北市水證甲字第001816號,晉江街46巷2號,洪清泉,302775.256,2768575.067
永昌工程行,北市水證甲字第002476號,和平西路2段49號,周林田,301720.987,2769085.131
誼泰水電工程有限公司,北市水證甲字第001596號,金門街12巷6之1號1樓,李榮周,302786.084,2768335.31
特群機電股份有限公司,北市水證甲字第002791號,忠孝東路六段21號10樓,阮春綢,303424.727,2770247.143
大松水電工程有限公司,北市水證甲字第000564號,杭州南路1段21巷24號,李青松,303224.734,2770564.928
阡淯股份有限公司,北市水證甲字第003070號,中華路2段75巷24號1樓,黃建彰,301181.054,2769587.068
士進工程股份有限公司,北市水證甲字第002990號,基隆路一段155號13樓之5,周進勛,302854.083,2767994.778
亞群工程股份有限公司,北市水證甲字第002010號,懷寧街36號6樓之6,伍麗玉,301872.706,2770849.661
富格工程股份有限公司,北市水證甲字第002705號,龍江路155巷1號3樓,高智仁,302639.362,2770756.392
岳竑科技股份有限公司,北市水證甲字第002505號,南京東路2段76號4樓,黃銘輝,303027.854,2770908.963
旭壯工程有限公司,北市水證甲字第001333號,濟南路2段62巷2之4號,游淑真,303692.077,2770309.894
榮進水電行,北市水證丙字第000003號,新生南路1段54巷11號,陳政賢,303662.35,2770464.281
泰州消防器材有限公司,北市水證甲字第002735號,重慶南路2段59號4樓,林志敏,301278.39,2769696.714
欣泓工程有限公司,北市水證丙字第000197號,西園路2段261巷20弄22號1樓,莊瑞鴻,299739,2768621
全逸工程股份有限公司,北市水證甲字第002881號,和平西路1段28號4樓,楊進輝,302541.981,2768823.795
傑儀科技有限公司,北市水證乙字第000189號,吳興街463號,顏鳳儀,307428,2768540
榮明水電工程有限公司,北市水證甲字第000020號,中山北路2段16巷21號3樓,楊以正,302565.956,2771771.773
中柱工程股份有限公司,北市水證甲字第002693號,長春路328號3樓,林國水,304570.215,2771927.206
大同股份有限公司,北市水證甲字第002906號,中山北路3段22號,張榮華,302636.35,2773019.801
新記機電股份有限公司,北市水證甲字第002946號,長安東路2段110號11樓之2,林世治,302714.868,2773194.185
通晉機電股份有限公司,北市水證甲字第002892號,南京東路5段164號12樓,李元榮,304870.3,2771778.132
恒豐工程股份有限公司,北市水證甲字第001886號,民權東路3段56號2樓之2,莊鐘英,304683.419,2772755.163
信緯機電股份有限公司,北市水證甲字第002956號,復興北路356之1號12樓,李世偉,304882.649,2772573.197
昆漢股份有限公司,北市水證丙字第000200號,武昌街2段35號,范淇甯,303034.027,2771631.075
日商關電工股份有限公司台灣分公司,北市水證甲字第002563號,南京西路10號10樓,清水健二,302939.401,2772848.3
凡中工程股份有限公司,北市水證甲字第002865號,林森北路627號6樓之5,陳貴國,303051.808,2773305.586
潤弘精密工程事業股份有限公司,北市水證甲字第002692號,八德路2段308號10樓,李志宏,304745.743,2771079.785
上鑽電業行有限公司,北市水證丙字第000166號,八德路2段312巷43號1樓,鍾良昌,304823.904,2770954.117
吉騰連合工程股份有限公司,北市水證甲字第002830號,合江街55巷11號1樓,雷德威,302895.017,2771679.196
鐿錩工程股份有限公司,北市水證甲字第002683號,南京東路6段461號2樓之3,林顯祥,304875.175,2771895.705
大祥水電行,北市水證甲字第003156號,合江街70巷19號,徐玉麟,304331.342,2772201.135
順盛工程有限公司,北市水證甲字第000833號,吉林路394號1樓,陳榮傑,303113.158,2773060.089
華盛工程有限公司,北市水證甲字第000168號,吉林路394號1樓,陳偉綺,303113.158,2773060.089
和新機電管理股份有限公司,北市水證甲字第002812號,明水路593號地下1樓,過錦湘,305624.721,2774887.011
傑和機電工程股份有限公司,北市水證甲字第002784號,撫順街37號5樓之2,賴俊文,302420.465,2772908.583
兆輝工程有限公司,北市水證甲字第000956號,敬業三路180號1樓,許力文,306163.563,2774587.32
邦固水電工程股份有限公司,北市水證甲字第003164號,汀州路三段62號二樓,楊睿軒,303644,2767592
中擎工程股份有限公司,北市水證甲字第002607號,建國北路2段145號11樓,王為訓,304216.142,2772670.374
緯豐營造股份有限公司,北市水證甲字第003037號,松德路12號3樓,黃柏堯,308262,2770303
錦源工程有限公司,北市水證甲字第000193號,建國北路1段69號10樓,王文彬,304198.984,2771541.038
上登水電工程有限公司,北市水證乙字第000186號,金龍路157號,陳秀霞,309419,2775481
上準工程有限公司,北市水證甲字第002912號,建國北路2段88號8樓,陳瓊茶,304131.391,2772109.481
承昌水電行,北市水證甲字第002765號,莊敬路423巷7弄1號1樓,王重國,303013.599,2772541.481
亞詮機電工程股份有限公司,北市水證甲字第002857號,建國北路1段88巷10號地下樓,郭志群,304055.945,2771381.269
展新綠能股份有限公司,北市水證甲字第003084號,承德路四段198號3樓,陳坤光,302658,2775579
和睦建設股份有限公司,北市水證乙字第000182號,龍江路149巷13號1樓,杜承龍,304633.803,2771865.72
泰發水電行,北市水證丙字第000193號,南京東路2段174號11樓,林顏瓊鶯,303972.345,2771624.999
盈泉水電工程股份有限公司,北市水證甲字第000111號,南京東路2段174號11樓,林美蘭,303972.345,2771624.999
永昶水電工程有限公司,北市水證甲字第003082號,基隆路1 段143號11樓之3,簡文程,307096,2770655
詮誠工程有限公司,北市水證甲字第002333號,松江路77巷8之1號1樓,莊閎智,303877.524,2771385.007
新壽公寓大廈管理維護股份有限公司,北市水證乙字第000163號,忠孝西路一段66號18樓,吳昕達,303852.333,2771668.627
華邦機電有限公司,北市水證甲字第003086號,民權東路3段191巷111號1樓,高名萱,304965,2773128
漢欣工程股份有限公司,北市水證甲字第001250號,松江路317號11樓,張曜宗,303816.141,2772744.892
元新電股份有限公司,北市水證甲字第002239號,復興北路38號12樓,許新漢,304865.034,2771343.411
勝岳營造有限公司,北市水證甲字第003090號,和平西路3段57-1號2樓,劉珈瑜,300685,2769786
良盛空調水電工程股份有限公司,北市水證甲字第001941號,南京東路2段8號9樓之1,呂欽榮,303311.656,2771629.052
大嘉企業有限公司,北市水證甲字第002689號,新生北路2段127巷22號,陳洛麟,303320.152,2772659.324
合水先進環境技術股份有限公司,北市水證甲字第003194號,信義路五段2號4樓,潘書鴻,306500,2769530
東元電機股份有限公司,北市水證甲字第002221號,三重路19-9號5樓,利明献,303763.984,2771937.096
壯為工程股份有限公司,北市水證甲字第002995號,松江路42號10樓,張大為,303754,2771170.826
碧城興業股份有限公司,北市水證甲字第002993號,松江路42號10樓,劉碧鑾,303754,2771170.826
崇友實業股份有限公司,北市水證甲字第000961號,南京東路2段88號13樓,唐伯龍,303580.869,2771615.839
信億水電工程有限公司,北市水證甲字第003144號,新生北路三段19巷52號1樓,王培忠,303472.769,2772960.977
駿明工程企業有限公司,北市水證甲字第002860號,中山北路二段65巷2弄19號1樓,朱啟財,302608.141,2772518.517
華助工程股份有限公司,北市水證甲字第000972號,南京東路2段96號8樓,周國光,303606.039,2771627.291
宇強水電工程有限公司,北市水證甲字第002931號,松江路330巷57號1樓,蕭仲傑,303582.458,2772665.271
遠碩機電工程股份有限公司,北市水證甲字第002866號,八德路3段36號14樓,黃定祥,303741.44,2768771.504
良霖工程股份有限公司,北市水證乙字第000148號,信義路3段106號12樓之1,黃珮茹,304322.324,2769571.763
峰技室內裝修股份有限公司,北市水證甲字第002109號,吳興街600巷118號,陳景通,304878.48,2769287.173
冠得水電工程有限公司,北市水證甲字第002382號,基隆路二段136號6樓之2,李忠霖,306191.093,2769920.787
志誠電氣工程行,北市水證乙字第001010號,民權西路20號12樓之6,江慈惠,303369.104,2769518.994
俊佳工程股份有限公司,北市水證甲字第000898號,溫州街47之1號,黃玉聰,303808.353,2768269.056
大鋒水電工程股份有限公司,北市水證甲字第002999號,敦化南路2段319號13樓,郭鵬霄,303814.749,2770539.782
久年營造股份有限公司,北市水證甲字第002932號,敦化南路2段319號13樓,郭鵬霄,303814.749,2770539.782
金展空調股份有限公司,北市水證甲字第002204號,信義路3段41號2樓,周添財,303978.812,2769622.969
裕豐建設有限公司,北市水證甲字第002443號,松江路69巷9號1樓,范保達,305966.181,2769541.723
潤新工程有限公司,北市水證甲字第002637號,建國南路2段37號2樓,方文郎,304308.264,2769446.42
龍璟企業有限公司,北市水證甲字第002104號,基隆路2段166號4樓之3,鄭永慶,303114.128,2768982.73
信品工程有限公司,北市水證甲字第003167號,忠孝東路五段372巷27弄23號,李添福,307999,2770307
天應企業股份有限公司,北市水證甲字第002332號,和平東路2段53巷2號8樓,吳天放,304336.637,2768742.906
昱丞工程有限公司,北市水證甲字第002300號,和平東路2段76巷27號之2,簡梅蘭,304424.594,2768408.703
錦躍工程有限公司,北市水證甲字第002257號,忠孝東路3段212號2樓,施宗顯,304477.406,2770477.441
泛亞工程建設股份有限公司,北市水證甲字第002726號,忠孝東路4段219號7F、忠孝東路4段221號7F,姜振中,305752.357,2770505.971
洧鑫水資源有限公司,北市水證甲字第003197號,南京東路五段23巷17號,林孟泓,306301,2771789
銓紘科技有限公司,北市水證甲字第003200號,忠孝東路4段162號12樓之5,林睿遠,305528,2770463
錕信科技工程有限公司,北市水證甲字第002828號,忠孝東路3段217巷6弄14號1樓,游本修,304525.073,2770676.271
莊記工程股份有限公司,北市水證甲字第001315號,瑞安街208巷76號1樓,莊玉坪,304542.087,2769277.813
英建工程股份有限公司,北市水證甲字第001396號,和平東路2段107巷23之9號2樓,謝金勇,304553.878,2768836.14
祥清工程股份有限公司,北市水證甲字第001296號,瑞安街135巷11號1樓,何月麟,304559.23,2768850.253
九建工程股份有限公司,北市水證甲字第001673號,瑞安街208巷53弄2號1樓,黃茂成,304562.707,2769239.274
藍福水電工程股份有限公司,北市水證甲字第001677號,信義路三段132號4樓,曾榮賢,304677.868,2768914.476
東騰水電工程有限公司,北市水證甲字第002418號,和平東路2段201號2樓之4,郭振杉,304737.238,2768680.279
三聯科技股份有限公司,北市水證丙字第000004號,復興南路1段390號5樓之3,林大鈞,304834.488,2769622.849
銘利電業工程有限公司,北市水證甲字第001289號,復興南路2段327號13樓,郭振欽,304857.763,2768528.793
盛翔工程有限公司,北市水證甲字第002068號,敦化南路1段337號11樓,翁昆湖,305420.869,2769627.561
建國工程股份有限公司,北市水證甲字第002763號,敦化南路2段67號20樓,吳昌修,305417.491,2769294.367
三井工程股份有限公司,北市水證甲字第000993號,敦化南路2段218號12樓,葉大嘉,305335.415,2768312.095
兆弘機電股份有限公司,北市水證甲字第002973號,復興南路2段293之3號4樓之2,陳一坤,304858.21,2768611.463
將誠工程股份有限公司,北市水證甲字第003116號,重慶北路三段139號7樓之2,駱志輝,301851,2773420
垣登室內裝修工程有限公司,北市水證甲字第003122號,基隆路1段10號3樓之1,姚文彥,307501,2771512
龍杰工程有限公司,北市水證甲字第003230號,劍潭路25號,李朝義,302697,2775199
東磊工程股份有限公司,北市水證甲字第001625號,復興南路1段103號11樓之4,林坤煒,304898.19,2770730.582
毅成建設股份有限公司,北市水證甲字第003117號,安和路二段60號16樓,王大任,305730,2769289
亞達工程有限公司,北市水證甲字第001212號,復興南路2段111巷17弄8號1樓,陳欽慶,304973.503,2769172.062
中國聯合電機工程股份有限公司,北市水證甲字第001142號,和平東路2段297號10樓,劉世源,304975.386,2768651.194
宜欣能源科技股份有限公司,北市水證甲字第003123號,信義路3段132號4樓,曾榮賢,304427,2769569
元灃工程股份有限公司,北市水證甲字第002192號,忠孝東路4段59號12樓之1,蔡建和,305075.584,2770517.584
華冠建設企業有限公司,北市水證甲字第000480號,樂利路31號5樓,游盛珍,305663.856,2768918.513
華益工程有限公司,北市水證甲字第000958號,四維路32號1樓,楊榮龍,305304.483,2769885.875
泰誠發展營造股份有限公司,北市水證甲字第003085號,忠孝東路4段270號5樓-2,曾景琮,305988.183,2770454.123
中麟營造股份有限公司,北市水證甲字第002997號,忠孝東路4段560號2樓、2樓之1、2樓之2、2樓之3,王中平,305825.206,2769588.683
陞昌工程有限公司,北市水證甲字第003036號,樂業街169巷11號1樓,楊榮謙,305979.407,2768034.231
偉浩工程有限公司,北市水證甲字第001940號,敦化南路1段339號4樓,方仲海,305424.484,2768626.223
大陸工程股份有限公司,北市水證甲字第001874號,敦化南路2段95號,欣陸投資控股股份有限公司-經指定代表欣陸投資控股股份有限公司行使職務之自然人:江雄,305434.779,2769128.211
利亞洲工程股份有限公司,北市水證甲字第001966號,忠孝東路4段142號12樓,黃崇文,305435.731,2770464.43
星南通信電機工程有限公司,北市水證甲字第002639號,辛亥路3段157巷10號,莊金枝,305458.072,2767822.892
工信工程股份有限公司,北市水證甲字第002996號,市民大道4段102號8樓,潘瑩娟,305506.603,2770808.817
隆建興業有限公司,北市水證甲字第002743號,安和路2段82號7樓,鍾明宏,305598.615,2769162.313
台灣動力工程股份有限公司,北市水證甲字第000166號,安和路1段41號2樓,雷謦遠,305602.08,2770167.909
加晟工程有限公司,北市水證甲字第002916號,樂業街169巷11號1樓,楊榮謙,305979.407,2768034.231
興陽工程股份有限公司,北市水證甲字第002060號,忠孝東路4段289號9樓,高陳敬,305976.888,2770501.152
蕓山工程有限公司,北市水證甲字第000511號,和平東路3段212巷38號1樓,龔珮甄,305803.206,2768250.332
廣偉工程股份有限公司,北市水證甲字第000935號,安和路2段65號3樓之1,唐樹楷,305763.162,2769299.143
天保工程有限公司,北市水證甲字第001565號,和平東路3段212巷38號1樓,魏光中,305803.206,2768250.332
宏有水電有限公司,北市水證甲字第001402號,安居街8巷6弄6號1樓,吳坤焱,305960.159,2768258.034
佳河環境工程有限公司,北市水證甲字第003042號,環河北路2段155號2樓,林寶惠,301364.327,2773350.443
明亨電業行工程有限公司,北市水證甲字第002352號,涼州街70號1樓,王宗師,301541.026,2772583.28
辰陽水電工程有限公司,北市水證甲字第000754號,重慶北路3段152巷14號1樓,鄭景端,301749.75,2773416.286
漢祐科技股份有限公司,北市水證甲字第003135號,南京西路10號10樓,千夏投資有限公司-代表人：陳育偉,303900,2771625
名能科技股份有限公司,北市水證甲字第003161號,新生北路二段76之1號,馮蓮菊,303190,2772232
鉅星水電工程有限公司,北市水證甲字第001475號,重慶北路3段19號2樓,張燦祈,301844.535,2773033.628
輝達環境科技有限公司,北市水證丙字第000178號,重慶北路三段313巷12號1樓,林欣樺,301717.073,2773974.996
宜鋒實業有限公司,北市水證丙字第000159號,迪化街2段370號,陳莉穎,301717.073,2773974.996
仁麗工程有限公司,北市水證甲字第002986號,伊寧街55-2號,鄭翔宇,301617.206,2773041.756
明進水電工程有限公司,北市水證乙字第001000號,寧夏路61號7樓,鄭淑敏,301987.897,2772328.815
世宏水電空調工程有限公司,北市水證甲字第003138號,民權東路一段67號10樓,陳進賢,303008,2772846
開元工程股份有限公司,北市水證甲字第003177號,龍江路370巷24號1樓,邱創新,303906,2773281
冠宇水電工程有限公司,北市水證甲字第001995號,寧夏路130號7樓,藍武雄,301897.504,2772559.432
唐葳科技股份有限公司,北市水證甲字第003139號,復興南路二段237號13樓,王君原,301546,2771720
柏宇實業有限公司,北市水證甲字第003142號,民權西路79號4樓之9,黃宜枋,302427,2772862
順益電機有限公司,北市水證甲字第002716號,南京西路30號4樓之3,林雲英,302452.12,2771705.59
耘正企業有限公司,北市水證丙字第000183號,南京西路155巷24號,邵易宣,301796.831,2771935.24
祥達水電有限公司,北市水證甲字第002007號,四維路216巷11號,陳怡誠,302140.582,2775421.522
銓盛水電工程有限公司,北市水證甲字第002672號,中山北路6段405巷79號1樓,曹盛和,303048.349,2778850.417
藝達水電工程有限公司,北市水證甲字第003148號,景仁街20巷18號1樓,連志如,304489,2765666
儒鑫工程有限公司,北市水證甲字第003162號,中正路694號5樓之3,葉侃儒,301039.811,2775404.98
震青工程股份有限公司,北市水證甲字第001974號,華齡街73號2樓,許和益,302378.885,2775282.368
東國水電工程行,北市水證乙字第000170號,士東路266巷5弄19號地下室,林孝鐵,304223.142,2778353.839
富喬機電工程有限公司,北市水證甲字第002970號,和平東路2段151號8樓之1,張昌鎧,302633.415,2775129.354
中鼎工程股份有限公司,北市水證甲字第002572號,中山北路6段89號,楊宗興,302863.653,2777600.061
甡光水電工程有限公司,北市水證甲字第002767號,承德路4段58巷28弄12號1樓,林鴻玉,302637.907,2775010.699
益鼎工程股份有限公司,北市水證甲字第002512號,福善路16號7樓,洪俊榮,302863.653,2777600.061
中鑫股份有限公司,北市水證甲字第001363號,中山北路7段211之2號7樓,劉長霖,303706.13,2779874.438
萬鼎工程服務股份有限公司,北市水證甲字第002905號,中山北路六段89號10樓,古定國,302863.653,2777600.061
達正工程股份有限公司,北市水證甲字第000562號,重慶北路4段223號1樓,陳世榮,301548.426,2775314.675
路捷工程股份有限公司,北市水證甲字第003191號,中山北路三段29號7樓之3,王冠傑,303717,2767775
福君綜合工程有限公司,北市水證甲字第001645號,忠義街105號1樓,彭雲興,303709.569,2777692.655
順通聯合工程有限公司,北市水證甲字第003107號,忠孝東路四段148號8樓之5,蔡岸鐘,305490,2770465
惠盛水電工程股份有限公司,北市水證甲字第003169號,貴陽街二段20號,賴清興,301060.381,2770235.109
金冠德國際工程有限公司,北市水證甲字第003023號,舊莊街1段145巷6弄46號,王國忠,312793.673,2770265.898
詮豐水電工程有限公司,北市水證甲字第003022號,永吉路321巷10號1樓,張丁山,308078.356,2771008.116
里洋工程股份有限公司,北市水證甲字第003206號,松江路１０１號２樓之２,林永晟,300000,2770000
永協工程有限公司,北市水證甲字第003032號,富錦街354號,盧進來,306279.432,2772587.333
和日盛有限公司,北市水證甲字第003205號,漢中街135號5樓,林宏寬,301199,2770504
宏雄工程股份有限公司,北市水證甲字第003003號,八德路四段135號3樓,蔡義文,308364.279,2771631.209
承盛電能安保股份有限公司,北市水證甲字第003013號,八德路3段186號4樓之5,賴禹杉,306102.844,2771182.071
大宏群機電工程有限公司,北市水證甲字第003017號,大湖山莊街205號1樓,洪廣,306128.626,2771441.538
自由開發水電工程有限公司,北市水證甲字第003014號,中央北路2段139號1樓,陳國欽,299802.627,2781087.515
特呈企業有限公司,北市水證甲字第003016號,金華街53號地下室,陳華振,306985.557,2764238.743
昇萌股份有限公司,北市水證甲字第003004號,興中路28巷28號3樓之3,林芳如,309789.618,2773462.164
視野工程行,北市水證甲字第003079號,中華路1段25號6樓之6,洪健洲,301447.806,2770997.483
麗友工程股份有限公司,北市水證甲字第000197號,水源路155號1樓,周永勝,302037.725,2768519.262
元大工程有限公司,北市水證甲字第003011號,敬業一路128巷39號4樓之2,郭建均,305833.243,2775132.48
冠屹水電工程有限公司,北市水證甲字第002265號,南京東路2段174號5樓,鄭國輝,303972.346,2771625
諨力室內裝修股份有限公司,北市水證甲字第003168號,建國北路二段135、137號地下1樓,吳明都,304231.587,2772580.805
豐順營造股份有限公司,北市水證甲字第003007號,中山北路3段49號2樓之1,陳彥旭,302731.696,2773294.319
鈞盛工程有限公司,北市水證甲字第002945號,南京東路3段118號10樓之1,韓賢承,303015.383,2772724.867
一泰榮智創事業有限公司,北市水證甲字第000822號,龍江路76巷19號,葉丞墐,304439.68,2771580.282
台菱國際工程股份有限公司,北市水證甲字第003006號,忠孝東路4段560號2樓之1,雷曉鴻,305825.207,2769588.683
佳鉦科技股份有限公司,北市水證甲字第003237號,建國北路二段258巷18號1樓,陳嘉峰,304049,2772721
禾楓工程有限公司,北市水證甲字第003009號,延吉街242之1號,林宏寬,306064.175,2769847.706
磊鈺工程有限公司,北市水證乙字第000180號,仁愛路4段376號6樓之3,林顯益,306081.862,2770035.792
萬蕙昇股份有限公司,北市水證甲字第003030號,信義路3段132號10樓,曾榮賢,304426.802,2769568.895
榮祥工程股份有限公司,北市水證甲字第003027號,重慶北路2段185號12樓之1,邱永豐,301831.365,2772520.861
昶銘工程有限公司,北市水證甲字第003093號,基隆路2段125號7樓之3,郭銘政,306210,2769041
嘉鼎工程管理顧問股份有限公司,北市水證甲字第003100號,內湖路1段77號2樓,謝景德,306551,2775291
寬洋營造股份有限公司,北市水證甲字第003103號,復興北路201號9樓之2,徐慧恩,304921,2772056
宏騏騰科技工程股份有限公司,北市水證丙字第000180號,新湖三路122號3樓,張愷真,308272,2773007
弘賀企業有限公司,北市水證甲字第003115號,羅斯福路六段201號1樓,吳萓玲,304641,2765478
起暘科技工程有限公司,北市水證甲字第003110號,寶清街31號6樓之1,涂達生,307393,2771491
弘景工程有限公司,北市水證甲字第003112號,光復南路23號3樓,楊順治,306309,2771087
創建機電科技股份有限公司,北市水證甲字第002567號,敦化南路2段69號20樓,吳昌修,305418,2769288
隆銘綠能科技工程股份有限公司,北市水證甲字第003121號,明水路602號3樓,許鑒隆,305658,2774927
崇偉科技工程股份有限公司,北市水證甲字第003238號,南京東路五段16號9樓之3,潘逸學,306377,2771580
長盛營造股份有限公司,北市水證甲字第003231號,復興北路400號10樓之4,許月媖,304881,2772720
耀陽工程股份有限公司,北市水證甲字第003233號,龍江路317巷4號1樓,許瀚陽,304604,2772683
百易工程有限公司,北市水證甲字第003125號,瑞光路188巷50號4樓,陳化成,308188,2774048
錦順營造股份有限公司,北市水證甲字第003131號,長春路263號3樓,連敏華,304600,2771953
淨川企業有限公司,北市水證乙字第000190號,民生東路2段147巷6弄13號,陳秋川,303922,2772447
達欣工程股份有限公司,北市水證甲字第003145號,敦化南路二段92號9樓,王人正,305342,2769033
翊浩科技股份有限公司,北市水證甲字第003134號,石潭路65號6樓,巫采燕,309246,2772863
信邦水電工程有限公司,北市水證甲字第003140號,羅斯福路五段168號2樓,陳雲青,304871,2768751
東暐水電工程股份有限公司,北市水證甲字第003149號,忠孝東路三段100號4樓,賴明元,304156,2770489
聯全水電工程有限公司,北市水證甲字第003151號,大南路325號1樓,呂木火,302198,2775726
廣春工程有限公司,北市水證乙字第000194號,忠孝東路五段476號8樓,劉欣樺,308254,2770406
原湠有限公司,北市水證乙字第000191號,廈門街22號,黃勝榮,302243,2768776
展恩科技股份有限公司,北市水證丙字第000174號,舊莊街一段64號2樓,胡哲維,312422,2770465
新琦營造股份有限公司,北市水證甲字第003160號,松江路297巷14號1樓,林俊夫,303922,2772644
聖輝有限公司,北市水證甲字第003163號,基河路40號4樓之5,鍾小玲,302880,2775163
靖宜工程股份有限公司,北市水證甲字第003166號,南京東路四段77號3樓,吳桂靖,305885,2771633
久舜營造股份有限公司,北市水證甲字第003170號,新湖二路257號2樓,林世貞,308697,2772968
捷友營造股份有限公司,北市水證甲字第003173號,和平東路二段100號9樓之1,沈娟,304652,2768648
傳睿科技股份有限公司,北市水證甲字第003243號,堤頂大道二段473號2樓,陳英圖,306722,2774948
億鴻系統科技股份有限公司,北市水證甲字第002902號,新湖二路128號6樓之1,張家豪,308400,2772824
隆勝股份有限公司,北市水證甲字第003209號,義理街58號2樓之1,曹菁慧,302027,2778885
元巨機電有限公司,北市水證甲字第003211號,光復南路6巷27號,簡大翔,306202,2771172
亞捷開發有限公司,北市水證甲字第003212號,大安路一段157巷11號1樓,楊麗秋,305167,2770020
瑞助營造股份有限公司,北市水證甲字第003213號,忠孝西路一段50號11樓之3,邵明斌,302048,2771006
樂居創新股份有限公司,北市水證甲字第003214號,民善街89號,謝有全,308091,2772584
大陸水工股份有限公司,北市水證乙字第001001號,承德路二段137號12樓之4,陳之貴,302302,2772261
譽太國際有限公司,北市水證乙字第001006號,長安東路二段181號6樓之1,陳韋霖,304746,2771246
凱迪華系統工程股份有限公司,北市水證甲字第003223號,松德路161號13樓之1,蔡明哲,308008,2769932
御天機電工程股份有限公司,北市水證甲字第003227號,至誠路1段82號1樓,林宗毅,303998,2777146
景興營建股份有限公司,北市水證甲字第003226號,南京東路五段171號3樓,李民政,306859,2771614
慶耀營造股份有限公司,北市水證甲字第003225號,復興北路400號3樓,陳怡芬,304881,2772720
庸居室內裝修有限公司,北市水證乙字第001013號,金山南路一段108-4號,程麗庸,300000,2770000
承毅機電工程有限公司,北市水證甲字第003228號,館前路2號12樓,張承峰,301955,2771018
潤森工程有限公司,北市水證甲字第003229號,民權東路3段178號7樓,何維倫,305444,2772698
驊勵有限公司,北市水證甲字第003232號,敦化北路207號10樓之1,蔡明儒,305440,2772317
達裕機電股份有限公司,北市水證甲字第002966號,南京東路3段303巷3弄8號5樓,吳昕霖,305091,2771708
宏民營造股份有限公司,北市水證甲字第003218號,信義路4段281號8樓,龔惠安,305987,2769585
和穗實業有限公司,北市水證甲字第003215號,松江路23號6樓,宋俊德,303796,2771065
榮奕工程實業有限公司,北市水證甲字第003217號,忠誠路一段115號2樓,林宜樺,303336,2777529
新新策劃工程顧問有限公司,北市水證乙字第001008號,和平西路3段85號3樓,黃佳松,300622,2769789
俊同企業有限公司,北市水證甲字第003219號,信義路5段5號,周本卿,306748,2769567
漢峰鑫股份有限公司,北市水證甲字第003222號,內湖路一段396號3樓之1,羅志明,307823,2774820
皇昌營造股份有限公司,北市水證甲字第003221號,潭美街539號23樓,江程金,310490,2772699
澄易環境科技股份有限公司,北市水證甲字第003220號,民權西路27號12樓之1,湯棋同,302608,2772856
宥丞工程有限公司,北市水證丙字第000198號,和平東路二段76巷27-1號,呂芳琦,300000,2770000
群佑環境科技有限公司,北市水證乙字第001011號,成功路四段30巷26號2樓之1,鄭淑真,309699,2775048
台灣博世舒適科技空調設備販賣股份有限公司,北市水證甲字第002569號,南京東路3段63號,飯塚慎一,304307,2771664
郁勝機電工程有限公司,北市水證甲字第002591號,一壽街48號,陳昭霖,306167,2763571
吉大工程股份有限公司,北市水證甲字第003242號,基隆路二段135號6樓,陳竟曜,306108,2768903
穎達營造股份有限公司,北市水證甲字第003244號,羅斯福路三段325號8樓之8,張朝宗,303717,2767775
越南商科泰剛營造股份有限公司,北市水證甲字第003240號,復興北路178號6樓,盧朝欽,304875,2771896
大舜集成股份有限公司,北市水證甲字第003246號,新湖二路257號2樓,蔡長榮,308697,2772968
全道位有限公司,北市水證甲字第003224號,長沙街2段104號11樓,黃思蕾,300906,2770339
虹甫能源科技股份有限公司,北市水證甲字第003234號,復興南路一段342號5樓之2,馬友友,304832,2769876
