序號,縣市別,行政區,機構代碼,診所名稱
1,63000,萬華區,3501196062,麗思醫美診所
2,63000,萬華區,3501195903,黃健勇皮膚科診所
3,63000,萬華區,3501195878,京采美醫診所
4,63000,萬華區,3501194102,生生整形外科診所
5,63000,萬華區,3501195878,京采美醫診所
6,63000,萬華區,3501195627,蔣富強皮膚專科診所
7,63000,萬華區,3501196017,君綺時尚診所
8,63000,南港區,3501122106,麗馨診所
9,63000,南港區,3501122188,荃威診所
10,63000,南港區,3501122160,稚顏美學診所
11,63000,南港區,3501122222,南港美麗爾診所
12,63000,信義區,3501175385,栢麗恆全人診所
13,63000,信義區,3501175303,安珀琢玉醫美診所
14,63000,信義區,3501175723,悠美診所
15,63000,信義區,350102D993,緻妍國際醫學美容診所
16,63000,信義區,3501174726,飛悅皮膚科診所
17,63000,信義區,3501174511,君綺信義診所
18,63000,信義區,3501175527,忠孝英爵診所
19,63000,信義區,3501175509,耐斯信義診所
20,63000,信義區,3501174262,瑞妮絲醫美診所
21,63000,信義區,3501175394,依心唯美整形外科診所
22,63000,信義區,3501174682,市府八千代診所
23,63000,信義區,3501175563,心品診所
24,63000,信義區,3501175536,上帝視角診所
25,63000,信義區,3501174486,髮拉儷皮膚科診所
26,63000,信義區,3501175143,髮拉儷美學植髮診所
27,63000,信義區,3501173863,101時尚診所
28,63000,信義區,3501175714,儷寶得信義皮膚科診所
29,63000,信義區,3501175778,靚顏維格診所
30,63000,信義區,3501175205,米妮診所
31,63000,信義區,3501175116,美麗境界診所
32,63000,信義區,3501175170,東之美診所
33,63000,信義區,3501175189,采醫緻麗整形外科診所
34,63000,信義區,3501175554,美麗馨診所
35,63000,信義區,3501175625,信義霍普金斯診所
36,63000,松山區,3501011340,傅眼科診所
37,63000,松山區,3501012794,京華皮膚科診所
38,63000,松山區,3501015302,瑞麗嘉健康美學慶中診所
39,63000,松山區,3501012838,閎新耳鼻喉科皮膚科聯合診所
40,63000,松山區,3501015446,立健美診所
41,63000,松山區,3501013602,李士虹皮膚科診所
42,63000,松山區,3501015437,安德森整形外科
43,63000,松山區,3501014805,達邱特診所
44,63000,松山區,3501013193,美麗優品時尚診所
45,63000,松山區,3501015268,依定美時尚診所
46,63000,松山區,3501012712,趙彥宇邱慧嫻皮膚科聯合診所
47,63000,松山區,3501014565,新心診所
48,63000,松山區,3501015428,佳利安診所
49,63000,松山區,3501014234,蘋果樹醫美診所
50,63000,松山區,3501012829,英爵聯合診所
51,63000,松山區,3501015044,南京光澤診所
52,63000,松山區,3501015473,守葳診所
53,63000,松山區,3501015222,名悅時尚診所
54,63000,松山區,3501015339,麥茵茲美形診所
55,63000,松山區,3501015348,恆美學診所
56,63000,松山區,3501015080,傑尼斯時尚醫美整形外科診所
57,63000,松山區,3501014449,立悅皮膚科診所
58,63000,松山區,3501014252,金贊診所
59,63000,松山區,3501015375,佳思優醫美整形診所
60,63000,松山區,3501014690,極光美學診所
61,63000,松山區,3501014869,W頂尖醫美診所
62,63000,松山區,3501014912,欣悅超美診所
63,63000,松山區,3501013835,泛亞皮膚科整形外科診所
64,63000,松山區,3501015517,麗得醫美整形外科診所
65,63000,松山區,3501015526,南京安澐診所
66,63000,松山區,3501015311,禾玥醫學診所
67,63000,松山區,3501015384,南京小岩井診所
68,63000,松山區,3501015482,馥之美診所
69,63000,松山區,3501015124,恩緹悠活時尚診所
70,63000,松山區,3501015535,韓后國際健康醫美診所
71,63000,松山區,3501015491,蘭瑞診所
72,63000,松山區,4001010013,長庚醫療財團法人長庚診所
73,63000,松山區,3501015508,君綺國際診所
74,63000,松山區,3501013817,景賀醫美診所
75,63000,松山區,3501015062,妍棠美學診所
76,63000,松山區,3501014958,康活診所
77,63000,松山區,3501014672,臻品絕色診所
78,63000,松山區,3501013166,湘豐診所
79,63000,松山區,3501015455,宸曜診所
80,63000,松山區,3501014583,佳家美學診所
81,63000,北投區,3501161121,邱耳鼻喉科診所
82,63000,北投區,3501163376,真漾美診所
83,63000,北投區,3501162977,芯悅皮膚科診所
84,63000,北投區,3501163143,紀皮膚科診所
85,63000,北投區,3501162799,洪志淳皮膚科診所
86,63000,北投區,3501160991,張參雄診所
87,63000,北投區,3501163054,依嘉美時尚診所
88,63000,北投區,3501163349,黃郁琳皮膚科
89,63000,北投區,3501162584,美麗新卓玉麗皮膚專科診所
90,63000,北投區,3501163134,李承鴻皮膚科
91,63000,北投區,3501163223,辰筠時尚
92,63000,北投區,3501162735,劉明真皮膚科
93,63000,北投區,3501162619,采新整形外科診所
94,63000,北投區,3501163152,靚亮診所
95,63000,文山區,3501203482,蘇黎世診所
96,63000,文山區,3501203446,夏安皮膚專科診所
97,63000,文山區,3501203008,邱成湦皮膚專科診所
98,63000,文山區,3501203348,風寀時尚診所
99,63000,文山區,3501201040,黃皮膚科診所
100,63000,文山區,3501203400,愛文婦產科診所
101,63000,文山區,3501200927,景升診所
102,63000,文山區,3501200785,陳建業診所
103,63000,內湖區,3501114720,內湖全美診所
104,63000,內湖區,3501113554,愛惟美診所
105,63000,內湖區,3501113974,晴渼皮膚專科診所
106,63000,內湖區,3501114711,德威診所
107,63000,內湖區,3501113867,辰星皮膚專科診所
108,63000,內湖區,3501113312,成功皮膚科診所
109,63000,內湖區,3501112762,麗心診所
110,63000,內湖區,3501114588,書拉密美學診所
111,63000,內湖區,3501112971,湖光皮膚專科診所
112,63000,內湖區,3501114515,藝群內湖診所
113,63000,內湖區,3501111005,吳振光眼科診所
114,63000,內湖區,3501110508,達美皮膚專科診所
115,63000,內湖區,3501114766,內湖美麗爾診所
116,63000,內湖區,3501114542,雅斯翠診所
117,63000,內湖區,3501113278,菁英診所
118,63000,內湖區,4001110018,國泰醫療財團法人內湖國泰診所
119,63000,內湖區,3501112735,大愛眼科診所
120,63000,中正區,3501186404,安妞美學診所
121,63000,中正區,3501203535,究美診所
122,63000,中正區,3501202501,漂亮101皮膚科診所
123,63000,中正區,3501183823,東京風采整形外科診所
124,63000,中正區,3501185461,藝群台北診所
125,63000,中正區,3501183994,風華整形外科診所
126,63000,中正區,3501186511,珍顏唯上診所
127,63000,中正區,3501186128,站前愛爾麗診所
128,63000,中正區,3501184320,長春藤台北忠孝診所
129,63000,中正區,3501186324,君綺美麗診所
130,63000,中正區,3501185498,君綺美形診所
131,63000,中正區,3501183154,長虹診所
132,63000,中正區,3501184811,渾然天成診所
133,63000,中正區,3501184553,時尚診所
134,63000,中正區,3501186539,醫健診所
135,63000,中正區,3501186431,千美診所
136,63000,中正區,3501186146,佳飛雅醫美診所
137,63000,中正區,3501185201,小千醫師診所
138,63000,中正區,3501185390,皇妍時尚整形外科診所
139,63000,中正區,3501184428,美麗新診所
140,63000,中正區,3501185809,靚白天使時尚美學診所
141,63000,中正區,3501186173,站前聖宜診所
142,63000,中正區,3501185014,悠媞時尚診所
143,63000,中正區,3501182004,車參聖整形外科診所
144,63000,中正區,3501186020,光澤晶漾診所
145,63000,中正區,3501184795,慕顏時尚美學診所
146,63000,中正區,3501185578,美嘉美整形外科診所
147,63000,中正區,3501185701,百麗診所
148,63000,中正區,3501186440,薇璽美學診所
149,63000,中正區,3501185658,立光診所
150,63000,中正區,3501185407,東妍診所
151,63000,中正區,3501184571,米蘭時尚診所
152,63000,中正區,3501186244,美渥館診所
153,63000,中正區,3501183912,美學院整形外科診所
154,63000,中正區,3501185863,古亭光澤診所
155,63000,中正區,3501186360,幫痘氏公館皮膚科診所
156,63000,中正區,3501185710,波菲特醫美診所
157,63000,中正區,3501186057,星和診所
158,63000,中正區,3501186315,站前美力時尚診所
159,63000,中正區,3501185943,美好健康診所
160,63000,中正區,3501186468,韓娜斯時尚美醫診所
161,63000,中正區,3501184213,美診所
162,63000,中正區,3501183976,新生活診所
163,63000,中正區,3501185247,祈約美醫皮膚科診所
164,63000,中正區,3501184222,星采皮膚專科診所
165,63000,中山區,3501109345,賦真妍皮膚專科診所
166,63000,中山區,3501109916,芙美醫學診所
167,63000,中山區,3501109434,中山璀璨診所
168,63000,中山區,350110A315,銀河星辰醫美診所
169,63000,中山區,3501107583,好美醫美診所
170,63000,中山區,3501109818,千代田八千代診所
171,63000,中山區,3501109621,晶緻美學診所
172,63000,中山區,3501109890,東方八千代診所
173,63000,中山區,3501105598,魅力必緹診所
174,63000,中山區,350110A520,玉妍美醫美診所
175,63000,中山區,3501107761,秀仁整形外科診所
176,63000,中山區,3501108464,好日子診所
177,63000,中山區,3501109005,魏嘉宏皮膚科診所
178,63000,中山區,3501108535,麗安耳鼻喉科診所
179,63000,中山區,3501106246,聚英視光眼科診所
180,63000,中山區,3501108624,巴黎國際長春診所
181,63000,中山區,3501105730,楊菘宇整形外科診所
182,63000,中山區,350110A342,吾霏醫美食驗室診所
183,63000,中山區,350110A360,存奕美學診所
184,63000,中山區,3501104706,登彩整形外科診所
185,63000,中山區,3501103012,中山實美整形外科診所
186,63000,中山區,350110A502,晶緻玥禾診所
187,63000,中山區,350110A146,豐秀整形外科診所
188,63000,中山區,3501109569,欣莘時尚美學診所
189,63000,中山區,3501108928,澤林毛髮診所
190,63000,中山區,3501109998,羅浮婦女診所
191,63000,中山區,3501104224,鄭紹隆整形外科診所
192,63000,中山區,3501104466,李久恆整形外科診所
193,63000,中山區,3501107869,法緹美學時尚診所
194,63000,中山區,3501107109,群英楊麗珍黃景昱皮膚科診所
195,63000,中山區,3501106004,星光整形外科診所
196,63000,中山區,3501108777,南西光澤診所
197,63000,中山區,3501108713,南西好萊塢診所
198,63000,中山區,3501105963,四季花妍整形診所
199,63000,中山區,3501109014,美麗晶華診所
200,63000,中山區,3501102480,池明仁整形外科診所
201,63000,中山區,350110A511,君綺整形外科診所
202,63000,中山區,3501109363,元和雅整形外科診所
203,63000,中山區,3501109041,南京愛爾麗診所
204,63000,中山區,3501109596,極緻醫美診所
205,63000,中山區,3501107967,希望美醫診所
206,63000,中山區,3501103021,東方整形外科診所
207,63000,中山區,3501109863,心湛美學診所
208,63000,中山區,3501109372,明錦生髮植髮診所
209,63000,中山區,350110A486,南京粹究美學診所
210,63000,中山區,3501106791,曼都整形外科診所
211,63000,中山區,350110A191,璞蘊整形外科診所
212,63000,中山區,3501109630,美麗線時尚診所
213,63000,中山區,3501108437,高地植髮家診所
214,63000,中山區,3501104359,萌髮診所
215,63000,中山區,3501109523,台北佐登微爾醫美診所
216,63000,中山區,3501105570,采醫漾麗診所
217,63000,中山區,350110A253,MyHair生髮植鬍診所
218,63000,中山區,3501105696,綺麗嘉美型診所
219,63000,中山區,350110A173,維醫診所
220,63000,中山區,3501109256,名瑿醫美診所
221,63000,中山區,3501109694,萊佳形象美學診所
222,63000,中山區,3501108795,杰膚美診所
223,63000,中山區,3501107234,達特琳醫美診所
224,63000,中山區,3501109792,美麗境界南京復興診所
225,63000,中山區,3501109649,中美診所
226,63000,中山區,3501109032,葛萊美診所
227,63000,中山區,350110A299,莎斐爾整形外科診所
228,63000,中山區,3501109925,中山淨妍醫美診所
229,63000,中山區,3501108357,粹究美學診所
230,63000,中山區,3501104117,王俊民皮膚科診所
231,63000,中山區,3501106479,京硯皮膚科診所
232,63000,中山區,350110A066,皙妍診所
233,63000,中山區,3501109390,AR進階鼻美學時尚診所
234,63000,中山區,3501104322,民生承安診所
235,63000,中山區,3501109336,瑞醫時尚醫美診所
236,63000,中山區,350110A459,佳飛雅緻美學診所
237,63000,中山區,3501108820,丹朵醫學診所
238,63000,中山區,3501109943,晶華美醫診所
239,63000,中山區,3501105187,微風整形外科診所
240,63000,中山區,350110A477,采騰診所
241,63000,中山區,350110A226,恆美學中山診所
242,63000,中山區,3501107850,美麗好診所
243,63000,中山區,350110A539,薇光御境美學診所
244,63000,中山區,350110A306,翡翠診所
245,63000,中山區,3501104180,肌優谷診所
246,63000,中山區,350110A495,金蘋果美學診所
247,63000,中山區,350110A397,詩宓診所
248,63000,中山區,350110A182,卓越健康診所
249,63000,中山區,3501106237,恆麗美型診所
250,63000,中山區,3501105605,英爵醫美診所
251,63000,中山區,3501101849,北安聯合診所
252,63000,中山區,3501107190,美無極美學診所
253,63000,中山區,3501103272,大直診所
254,63000,中山區,3501108375,馨美診所
255,63000,中山區,3501109710,中山元晨診所
256,63000,中山區,350110A020,中山全美診所
257,63000,中山區,3501109676,瑞新時尚診所
258,63000,中山區,350110A271,力安醫學診所
259,63000,大安區,350102E990,台北亞緻整形外科診所
260,63000,大安區,350102G314,無痕美學診所
261,63000,大安區,3501027133,佳醫美人診所
262,63000,大安區,350102G494,生髮診所
263,63000,大安區,350102F184,安東診所
264,63000,大安區,350102H580,菁萃美診所
265,63000,大安區,350102F997,熙之美醫美診所
266,63000,大安區,350102H151,媚登峯纖體醫妍安和診所
267,63000,大安區,3501026234,極緻皮膚專科診所
268,63000,大安區,350102A170,王修含皮膚科診所
269,63000,大安區,350102B051,雅丰麗緻診所
270,63000,大安區,350102A385,雅丰時尚診所
271,63000,大安區,3501029986,雅丰美膚診所
272,63000,大安區,3501026636,知美整形外科診所
273,63000,大安區,350102A965,延吉美皮膚專科診所
274,63000,大安區,350102G458,荻珥整形外科診所
275,63000,大安區,3501028970,捷靚皮膚專科診所
276,63000,大安區,350102H777,澤之肌皮膚專科診所
277,63000,大安區,3501027839,春天診所
278,63000,大安區,350102H133,宸光眼科診所
279,63000,大安區,350102H455,仁愛濰視眼科診所
280,63000,大安區,350102F353,美加仁愛醫美診所
281,63000,大安區,350102H697,羽田醫美診所
282,63000,大安區,350102H919,耐斯診所
283,63000,大安區,3501029173,米洛斯整形外科診所
284,63000,大安區,350102G789,甯之美診所
285,63000,大安區,350102E865,巴比侖診所
286,63000,大安區,350102B775,首爾醫美診所
287,63000,大安區,350102G921,秘境美學診所
288,63000,大安區,350102B417,光澤診所
289,63000,大安區,350102B435,靚世紀診所
290,63000,大安區,350102A867,信義英爵醫美診所
291,63000,大安區,3501028596,群維診所
292,63000,大安區,350102F657,藏琢診所
293,63000,大安區,350102E338,佳思優整形醫美診所
294,63000,大安區,350102A107,夏爾診所
295,63000,大安區,350102D439,毛爵生髮診所
296,63000,大安區,350102G716,忠孝星美妍國際醫美診所
297,63000,大安區,3501020192,亞妮詩整形外科診所
298,63000,大安區,350102C978,安瑟美膚整形外科診所
299,63000,大安區,350102H393,安瑟美皮膚科診所
300,63000,大安區,3501026501,貝拉整形外科診所
301,63000,大安區,350102H722,麗舍整形外科診所
302,63000,大安區,350102H017,生活家醫美診所
303,63000,大安區,350102A401,愛美薇診所
304,63000,大安區,350102H562,自由風美醫診所
305,63000,大安區,350102H946,愛玩美診所
306,63000,大安區,3501026261,大安春暉診所
307,63000,大安區,3501022316,黃禎憲皮膚科診所
308,63000,大安區,350102G805,群英整形外科診所
309,63000,大安區,350102B613,麗式診所
310,63000,大安區,350102C192,名媛芭比時尚醫美診所
311,63000,大安區,350102E534,天美診所
312,63000,大安區,350102B962,如一整形外科診所
313,63000,大安區,350102E703,健全醫美診所
314,63000,大安區,350102E614,多娜台北植髮診所
315,63000,大安區,3501028694,昕彤診所
316,63000,大安區,350102H508,法喬醫美診所
317,63000,大安區,350102G869,星媺診所
318,63000,大安區,3501026921,亞立山大時尚整形診所
319,63000,大安區,350102A992,銘妍診所
320,63000,大安區,350102G430,慕診所
321,63000,大安區,3501025111,黃崇禮皮膚科診所
322,63000,大安區,350102B917,全美診所
323,63000,大安區,350102F362,賽爾拉雅特時尚診所
324,63000,大安區,350102C441,緻美整形外科診所
325,63000,大安區,350102A045,優活麗診所
326,63000,大安區,350102D475,童話時尚診所
327,63000,大安區,350102B855,東區時尚美學診所
328,63000,大安區,350102H437,司鉑診所
329,63000,大安區,350102F700,藝群忠孝診所
330,63000,大安區,350102G707,凱妍診所
331,63000,大安區,350102E954,靚優健康醫學美容診所
332,63000,大安區,350102E472,蜜絲歐妮診所
333,63000,大安區,350102D788,韓佳人診所
334,63000,大安區,3.50E+94,星美妍國際醫美診所
335,63000,大安區,3501025513,薇妮斯整形外科診所
336,63000,大安區,3501029646,美安診所
337,63000,大安區,3501022665,實美整形外科診所
338,63000,大安區,350102F899,東方美學診所
339,63000,大安區,350102H188,冠美國際時尚診所
340,63000,大安區,3501028309,楊氏診所
341,63000,大安區,350102E669,羅丹診所
342,63000,大安區,350102D028,陽光美診所
343,63000,大安區,350102F380,皇珈美學診所
344,63000,大安區,350102D715,韓風時尚整形外科診所
345,63000,大安區,350102I185,禾麗診所
346,63000,大安區,2401020024,國立台灣大學保健中心
347,63000,大安區,350102D911,衣絜時尚美學診所
348,63000,大安區,350102G967,煥儷美形仁愛診所
349,63000,大安區,3501025960,華漾皮膚專科診所
350,63000,大安區,3501026832,藝林整形外科診所
351,63000,大安區,350102G467,賦真妍整形外科專科診所
352,63000,大安區,350102F666,容華診所
353,63000,大安區,350102E481,樂芙美形診所
354,63000,大安區,350102D653,璞之妍診所
355,63000,大安區,4001020028,尹書田醫療財團法人書田泌尿科眼科診所
356,63000,大安區,350102C183,願麗醫美診所
357,63000,大安區,3501027099,安麗整形外科診所
358,63000,大安區,350102H688,葵芮蓓緹醫美診所
359,63000,大安區,350102H295,沐美診所
360,63000,大安區,350102H624,木木日安醫學美容診所
361,63000,大安區,350102H384,樂康美診所
362,63000,大安區,3501023297,蔣曉山整形外科診所
363,63000,大安區,350102 E276,台北生髮診所
364,63000,大安區,350102 E945,國際整形外科診所
365,63000,大安區,350102G403,琢美妍時尚診所
366,63000,大安區,350102H286,琢月診所
367,63000,大安區,350102C003,奧拉克診所
368,63000,大安區,350102H357,忠孝書拉密美學診所
369,63000,大安區,350102G252,維昕時尚診所
370,63000,大安區,350102A509,尼斯診所
371,63000,大安區,350102G127,木木日安皮膚專科診所
372,63000,大安區,350102H320,江子朋醫美診所
373,63000,大安區,350102H535,艾尚美醫美診所
374,63000,大安區,3501029664,晶晏時尚診所
375,63000,大安區,350102F077,三豐診所
376,63000,大安區,350102G029,琢禾美學診所
377,63000,大安區,350102G681,大安皮膚專科診所
378,63000,大安區,350102F219,甯寓美學診所
379,63000,大安區,350102E749,麗波永康國際診所
380,63000,大安區,350102H311,伊勢美診所
381,63000,大安區,350102A750,凡登整形外科診所
382,63000,大安區,350102D420,凡登斐麗診所
383,63000,大安區,3501025433,于賓診所
384,63000,大安區,3501028783,芙蕾亞時尚診所
385,63000,大安區,350102G172,初樂極緻美學診所
386,63000,大安區,350102G761,馥儷診所
387,63000,大安區,350102G930,奐采美診所
388,63000,大安區,350102D573,君綺診所
389,63000,大安區,350102F773,君綺忠孝診所
390,63000,大安區,3501027124,微整形外科診所
391,63000,大安區,3501029673,美之約醫美診所
392,63000,大安區,350102F648,膚適美診所
393,63000,大安區,3501025666,儷人整形外科診所
394,63000,大安區,3501023395,經典整形外科診所
395,63000,大安區,350102B720,京品醫美診所
396,63000,大安區,3501029155,童顏診所
397,63000,大安區,350102C843,尚凌診所
398,63000,大安區,3501026930,電眼美人診所
399,63000,大安區,350102F620,金貞醫學美容診所
400,63000,大安區,350102F568,北秀醫美健康管理診所
401,63000,大安區,350102D742,安諾診所
402,63000,大安區,350102H795,向昕美學整形外科診所
403,63000,大安區,3501029388,小林醫師診所
404,63000,大安區,350102B211,灩妮醫美診所
405,63000,大安區,350102D448,睿醫診所
406,63000,大安區,350102F273,聖緹雅醫美皮膚科診所
407,63000,大安區,350102H419,聖緹雅美學診所
408,63000,大安區,350102F880,喬雅時尚診所
409,63000,大安區,350102D000,博恩妍診所
410,63000,大安區,350102B588,光彩時尚診所
411,63000,大安區,3501022969,蔡博庸整形外科診所
412,63000,大安區,350102B168,綺色佳診所
413,63000,大安區,350102H115,禾顏時尚醫美診所
414,63000,大安區,350102D251,環球診所
415,63000,大安區,350102G725,己研美學診所
416,63000,大安區,3501025791,和平大愛眼科診所
417,63000,大安區,350102A670,教主醫美整形外科診所
418,63000,大安區,350102 E427,教主診所
419,63000,大安區,350102A894,艾萊克時尚診所
420,63000,大安區,350102H704,花之妍美學診所
421,63000,大安區,350102G556,沐淨科技體雕診所
422,63000,大安區,3501027768,永悅診所
423,63000,大安區,350102H339,沐雲美學診所
424,63000,大安區,3501027704,楷鈞診所
425,63000,大安區,350102H642,幸衍醫美診所
426,63000,大安區,3501029084,台北亞緻診所
427,63000,大安區,350102H553,維格診所
428,63000,大安區,350102F326,采依診所
429,63000,大安區,350102F102,A ONE 高階鼻美型診所
430,63000,大安區,350102E516,全新大安診所
431,63000,大安區,350102 E052,嘉速美整形外科醫美診所
432,63000,大安區,350102H008,八千代診所
433,63000,大安區,350102A438,林仲樞整形外科診所
434,63000,大安區,350102A465,旭彤診所
435,63000,大安區,350102G850,苙登醫美診所
436,63000,大安區,350102H660,芮亞時尚美學診所
437,63000,大安區,3.50E+174,忠孝美麗爾診所
438,63000,大安區,3501025102,梁偉中整形外科診所
439,63000,大安區,350102G065,麗生時尚美學診所
440,63000,大安區,350102G636,安澐診所
441,63000,大安區,3501022709,霍天年整形外科診所
442,63000,大安區,350102H599,旅美學活力診所
443,63000,大安區,350102G654,法瑞診所
444,63000,大安區,350102H366,韓佳人綠洲診所
445,63000,大安區,350102E883,永茂忠孝診所
446,63000,大安區,350102F479,女神時尚診所
447,63000,大安區,350102F577,寶泫診所
448,63000,大安區,350102B597,巨星整形外科診所
449,63000,大安區,350102H473,晶漾診所
450,63000,大安區,3501027955,薇娜時尚美學診所
451,63000,大安區,350102F040,元晨診所
452,63000,大安區,3501026592,尚行美皮膚專科診所
453,63000,大安區,3.50E+217,尚行美耳鼻喉專科診所
454,63000,大安區,350102E454,璞美整形外科醫美診所
455,63000,大安區,350102F111,比鼻八千代診所
456,63000,大安區,350102F399,芮禾診所
457,63000,大安區,350102G225,首盛診所
458,63000,大安區,350102H606,久明診所
459,63000,大安區,350102H222,詠漾診所
460,63000,大安區,350102A812,奧美醫美診所
461,63000,大安區,350102F764,大師美學診所
462,63000,大安區,350102B337,微顏整形外科診所
463,63000,大安區,3501025451,綺顏診所
464,63000,大安區,350102F862,王君瑜整形外科診所
465,63000,大安區,3501029360,星采整形外科診所
466,63000,大安區,350102A769,聖宜診所
467,63000,大安區,350102G056,喜顏美學診所
468,63000,大安區,350102A705,美式診所
469,63000,大安區,350102D215,御美診所
470,63000,大安區,350102F255,陽光燦亮診所
471,63000,大安區,350102E918,海亞大健康管理診所
472,63000,大安區,350102A358,嘉仕美整形外科診所
473,63000,大安區,350102A616,嘉仕萌診所
474,63000,大安區,350102E310,時尚假期醫美診所
475,63000,大安區,350102G538,淨妍醫美診所
476,63000,大安區,350102E589,采欣醫美診所
477,63000,大安區,350102D822,時尚元素診所
478,63000,大安區,350102H446,曼星整形醫美診所
479,63000,大安區,350102E981,原綺診所
480,63000,大安區,350102E605,維納斯時尚診所
481,63000,大安區,3501027240,新慶生診所
482,63000,大安區,350102G305,漢蒂妮醫美診所
483,63000,大安區,350102F406,丰緹絲醫美診所
484,63000,大安區,350102H188,冠美國際時尚診所
485,63000,大安區,3501028096,愛爾麗診所
486,63000,大安區,3501027679,聯合整形外科診所
487,63000,大同區,3501093226,台北聖仁皮膚科診所
488,63000,大同區,3501093744,南西司鉑診所
489,63000,大同區,3501093904,永茂醫美診所
490,63000,大同區,3501094198,妍植國際醫美診所
491,63000,大同區,3501093799,南西維格皮膚科診所
492,63000,大同區,3501094214,喜顏快時尚診所
493,63000,大同區,3501093977,志勛皮膚科診所
494,63000,大同區,3501094036,朵薇診所
495,63000,大同區,3501094143,秀冠植髮診所
496,63000,大同區,3501093995,京站好萊塢診所
497,63000,大同區,3501094170,美平方健康美學診所
498,63000,大同區,3501093762,永欣診所
499,63000,大同區,3501094027,夢工場整形醫美診所
500,63000,大同區,3501094161,聖方診所
501,63000,大同區,3501094205,時尚假期整形醫美診所
502,63000,士林區,3501154868,品維維健康美學診所
503,63000,士林區,3501154751,藝群士林診所
504,63000,士林區,3501154813,一七美生活診所
505,63000,士林區,3501154788,天母麥茵茲美形診所
506,63000,士林區,3501151125,蘇惠珍皮膚專科診所
507,63000,士林區,3501151812,徐永康整形外科診所
508,63000,士林區,3501151394,榮庚皮膚科診所
509,63000,士林區,3501154395,陳建華整形外科診所
510,63000,士林區,3501151312,羅氏皮膚科診所
511,63000,士林區,3501154760,士林星和診所
512,63000,士林區,3501154037,天母芝美時尚診所
513,63000,士林區,3501154680,優儷芙生活診所
514,63000,士林區,3501153781,林志聰皮膚科診所
515,63000,士林區,3501153576,雙林皮膚科診所
516,63000,士林區,3501153610,麗心整形外科
517,63000,士林區,3501154117,晶美整形外科診所
