統一編號,公司名稱,公司地址,核准日期,Longitude,Latitude
62247210,峰收頂奢品牌股份有限公司,臺北市中正區懷寧街76號1樓,115/04/01,121.513988,25.04314
62247252,運傳能源科技有限公司,臺北市中正區開封街1段48號11樓之1,115/04/01,121.512056,25.045915
62247289,艾克聲創意有限公司,臺北市中正區南陽街1號5樓,115/04/01,121.516229,25.045715
62247318,超級餐飲有限公司,臺北市中正區南陽街56號1樓,115/04/01,121.515674,25.043911
62247582,大秀娛樂事業股份有限公司,臺北市中正區八德路1段23號3樓,115/04/01,121.531081,25.044326
62247491,昇廣商域有限公司,臺北市大同區延平北路2段202號18樓,115/04/01,121.511296,25.059035
62247605,复春有限公司,臺北市大同區寧夏路81號,115/04/01,121.515113,25.058748
62247339,可及智感科技股份有限公司,臺北市中山區南京東路2段111號6樓,115/04/01,121.533382,25.052232
62247400,世理有限公司,臺北市中山區南京東路1段15號3樓,115/04/01,121.523833,25.052371
62247513,好棒生活有限公司,臺北市中山區建國北路3段143號2樓,115/04/01,121.534969,25.067197
62247648,晴渲有限公司,臺北市中山區民生東路3段57號11樓之1,115/04/01,121.541135,25.058014
62216103,東實資本有限公司,臺北市松山區民生東路3段156號9樓,115/04/01,121.547604,25.057396
62247324,賀睿投資有限公司,臺北市松山區光復南路58巷15號1樓,115/04/01,121.556156,25.04561
62247345,昀界設計國際事業有限公司,臺北市松山區南京東路4段164號11樓之2,115/04/01,121.556691,25.051375
62247529,甄玥投資有限公司,臺北市松山區八德路3段219號13樓,115/04/01,121.556805,25.048214
62215771,沃蒔之間有限公司,臺北市大安區信義路4段380號2樓,115/04/01,121.555888,25.032924
62215929,紫騰虛極有限公司,臺北市大安區忠孝東路4段162號12樓之3,115/04/01,121.550289,25.041284
62216005,真研健康科技股份有限公司,臺北市大安區敦化南路1段313號5樓之1,115/04/01,121.549239,25.034741
62247181,曜典股份有限公司,臺北市大安區復興南路1段243號6樓,115/04/01,121.543885,25.037208
62247366,立暉實業有限公司,臺北市大安區仁愛路3段26號5樓,115/04/01,121.535746,25.037648
62247387,曜衡國際有限公司,臺北市大安區光復南路102號四樓,115/04/01,121.557481,25.043464
62247422,回階遊戲有限公司,臺北市大安區忠孝東路4段300號5樓,115/04/01,121.55628,25.041155
62247274,岱運行銷有限公司,臺北市萬華區中華路1段106號8樓,115/04/01,121.508392,25.043975
62247561,優啟股份有限公司,臺北市萬華區忠孝西路2段24號2樓,115/04/01,121.508204,25.048251
62247302,紘全機電工程股份有限公司,臺北市信義區基隆路1段141號9樓之10,115/04/01,121.565843,25.042983
62247485,致鼎電訊有限公司,臺北市信義區松德路161號13樓之2,115/04/01,121.574837,25.036394
62247226,鮮旺國際有限公司,臺北市士林區士東路83之2號,115/04/01,121.528558,25.112303
62247416,十二聲學科技有限公司,臺北市士林區忠誠路1段171巷6號1樓,115/04/01,121.530677,25.10717
62247268,速倍速科技有限公司,臺北市內湖區內湖路3段59巷20號1樓,115/04/01,121.591852,25.085491
62247458,睦創國際有限公司,臺北市內湖區新湖三路189號5樓,115/04/01,121.580096,25.065014
62247653,海德克科技股份有限公司,臺北市南港區成功路1段62號6樓,115/04/01,121.59262,25.056417
62247437,曜衡工程科技管理顧問有限公司,臺北市文山區木新路2段111巷6弄17號,115/04/01,121.569584,24.983649
62247470,深度生活有限公司,臺北市中正區南陽街24號2樓,115/04/02,121.516026,25.044362
62247598,鹽與甜有限公司,臺北市中正區許昌街42號8樓,115/04/02,121.51546,25.045451
62247703,騰雲家居有限公司,臺北市中正區金山北路1號6樓之3,115/04/02,121.530348,25.043935
62247915,庭研生技有限公司,臺北市中正區忠孝東路1段76號11樓之3,115/04/02,121.523921,25.044467
62247936,合眾媒體有限公司,臺北市中正區中華路1段25之3號3樓,115/04/02,121.50982,25.046067
62247984,智思顧問有限公司,臺北市中正區忠孝東路1段152號12樓之5,115/04/02,121.52592,25.04398
62247696,維特力綠能產業有限公司,臺北市大同區南京西路163號2樓之13,115/04/02,121.513129,25.054082
62247555,均佑醫材顧問有限公司,臺北市中山區長安東路2段80號10樓,115/04/02,121.534107,25.048335
62247669,嘉睿能源股份有限公司,臺北市中山區南京東路2段111號6樓,115/04/02,121.533382,25.052232
62247730,宇顓九恆有限公司,臺北市中山區松江路76號7樓之1,115/04/02,121.532769,25.049645
62247767,山水商號有限公司,臺北市中山區松江路152號8樓,115/04/02,121.53285,25.054189
62247865,旭山景觀有限公司,臺北市中山區長安東路2段171號8樓之2,115/04/02,121.541684,25.048401
62248013,威仕特國際旅行社有限公司,臺北市中山區南京東路3段118號8樓之4,115/04/02,121.540307,25.051739
62247680,食旅文化股份有限公司,臺北市松山區光復南路5號1樓、7號1樓,115/04/02,121.557965,25.047801
62247295,方舟舟工作柿有限公司,臺北市大安區信義路4段296號15樓,115/04/02,121.554592,25.032948
62247507,德義有限公司,臺北市大安區敦化南路2段180號9樓,115/04/02,121.548312,25.023705
62247534,心創教育有限公司,臺北市大安區復興南路1段352號2樓,115/04/02,121.543392,25.03562
62247540,富食康餐飲顧問股份有限公司,臺北市大安區仁愛路4段228號1樓,115/04/02,121.552086,25.037509
62247627,聿修社有限公司,臺北市大安區信義路4段380號2樓,115/04/02,121.555888,25.032924
62247719,星光模方股份有限公司,臺北市大安區建國南路2段167號7樓,115/04/02,121.538084,25.02831
62247725,序流數位有限公司,臺北市大安區敦化南路1段376號6樓之3,115/04/02,121.548441,25.033598
62247859,資旅科技股份有限公司,臺北市大安區羅斯福路2段93號18樓之5,115/04/02,121.52412,25.025144
62247909,萬象生活有限公司,臺北市大安區忠孝東路四段221號10樓,115/04/02,121.552577,25.041661
62247921,銳福健身有限公司,臺北市大安區安和路2段60號1樓,115/04/02,121.552242,25.030677
62247979,未定事務有限公司,臺北市大安區忠孝東路四段319號6樓之1,115/04/02,121.556059,25.041591
62247632,亞特理顧問股份有限公司,臺北市萬華區開封街2段39號1樓,115/04/02,121.506431,25.047141
62216053,拍圖一閃有限公司,臺北市信義區基隆路1段163號14樓之1,115/04/02,121.565226,25.041751
62247247,星光樹文化有限公司,臺北市信義區信義路5段109號6樓之1,115/04/02,121.573123,25.03329
62247577,卓銘有限公司,臺北市信義區基隆路2段51號8樓之7,115/04/02,121.558531,25.030982
62247611,天元娛樂有限公司,臺北市信義區松山路421號11樓之4,115/04/02,121.578005,25.040496
62247675,序恆影像製作有限公司,臺北市信義區忠孝東路5段1之8號12樓,115/04/02,121.565175,25.041293
62247746,特塞澤台灣有限公司,臺北市信義區基隆路1段163號14樓之1,115/04/02,121.565226,25.041751
62247823,聚享國際股份有限公司,臺北市信義區忠孝東路5段1之8號5樓,115/04/02,121.565175,25.041293
62247871,思兼創意有限公司,臺北市信義區莊敬路341巷4弄10號,115/04/02,121.564702,25.028093
62247957,朝彩金堡有限公司,臺北市士林區文林路144巷12號5樓,115/04/02,121.526951,25.088557
62247372,惟壹企業有限公司,臺北市內湖區金龍路185之1號1樓,115/04/02,121.588324,25.086995
62247801,望台實業有限公司,臺北市內湖區新明路343號8樓,115/04/02,121.583617,25.056086
62247773,卡巴文化有限公司,臺北市南港區玉成街78號1樓,115/04/02,121.582575,25.046375
62247886,台灣躍展有限公司,臺北市南港區南港路3段130巷3弄15號3樓,115/04/02,121.58739,25.053708
62248061,源序投資股份有限公司,臺北市中正區信義路2段101號8樓,115/04/07,121.527681,25.03422
62248225,流量數位行銷有限公司,臺北市中正區仁愛路2段25號5樓,115/04/07,121.527305,25.038461
62248301,淞泰能源有限公司,臺北市中正區許昌街42之1號10樓,115/04/07,121.515624,25.045162
62247794,噴泉廣場有限公司,臺北市大同區貴德街79號1樓,115/04/07,121.508447,25.056359
62247963,盼望有限公司,臺北市大同區重慶北路2段48號9樓之3,115/04/07,121.513904,25.055454
62248105,莯潗國際有限公司,臺北市大同區南京西路62號7樓,115/04/07,121.519042,25.052752
62248251,三彡川室內裝修設計有限公司,臺北市大同區長安西路78巷4弄1號1樓,115/04/07,121.519126,25.049886
62248317,宏昱永續股份有限公司,臺北市大同區重慶北路2段173之2號,115/04/07,121.513795,25.059394
62248029,奧斯網路有限公司,臺北市中山區南京東路2段150號7樓,115/04/07,121.534199,25.051833
62248077,踏實數位股份有限公司,臺北市中山區民權東路3段70之2號2樓,115/04/07,121.542993,25.062111
62248153,晨光寓所餐飲有限公司,臺北市中山區德惠街178號,115/04/07,121.531914,25.066486
62248169,碰碰工作室有限公司,臺北市中山區民權西路20號2樓,115/04/07,121.521801,25.062601
62248196,佳富管理顧問股份有限公司,臺北市中山區復興南路1段2號11樓,115/04/07,121.543683,25.04718
62248219,睿宇科技有限公司,臺北市中山區建國北路3段90號1樓,115/04/07,121.534685,25.06649
62248246,真心企業股份有限公司,臺北市中山區復興北路70號9樓之1,115/04/07,121.543794,25.050756
62248273,恆曜貿易有限公司,臺北市中山區長安東路1段30號1樓,115/04/07,121.526134,25.048663
62215765,默連國際有限公司,臺北市松山區民權東路3段144號4樓之7,115/04/07,121.547244,25.061857
62247892,史壯國際有限公司,臺北市松山區南京東路5段188號3樓之7,115/04/07,121.563747,25.051213
62248132,昂鋐科創股份有限公司,臺北市松山區八德路4段83號地下1樓,115/04/07,121.560326,25.04857
62248148,美慧珍投資股份有限公司,臺北市松山區八德路4段224號1樓,115/04/07,121.564882,25.048784
62248203,台灣祺豐有限公司,臺北市松山區光復北路11巷97號4樓之3,115/04/07,121.56234,25.050436
62247942,翰笙有限公司,臺北市大安區忠孝東路3段305號6樓之1,115/04/07,121.543542,25.041886
62247990,源哲有限公司,臺北市大安區復興南路1段167號2樓,115/04/07,121.543982,25.041128
62248007,九力創意科技股份有限公司,臺北市大安區信義路4段30巷16號,115/04/07,121.544549,25.032627
62248034,事木木作工程有限公司,臺北市大安區信義路3段186號9樓,115/04/07,121.542649,25.033197
62248230,韌性實驗科技有限公司,臺北市大安區復興南路2段237號13樓,115/04/07,121.54371,25.025846
62248288,笑果行銷有限公司,臺北市大安區忠孝東路4段169號6樓之1,115/04/07,121.550421,25.041705
62247817,井然管理顧問有限公司,臺北市信義區基隆路1段176號13樓,115/04/07,121.565209,25.042814
62248180,衍一有限公司,臺北市信義區忠孝東路5段482號15樓之4,115/04/07,121.577997,25.040597
62248175,興成國際貿易有限公司,臺北市內湖區民權東路6段180巷6號5樓,115/04/07,121.592648,25.068196
62248082,太芙努特科技股份有限公司,臺北市南港區南港路3段130巷3弄15號3樓,115/04/07,121.58739,25.053708
62248055,廣宇室內裝修有限公司,臺北市文山區恆光街10號,115/04/07,121.566573,24.983533
62248267,銓洁渼清潔有限公司,臺北市文山區景興路159號2樓,115/04/07,121.544694,24.993573
62222148,鉅宸雲端科技股份有限公司,臺北市中正區重慶南路1段83號6樓,115/04/08,121.513338,25.043755
62222175,昕創科技股份有限公司,臺北市中正區重慶南路1段57號10樓之17,115/04/08,121.51335,25.044671
62222317,江銘工程有限公司,臺北市中正區晉江街129號3樓,115/04/08,121.524979,25.022704
62248338,洁莉有限公司,臺北市中正區衡陽路36號8樓之3,115/04/08,121.512497,25.042197
62248359,函特文教有限公司,臺北市中正區金山北路1號5樓之6,115/04/08,121.530348,25.043935
62248365,泛聲互動有限公司,臺北市中正區濟南路2段6號7樓,115/04/08,121.526791,25.041332
62248457,萬物有隙有限公司,臺北市中正區紹興北街35號4樓之3,115/04/08,121.525529,25.045399
62253471,睿拓顧問有限公司,臺北市中正區衡陽路10號12樓,115/04/08,121.513623,25.042228
62222196,霆潤有限公司,臺北市大同區重慶北路2段72號3樓,115/04/08,121.513696,25.056298
62222323,博新設計有限公司,臺北市大同區承德路1段35號6樓,115/04/08,121.517315,25.051093
62222180,領航船務代理有限公司,臺北市中山區南京東路2段6號9樓,115/04/08,121.528378,25.051881
62222203,芳承有限公司,臺北市中山區復興北路164號4樓,115/04/08,121.54386,25.053471
62222246,台灣紅廚家具用品有限公司,臺北市中山區復興北路178號11樓,115/04/08,121.543875,25.054241
62248111,築藝資產管理股份有限公司,臺北市中山區民權東路3段35號11樓,115/04/08,121.542196,25.062549
62248127,溫度智能有限公司,臺北市中山區長安東路2段162號7樓,115/04/08,121.539353,25.04824
62248409,盈創新材股份有限公司,臺北市中山區民生東路2段143號8樓,115/04/08,121.534548,25.05815
62248479,澄蘊生醫有限公司,臺北市中山區南京東路2段137號14樓,115/04/08,121.53511,25.052216
62248512,層于設計有限公司,臺北市中山區建國北路3段90號1樓,115/04/08,121.534685,25.06649
62248533,智奕管理顧問股份有限公司,臺北市中山區長安東路2段181號6樓,115/04/08,121.542569,25.048385
62248554,永悅家務所有限公司,臺北市中山區復興北路48號10樓之1,115/04/08,121.54376,25.049537
62253394,瑞登科技股份有限公司,臺北市中山區中山北路2段52號8樓之1,115/04/08,121.522552,25.056266
62222288,合利順財務股份有限公司,臺北市松山區八德路2段374號4樓之5,115/04/08,121.546041,25.047957
62248463,迦南美地開發顧問有限公司,臺北市松山區復興北路201號10樓,115/04/08,121.544334,25.055686
62253459,銘玥科技有限公司,臺北市松山區南京東路5段188號6樓之5,115/04/08,121.563747,25.051213
62253535,泓珩策略顧問股份有限公司,臺北市松山區民權東路3段142號13樓,115/04/08,121.546856,25.061723
62222225,瑞淇生醫股份有限公司,臺北市大安區信義路4段296號6樓之4,115/04/08,121.554592,25.032948
62248294,熒風股份有限公司,臺北市大安區大安路1段191號6樓之1,115/04/08,121.546099,25.035768
62248323,飛吧國際有限公司,臺北市大安區復興南路2段237號13樓,115/04/08,121.54371,25.025846
62248386,四更天有限公司,臺北市大安區復興南路1段352號2樓,115/04/08,121.543392,25.03562
62248392,智境科技有限公司,臺北市大安區復興南路1段352號2樓之2,115/04/08,121.543392,25.03562
62248528,原建工程股份有限公司,臺北市大安區信義路4段341號9樓之2,115/04/08,121.556702,25.0333
62248549,美威文教有限公司,臺北市大安區羅斯福路3段177號10樓之3,115/04/08,121.527878,25.021249
62248560,安衡救護車事業有限公司,臺北市大安區師大路129號地下,115/04/08,121.528255,25.021705
62248576,夏天好視顧問有限公司,臺北市大安區羅斯福路2段93號18樓之5,115/04/08,121.52412,25.025144
62248604,和毓資訊有限公司,臺北市大安區信義路4段296號15樓,115/04/08,121.554592,25.032948
62253465,尚境行銷有限公司,臺北市大安區羅斯福路三段29號6樓,115/04/08,121.525237,25.023665
62253486,賣多多實業有限公司,臺北市大安區忠孝東路4段97號3樓之9,115/04/08,121.547955,25.041754
62222230,艾斯陪伴有限公司,臺北市萬華區長沙街2段91號6樓之7,115/04/08,121.504733,25.040552
62248371,鼎揚設計整合有限公司,臺北市萬華區國興路48號4樓之3,115/04/08,121.507291,25.025404
62248581,點創思維有限公司,臺北市萬華區長沙街2段161號6樓,115/04/08,121.502358,25.040613
62222169,熊兔有限公司,臺北市信義區忠孝東路5段412號17樓,115/04/08,121.575166,25.040711
62222219,聖維企業有限公司,臺北市信義區永吉路443巷2號,115/04/08,121.578311,25.045624
62222251,木子一土有限公司,臺北市信義區松德路12號6樓,115/04/08,121.577377,25.039732
62248421,松仁資本股份有限公司,臺北市信義區松智路1號11樓,115/04/08,121.566081,25.038775
62253417,俄斐金有限公司,臺北市信義區松山路421號11樓之4,115/04/08,121.578005,25.040496
62253541,超特有限公司,臺北市信義區永吉路168號8樓,115/04/08,121.571022,25.045469
62248597,心呈室內裝修設計有限公司,臺北市北投區義理街13號,115/04/08,121.515077,25.116322
62222273,光始匹克俱樂部股份有限公司,臺北市內湖區康寧路1段296號1樓,115/04/08,121.5979,25.078562
62248436,東艾工程顧問有限公司,臺北市內湖區新明路341號7樓,115/04/08,121.583502,25.056349
62248490,順發餐飲有限公司,臺北市文山區興隆路2段323號1樓,115/04/08,121.553939,25.001197
62253514,菁耀資本股份有限公司,臺北市中正區許昌街42號8樓,115/04/09,121.51546,25.045451
62253628,嘉興整合工程有限公司,臺北市中正區許昌街42號8樓,115/04/09,121.51546,25.045451
62253676,順源帷幕有限公司,臺北市中正區館前路8號7樓,115/04/09,121.514895,25.045814
62253697,富比世傳媒有限公司,臺北市中正區羅斯福路1段25號6樓,115/04/09,121.518454,25.032831
62222301,金福利國際有限公司,臺北市中山區長春路67號6樓之1,115/04/09,121.526493,25.055022
62253438,孟樺資訊科技股份有限公司,臺北市中山區長安東路2段31號6樓之3,115/04/09,121.531218,25.048587
62253599,米禾股份有限公司,臺北市中山區民生東路1段51號4樓之1,115/04/09,121.526242,25.058197
62253606,肉執事四號店股份有限公司,臺北市中山區南京東路2段6號11樓,115/04/09,121.528378,25.051881
62253654,理陽投資管理顧問有限公司,臺北市中山區南京東路3段189號10樓,115/04/09,121.542231,25.052087
62253710,卓越資本科技有限公司,臺北市中山區松江路315號11樓,115/04/09,121.533413,25.061945
62253795,伴飛科技顧問股份有限公司,臺北市中山區南京東路2段101號11樓,115/04/09,121.532636,25.05224
62253824,建元數位有限公司,臺北市中山區長安東路2段142號7樓之1,115/04/09,121.537395,25.048279
62253866,順展科技有限公司,臺北市中山區農安街77巷9弄35號1樓,115/04/09,121.529465,25.066258
62253887,多比寶台灣股份有限公司,臺北市中山區建國北路2段3巷15號5樓,115/04/09,121.537665,25.052578
62253916,宏羽機械起重股份有限公司,臺北市中山區錦州街159號2樓之5,115/04/09,121.529867,25.06044
62253943,鴨若火哥股份有限公司,臺北市中山區龍江路277號1樓,115/04/09,121.540828,25.05966
62253423,銘氏股份有限公司,臺北市松山區民權東路3段106巷15弄9號3樓,115/04/09,121.545398,25.060067
62253492,瀚思數位內容有限公司,臺北市松山區南京東路5段188號6樓之5,115/04/09,121.563747,25.051213
62253562,醒客有限公司,臺北市松山區基隆路1段8號13樓,115/04/09,121.569933,25.050764
62253752,森泳航太工業股份有限公司,臺北市松山區八德路2段437巷1弄10號2樓,115/04/09,121.547218,25.048691
62222338,誠慧投資股份有限公司,臺北市大安區信義路4段203之1號3樓,115/04/09,121.551779,25.033434
62253578,恆動資本有限公司,臺北市大安區安和路2段7號10樓之1,115/04/09,121.552632,25.032765
62253660,精讚易經文化科技有限公司,臺北市大安區安和路二段5號6樓之4,115/04/09,121.552633,25.032843
62253704,凱晰翡翠有限公司,臺北市大安區復興南路1段126巷1號2樓之5,115/04/09,121.543,25.04331
62253774,百利多元宇宙控股有限公司,臺北市大安區復興南路1段390號8樓之1,115/04/09,121.543381,25.033722
62253845,曜采國際有限公司,臺北市大安區忠孝東路4段162號12樓之4,115/04/09,121.550289,25.041284
62253520,啟睿投資有限公司,臺北市萬華區中華路1段106號8樓,115/04/09,121.508392,25.043975
62253731,序界科技股份有限公司,臺北市萬華區忠孝西路2段20號4樓,115/04/09,121.508334,25.04822
62253850,夏諾瓦國際行銷管理顧問有限公司,臺北市萬華區中華路1段106號8樓,115/04/09,121.508392,25.043975
62253958,聲勢文創娛樂有限公司,臺北市萬華區中華路1段106號8樓,115/04/09,121.508392,25.043975
62222267,提克美倫台灣有限公司,臺北市信義區基隆路1段163號14樓之1,115/04/09,121.565226,25.041751
62222294,無限寶藏有限公司,臺北市信義區忠孝東路5段1號2樓,115/04/09,121.564858,25.041338
62253401,鈦亨管理顧問有限公司,臺北市信義區松高路9號25樓,115/04/09,121.565073,25.039514
62253508,標策國際有限公司,臺北市信義區信義路4段415號14樓之1,115/04/09,121.559235,25.033304
62253768,台灣日勝採購服務有限公司,臺北市信義區忠孝東路5段1之10號3樓,115/04/09,121.565242,25.041291
62253872,御美筑造空間有限公司,臺北市信義區永吉路187巷14號2樓,115/04/09,121.57286,25.046837
62253726,古早味雜貨有限公司,臺北市士林區社中街264巷4之1號1樓,115/04/09,121.507087,25.092144
62253818,易旻租賃住宅服務資產管理股份有限公司,臺北市士林區社子街63巷23號1樓,115/04/09,121.50694,25.088372
62253649,軒克蘿創造社有限公司,臺北市內湖區瑞光路335號11樓,115/04/09,121.575081,25.077407
62253681,旅藏選品有限公司,臺北市內湖區瑞光路335號11樓,115/04/09,121.575081,25.077407
62253747,品式力有限公司,臺北市內湖區康樂街72巷17弄84號1樓,115/04/09,121.616427,25.070482
62254078,鼎禾股份有限公司,臺北市中正區杭州南路1段27號9樓,115/04/10,121.526381,25.041985
62254149,共智科技股份有限公司,臺北市中正區忠孝東路1段76號4樓之5,115/04/10,121.523921,25.044467
62254210,燭光音樂事業有限公司,臺北市中正區汀州路2段219號,115/04/10,121.522715,25.023493
62254295,特斯拉智能投資有限公司,臺北市中正區館前路59號9樓,115/04/10,121.515126,25.044768
62248415,兜跑俱樂部股份有限公司,臺北市大同區迪化街1段358之2號,115/04/10,121.509131,25.062833
62253893,元鐤工程有限公司,臺北市中山區龍江路397巷45號,115/04/10,121.543369,25.065615
62254014,禾曼生活有限公司,臺北市中山區南京東路2段150號5樓,115/04/10,121.534199,25.051833
62254020,夏朵公關顧問有限公司,臺北市中山區松江路131之25號13樓,115/04/10,121.533433,25.054264
62254056,慢慢學育成股份有限公司,臺北市中山區復興北路48號7樓,115/04/10,121.54376,25.049537
62254387,寶業服飾股份有限公司,臺北市中山區松江路206號11樓之2,115/04/10,121.532906,25.057535
62254577,想想創意製造所有限公司,臺北市中山區南京東路1段15號3樓,115/04/10,121.523833,25.052371
62254669,昕耀開發股份有限公司,臺北市中山區南京東路1段52號2樓,115/04/10,121.524669,25.05195
62253556,紅優有限公司,臺北市松山區基隆路1段8號13樓,115/04/10,121.569933,25.050764
62254128,蘇夏創意設計有限公司,臺北市松山區民權東路3段144號4樓之7,115/04/10,121.547244,25.061857
62254226,藍途控股有限公司,臺北市松山區八德路3段2號10樓之2,115/04/10,121.549295,25.04786
62254268,祤恒空間制所有限公司,臺北市松山區民生東路4段54號6樓之11,115/04/10,121.550915,25.057734
62254274,添豐實業股份有限公司,臺北市松山區南京東路4段69號3樓,115/04/10,121.552943,25.051863
62254302,魚森有限公司,臺北市松山區南京東路4段164號11樓之2,115/04/10,121.556691,25.051375
62254324,泰行投資有限公司,臺北市松山區八德路2段437巷10弄23之1號1樓,115/04/10,121.546296,25.049637
62254339,福心開發有限公司,臺北市松山區八德路2段437巷10弄23之1號1樓,115/04/10,121.546296,25.049637
62254366,凱盟國際貿易有限公司,臺北市松山區南京東路4段17號8樓之5,115/04/10,121.550126,25.051909
62254035,晨煦顧問有限公司,臺北市大安區信義路4段296號15樓,115/04/10,121.554592,25.032948
62254099,紅晨有限公司,臺北市大安區大安路1段31巷20號,115/04/10,121.54716,25.043922
62254181,禾多科技股份有限公司,臺北市大安區忠孝東路3段205之6號6樓,115/04/10,121.539199,25.041874
62254197,華傑電影製作有限公司,臺北市大安區忠孝東路4段290號10樓,115/04/10,121.555868,25.041162
62254247,壹柒好寓資產管理有限公司,臺北市大安區敦化南路2段1號12樓,115/04/10,121.549159,25.033024
62254318,愛德菲斯數位有限公司,臺北市大安區忠孝東路3段303號2樓之1,115/04/10,121.543304,25.042007
62254350,啟峰智能股份有限公司,臺北市大安區羅斯福路3段277之6號6樓,115/04/10,121.531057,25.018232
62254513,今選空間整合有限公司,臺北市大安區師大路68巷13號2樓,115/04/10,121.527801,25.024253
62254611,鑫羅國材科技股份有限公司,臺北市大安區忠孝東路4段97號3樓之9,115/04/10,121.547955,25.041754
62254632,雄暢國材科技股份有限公司,臺北市大安區忠孝東路4段97號3樓之9,115/04/10,121.547955,25.041754
62254653,鎧得國際管理顧問有限公司,臺北市大安區忠孝東路4段221號10樓,115/04/10,121.552577,25.041661
62253583,優識生活有限公司,臺北市萬華區西寧南路192之4號1樓,115/04/10,121.506178,25.039019
62254231,家安資產管理有限公司,臺北市萬華區和平西路3段298巷5號1樓,115/04/10,121.493716,25.035112
62254289,振雲國際有限公司,臺北市萬華區昆明街46號7樓之4,115/04/10,121.505717,25.046433
62253937,友多聞文化有限公司,臺北市信義區忠孝東路4段563號17樓,115/04/10,121.564019,25.041454
62254062,冬穀子故事有限公司,臺北市信義區忠孝東路5段764號3樓,115/04/10,121.58138,25.043091
62254083,賽思生技有限公司,臺北市信義區松仁路36號11樓,115/04/10,121.567823,25.038792
62254106,金鈕娛樂有限公司,臺北市信義區忠孝東路5段476號5樓,115/04/10,121.577298,25.040662
62254133,金誠互動媒體有限公司,臺北市信義區信義路5段150巷2號12樓之5,115/04/10,121.570922,25.02816
62254345,伊米思股份有限公司,臺北市信義區忠孝東路4段563號17樓,115/04/10,121.564019,25.041454
62254160,盈俐有限公司,臺北市士林區雨聲街79號5樓,115/04/10,121.528747,25.104102
62254204,晟世投資有限公司,臺北市士林區重慶北路4段41號1樓,115/04/10,121.51288,25.080821
62253839,音刻創意多媒體有限公司,臺北市北投區實踐街93號1樓,115/04/10,121.511429,25.115344
62254041,翰立智能有限公司,臺北市北投區石牌路二段334號2樓,115/04/10,121.524472,25.122541
62253991,美森生醫有限公司,臺北市內湖區成功路4段30巷10號4樓,115/04/10,121.591302,25.082068
62254008,宸鈞科技有限公司,臺北市內湖區瑞光路168號9樓,115/04/10,121.57865,25.07391
62254154,瑞晟國際開發股份有限公司,臺北市內湖區成功路三段81號6樓,115/04/10,121.589935,25.078123
62254112,正美科技股份有限公司,臺北市南港區南港路3段50巷27號1樓,115/04/10,121.59079,25.056263
62254252,大聯大供應鏈服務股份有限公司,臺北市南港區經貿二路189號22樓,115/04/10,121.616054,25.060537
62254507,內克薩數位股份有限公司,臺北市南港區三重路19之13號4樓,115/04/10,121.613229,25.058551
62253970,柏特拉股份有限公司,臺北市文山區萬和街8號11樓之9,115/04/10,121.567725,25.002008
62254372,新鏈智算科技有限公司,臺北市中正區衡陽路10號7樓,115/04/13,121.513623,25.042228
62254719,布魯斯資本有限公司,臺北市中正區衡陽路10號7樓,115/04/13,121.513623,25.042228
62254730,洸研科技股份有限公司,臺北市中正區懷寧街76號1樓,115/04/13,121.513988,25.04314
62254773,玩桌球有限公司,臺北市中正區杭州南路1段23號9樓之3,115/04/13,121.526463,25.042255
62254936,源沐有限公司,臺北市中正區青島東路4之8號1樓,115/04/13,121.521652,25.043623
62255105,泳遠顧問有限公司,臺北市中正區重慶南路1段43號11樓之8,115/04/13,121.513349,25.044958
62253633,萊普樂斯台灣有限公司,臺北市大同區西寧北路78之18號,115/04/13,121.508688,25.05443
62254627,納瓦爾室內裝修有限公司,臺北市大同區哈密街164號,115/04/13,121.51293,25.072803
62253922,木風室內裝修有限公司,臺北市中山區松江路3號4樓之1,115/04/13,121.53313,25.046001
62254176,駿綸國際股份有限公司,臺北市中山區松江路32之1號8樓,115/04/13,121.532731,25.047343
62254540,驊威國際股份有限公司,臺北市中山區松江路32之1號8樓,115/04/13,121.532731,25.047343
62254746,泰樂管理顧問有限公司,臺北市中山區建國北路3段90號1樓,115/04/13,121.534685,25.06649
62254817,振心有限公司,臺北市中山區長安東路2段173號3樓之1,115/04/13,121.542232,25.048414
62254871,台灣諾誼智序科技有限公司,臺北市中山區中山北路3段30號7樓之3,115/04/13,121.522035,25.065362
62254979,台灣安測科技有限公司,臺北市中山區林森北路520號6樓,115/04/13,121.525505,25.062325
62254582,永洛集有限公司,臺北市松山區南京東路五段2號3樓,115/04/13,121.558057,25.051235
62254703,台北速動球館股份有限公司,臺北市松山區南京東路4段77號5樓之1,115/04/13,121.553875,25.051831
62254859,飛馳科技有限公司,臺北市松山區南京東路四段152號8樓,115/04/13,121.556067,25.051385
62254984,極鏈智能科技股份有限公司,臺北市松山區南京東路4段50號12樓之1,115/04/13,121.553462,25.051447
62253612,泓瀚事業有限公司,臺北市大安區復興南路1段209號4樓,115/04/13,121.543949,25.039444
62254534,特緹斯國際行銷有限公司,臺北市大安區忠孝東路4段319號6樓之1,115/04/13,121.556059,25.041591
62254605,德業生技有限公司,臺北市大安區信義路4段279號11樓,115/04/13,121.554714,25.033344
62254675,香隱艸堂國際有限公司,臺北市大安區敦化南路1段161巷60號1樓,115/04/13,121.552034,25.043392
62254751,坤鉅投資管理顧問股份有限公司,臺北市大安區新生南路3段68之4號2樓,115/04/13,121.53351,25.019711
62254767,心整全國際事業有限公司,臺北市大安區和平東路1段6號11樓,115/04/13,121.523047,25.026847
62254788,弎赫茲有限公司,臺北市大安區羅斯福路3段29號6樓,115/04/13,121.525237,25.023665
62254794,唯嘉登有限公司,臺北市大安區復興南路1段390號8樓之1,115/04/13,121.543381,25.033722
62254892,衡鼎投資控股有限公司,臺北市大安區忠孝東路3段305號4樓之4,115/04/13,121.543542,25.041886
62254915,森岳控股股份有限公司,臺北市大安區新生南路3段68之4號2樓,115/04/13,121.53351,25.019711
62254990,睿葵有限公司,臺北市大安區忠孝東路4段97號3樓之9,115/04/13,121.547955,25.041754
62255029,金璽整合行銷股份有限公司,臺北市大安區金山南路2段200號3樓,115/04/13,121.525963,25.027927
62255082,澤宸國際有限公司,臺北市大安區光復南路102號4樓,115/04/13,121.557481,25.043464
62254886,隆源土地開發有限公司,臺北市萬華區和平西路2段178號2樓,115/04/13,121.504947,25.033535
62248506,杉媞品牌行銷顧問有限公司,臺北市信義區基隆路1段155號7樓,115/04/13,121.565336,25.042216
62253900,晃晃所有限公司,臺北市信義區松高路11號25樓,115/04/13,121.565242,25.039515
62254393,易瑞得有限公司,臺北市信義區基隆路1段143號11樓之3,115/04/13,121.565797,25.042902
62254680,好華本源有限公司,臺北市信義區松德路65號11樓之1,115/04/13,121.576649,25.038527
62255111,好多個有限公司,臺北市信義區基隆路2段149之49號11樓之9,115/04/13,121.555072,25.026382
62253789,展意投資有限公司,臺北市內湖區民權東路6段160號6樓,115/04/13,121.591874,25.068678
62254725,牧德投資股份有限公司,臺北市內湖區南京東路6段461號3樓之2,115/04/13,121.587526,25.061015
62254823,宇宏資本有限公司,臺北市中正區和平西路1段20號8樓,115/04/14,121.520827,25.026617
62254942,幻戀娛樂有限公司,臺北市中正區衡陽路9號1樓,115/04/14,121.513696,25.042414
62255034,玖藏投資有限公司,臺北市中正區和平西路1段20號8樓,115/04/14,121.520827,25.026617
62255251,方越有限公司,臺北市中正區中華路1段59號9樓,115/04/14,121.508529,25.041335
62255294,薇琪全球商貿有限公司,臺北市中正區重慶南路1段83號6樓,115/04/14,121.513338,25.043755
62255338,無垢影像製作有限公司,臺北市中正區杭州南路1段23號9樓之3,115/04/14,121.526463,25.042255
62255392,璟熙數位行銷有限公司,臺北市中正區許昌街42號8樓,115/04/14,121.51546,25.045451
62195424,安承投資股份有限公司,臺北市大同區承德路2段215號4樓之4,115/04/14,121.518432,25.059812
62195487,睿協有限公司,臺北市大同區迪化街2段295之4號1樓,115/04/14,121.512674,25.073421
62195542,西門姐姐美業教育顧問有限公司,臺北市大同區南京西路30號7樓之2,115/04/14,121.519854,25.05261
62254909,築里物業設計股份有限公司,臺北市大同區市民大道1段207號7樓之17,115/04/14,121.517694,25.049126
62255153,喬一聯合實業有限公司,臺北市大同區甘谷街26號5樓,115/04/14,121.510876,25.052772
62195472,以恆國際有限公司,臺北市中山區南京東路三段219號9樓,115/04/14,121.54328,25.052084
62254801,澄悅美學股份有限公司,臺北市中山區中山北路2段59巷45號11樓之11,115/04/14,121.524535,25.055969
62255077,豬可夫股份有限公司,臺北市中山區松江路428號2樓之6,115/04/14,121.532976,25.065279
62255098,聯宇行銷事業股份有限公司,臺北市中山區民權東路3段70之2號2樓,115/04/14,121.542993,25.062111
62255127,寶城健康產業股份有限公司,臺北市中山區林森北路50號8樓之3,115/04/14,121.524201,25.048344
62255203,尚書思鹿院股份有限公司,臺北市中山區建國北路3段90號1樓,115/04/14,121.534685,25.06649
62255219,百世匯創有限公司,臺北市中山區松江路42號10樓之7,115/04/14,121.532735,25.047737
62255267,宏宜國際有限公司,臺北市中山區南京東路1段86號7樓之4,115/04/14,121.525617,25.051918
62255421,昇益科技有限公司,臺北市中山區復興北路164號4樓之1,115/04/14,121.54386,25.053471
62254865,實衡有限公司,臺北市松山區基隆路1段8號13樓,115/04/14,121.569933,25.050764
62255273,曜陽工程有限公司,臺北市松山區延吉街7之1號地下室,115/04/14,121.553494,25.047464
62195515,締繁錦程室內裝修設計股份有限公司,臺北市大安區敦化南路2段77號9樓之1,115/04/14,121.549317,25.030189
62254963,果透思數位股份有限公司,臺北市大安區忠孝東路4段155號6樓,115/04/14,121.550038,25.041709
62255013,振川工程有限公司,臺北市大安區通化街200巷33號3樓之2,115/04/14,121.551862,25.02792
62255148,旅舟身心整合事業有限公司,臺北市大安區和平東路2段96巷17弄10之1號1樓,115/04/14,121.541659,25.023008
62255175,沐青創業有限公司,臺北市大安區通化街63號1樓,115/04/14,121.554327,25.030432
62255180,一凡室內裝修有限公司,臺北市大安區忠孝東路4段300號5樓,115/04/14,121.55628,25.041155
62255225,勤億實業有限公司,臺北市大安區忠孝東路4段155號6樓,115/04/14,121.550038,25.041709
62255246,曜辰投資有限公司,臺北市大安區敦化南路2段98號2樓,115/04/14,121.548387,25.027988
62255301,壹參陸餐飲有限公司,臺北市大安區復興南路二段268號1樓,115/04/14,121.543245,25.024604
62255317,輕舞飛揚股份有限公司,臺北市大安區信義路2段230號6樓,115/04/14,121.531895,25.033429
62255365,超維創意有限公司,臺北市大安區信義路4段281號11樓,115/04/14,121.554798,25.033342
62255371,衛愛科技股份有限公司,臺北市大安區忠孝東路4段319號6樓之1,115/04/14,121.556059,25.041591
62255409,恆薈科技有限公司,臺北市大安區和平東路3段304號3樓,115/04/14,121.556372,25.020496
62255457,黑水藝術有限公司,臺北市大安區復興南路1段127號8樓,115/04/14,121.544032,25.043085
62254838,沅樹科技股份有限公司,臺北市萬華區中華路1段106號8樓,115/04/14,121.508392,25.043975
62195450,塔潘印度餐廳有限公司,臺北市信義區忠孝東路5段1之8號12樓,115/04/14,121.565175,25.041293
62195536,利宇美有限公司,臺北市信義區虎林街50巷1號1樓,115/04/14,121.576772,25.046816
62255040,好作做映像股份有限公司,臺北市信義區忠孝東路5段1之2號11樓,115/04/14,121.564964,25.041298
62255169,拾刻餐飲有限公司,臺北市信義區忠孝東路4段553巷22弄6之1號,115/04/14,121.563343,25.043172
62255288,明森居創有限公司,臺北市信義區和平東路3段525號3樓,115/04/14,121.560471,25.016611
62255386,一擊科藝有限公司,臺北市信義區忠孝東路5段370號4樓,115/04/14,121.573946,25.040752
62255055,世健有限公司,臺北市士林區福國路95號5樓之7,115/04/14,121.522141,25.1014
62255323,瑞囍企業股份有限公司,臺北市北投區文承路22號13樓,115/04/14,121.5137,25.104672
62195509,興紀點心有限公司,臺北市內湖區內湖路1段91巷20號,115/04/14,121.561846,25.085141
62255196,文鈞盛股份有限公司,臺北市內湖區瑞光路106號4樓之1,115/04/14,121.580941,25.071843
62255415,汝得寶有限公司,臺北市南港區興南街58號,115/04/14,121.603324,25.056649
62195521,術造有限公司,臺北市中正區衡陽路36號8樓之3,115/04/15,121.512497,25.042197
62195590,怡然居股份有限公司,臺北市中正區中華路2段51號3號,115/04/15,121.506283,25.034928
62195629,旋苡設計室內裝修有限公司,臺北市中正區金山北路1號5樓之6,115/04/15,121.530348,25.043935
62195769,宸熙資產有限公司,臺北市中正區和平西路1段20號8樓,115/04/15,121.520827,25.026617
62255230,紫易文創有限公司,臺北市中正區館前路20號5樓,115/04/15,121.514903,25.045269
62195698,金手指貴金屬有限公司,臺北市大同區重慶北路3段325號1樓,115/04/15,121.514059,25.074297
62195825,格煦文創有限公司,臺北市大同區太原路50號2樓,115/04/15,121.515203,25.050827
62195867,鉅磊投資有限公司,臺北市大同區重慶北路2段207號7樓之1,115/04/15,121.513706,25.060687
62196015,利亞姆設計有限公司,臺北市大同區南京西路62號7樓,115/04/15,121.519042,25.052752
62255359,晶樣生物科技有限公司,臺北市大同區錦西街50號(2樓),115/04/15,121.520064,25.060234
62195563,唯甲國際有限公司,臺北市中山區復興北路344號11樓,115/04/15,121.543954,25.05978
62195613,益升生物科技有限公司,臺北市中山區南京東路2段111號6樓,115/04/15,121.533382,25.052232
62195705,芃盈品購有限公司,臺北市中山區農安街166巷9號1樓,115/04/15,121.533925,25.064031
62195796,昶睿管理顧問有限公司,臺北市中山區明水路557巷12號地下,115/04/15,121.55091,25.079143
62195894,鈞拓科技有限公司,臺北市中山區松江路27號12樓,115/04/15,121.533154,25.047241
62195901,寶禾創能科技股份有限公司,臺北市中山區植福路308號7樓之10,115/04/15,121.561351,25.080874
62195986,千能股份有限公司,臺北市中山區松江路266號2樓,115/04/15,121.53294,25.059324
62255436,穎凱管理顧問有限公司,臺北市中山區南京東路2段111號6樓,115/04/15,121.533382,25.052232
62195584,馬博拉斯資本有限公司,臺北市松山區復興北路477號,115/04/15,121.544476,25.064741
62195661,居然有限公司,臺北市松山區南京東路四段197號7樓,115/04/15,121.55696,25.051758
62195727,德青國際貿易有限公司,臺北市松山區復興北路57號2樓之1,115/04/15,121.544229,25.050474
62195846,光野整合有限公司,臺北市松山區八德路4段465號6樓,115/04/15,121.570948,25.050049
62195965,騏基投資股份有限公司,臺北市松山區民生東路5段188號4樓之3,115/04/15,121.563895,25.058613
62196042,星海工程顧問股份有限公司,臺北市松山區民生東路4段55巷8號1樓,115/04/15,121.550365,25.058309
62195655,秝盈國際有限公司,臺北市大安區敦化南路1段205號7樓之5,115/04/15,121.549259,25.042007
62195677,安心養健康生活股份有限公司,臺北市大安區忠孝東路4段162號12樓之2,115/04/15,121.550289,25.041284
62195732,荷芯國際股份有限公司,臺北市大安區忠孝東路4段250號10樓之6,115/04/15,121.554216,25.041202
62195753,凌致平企業有限公司,臺北市大安區仁愛路3段26號5樓,115/04/15,121.535746,25.037648
62195775,宏芯企業有限公司,臺北市大安區建國南路一段291巷2號6樓,115/04/15,121.53827,25.035605
62195780,岳鴻投資有限公司,臺北市大安區忠孝東路3段197之5號,115/04/15,121.538768,25.041879
62195917,廿壹日有限公司,臺北市大安區忠孝東路4段148號3樓之1,115/04/15,121.54991,25.041298
62195992,埃蘭有限公司,臺北市大安區忠孝東路4段285號5樓,115/04/15,121.554152,25.041671
62196057,威菘實業股份有限公司,臺北市大安區仁愛路3段84號3樓,115/04/15,121.539018,25.037596
62195607,宸希數位科技有限公司,臺北市萬華區中華路1段106號8樓,115/04/15,121.508392,25.043975
62195748,九大大裝潢五金有限公司,臺北市萬華區康定路1之1號1樓,115/04/15,121.503424,25.046168
62195819,千燈有限公司,臺北市萬華區峨嵋街122之2號1樓,115/04/15,121.5027008,25.04457506
62195923,問室內裝修有限公司,臺北市萬華區長泰街308巷23號,115/04/15,121.49269,25.021588
62195579,暉達國際事業有限公司,臺北市信義區基隆路1段159號14樓,115/04/15,121.565183,25.04196
62195711,鎏衡國際貿易有限公司,臺北市信義區忠孝東路5段1之1號3樓,115/04/15,121.564864,25.041412
62195851,第三原點創作有限公司,臺北市信義區永吉路179號4樓,115/04/15,121.571726,25.045774
62195971,姍好日常有限公司,臺北市信義區虎林路48號,115/04/15,121.576722,25.047194
62195830,承昕企業有限公司,臺北市士林區重慶北路248號1樓,115/04/15,121.511354,25.086662
62195493,拾力運動有限公司,臺北市北投區大度路3段270巷69號3樓,115/04/15,121.467139,25.125053
62195439,源野生活國際有限公司,臺北市內湖區麗山街41號2樓,115/04/15,121.580609,25.080646
62195557,展奕新材有限公司,臺北市內湖區新明路143巷7號1樓,115/04/15,121.589579,25.058786
62195640,喬信生醫科技股份有限公司,臺北市內湖區內湖路1段392號11樓之1,115/04/15,121.573133,25.080573
62195873,朗立析有限公司,臺北市內湖區內湖路1段252號12樓,115/04/15,121.566847,25.081954
62196021,馥承股份有限公司,臺北市中正區八德路1段86號1樓,115/04/16,121.531987,25.044041
62196113,庠峰投資股份有限公司,臺北市中正區新生南路1段50號6樓之1,115/04/16,121.532583,25.042014
62196140,研構室內裝修設計有限公司,臺北市中正區許昌街17號13樓之1,115/04/16,121.516958,25.045725
62196325,楷芯有限公司,臺北市中正區衡陽路10號7樓,115/04/16,121.513623,25.042228
62196330,双田環球有限公司,臺北市中正區南陽街1號5樓,115/04/16,121.516229,25.045715
62254957,弘鼎國際科技有限公司,臺北市大同區甘谷街26號5樓,115/04/16,121.510876,25.052772
62196009,輕鬆飲食有限公司,臺北市中山區民權西路20號2樓,115/04/16,121.521801,25.062601
62196036,暉智實業有限公司,臺北市中山區中山北路1段92號2樓,115/04/16,121.521133,25.049347
62196079,泰衡投資股份有限公司,臺北市中山區民權東路3段2之1號15樓,115/04/16,121.537921,25.062144
62196084,維嘉科技有限公司,臺北市中山區民權西路20號2樓,115/04/16,121.521801,25.062601
62196090,悅月商務有限公司,臺北市中山區民生東路2段143號8樓,115/04/16,121.534548,25.05815
62196107,聯宇寰球股份有限公司,臺北市中山區民權東路3段70之2號2樓,115/04/16,121.542993,25.062111
62196134,宥鏵有限公司,臺北市中山區南京東路2段72號11樓,115/04/16,121.530591,25.051863
62196155,拾音流域音樂有限公司,臺北市中山區錦州街451號地下室,115/04/16,121.543338,25.060292
62196161,迅晶科技有限公司,臺北市中山區遼寧街112號2樓之4,115/04/16,121.541998,25.05261
62196177,熟子手作拼布藝術有限公司,臺北市中山區南京東路1段15號3樓,115/04/16,121.523833,25.052371
62196205,盈泰國際實業有限公司,臺北市中山區民族東路160號1樓,115/04/16,121.529375,25.068175
62196269,黑白猜有限公司,臺北市中山區南京東路2段111號6樓,115/04/16,121.533382,25.052232
62196346,築薔有限公司,臺北市中山區農安街2巷18號2樓,115/04/16,121.522977,25.064117
62196417,仕兆媒體股份有限公司,臺北市中山區民生東路2段163號10樓,115/04/16,121.536383,25.058112
62196232,彌生壹柒有限公司,臺北市松山區復興北路145號5樓,115/04/16,121.544293,25.053636
62196248,凱登科技有限公司,臺北市松山區八德路4段445號6樓之6,115/04/16,121.570345,25.049941
62195803,雙子星投資有限公司,臺北市大安區信義路2段230號6樓,115/04/16,121.531895,25.033429
62195938,友萌藝術文化股份有限公司,臺北市大安區信義路4段45號8樓,115/04/16,121.544854,25.033546
62196063,勳居娛樂有限公司,臺北市大安區復興南路1段352號2樓,115/04/16,121.543392,25.03562
62196129,天悅智能有限公司,臺北市大安區敦化南路1段177巷35號1樓,115/04/16,121.551225,25.04313
62196198,安拓投資有限公司,臺北市大安區敦化南路2段92號6樓,115/04/16,121.548391,25.028383
62196367,四弦一墨股份有限公司,臺北市大安區大安路2段33號,115/04/16,121.546182,25.031979
62196438,蒔蘊創研有限公司,臺北市大安區忠孝東路4段300號5樓,115/04/16,121.55628,25.041155
62196211,吉永昌有限公司,臺北市信義區忠孝東路5段1之2號5樓,115/04/16,121.564964,25.041298
62196227,聯展基建投資有限公司,臺北市信義區松德路171號3樓之2,115/04/16,121.574802,25.03586
62196296,藝智設計股份有限公司,臺北市信義區基隆路2段77號5樓之2,115/04/16,121.558139,25.030336
62196388,品煦合創有限公司,臺北市信義區逸仙路32巷7號2樓,115/04/16,121.562219,25.039912
62196253,赫允有限公司,臺北市士林區中山北路6段290巷7弄11號5樓,115/04/16,121.526568,25.110621
62195634,光大國際事業有限公司,臺北市內湖區成功路2段312巷42號,115/04/16,121.588571,25.067125
62195888,湛維智能股份有限公司,臺北市內湖區內湖路1段360巷10號9樓之1,115/04/16,121.570258,25.080613
62196351,雲朵之間有限公司,臺北市內湖區文德路90巷36號、38號,115/04/16,121.582868,25.076965
62196401,承創國際有限公司,臺北市內湖區民權東路6段11巷41之1號4樓,115/04/16,121.577074,25.067822
62196275,芯宿室內裝修有限公司,臺北市文山區辛亥路5段69之1號2樓,115/04/16,121.553361,24.998206
62196319,貝特資訊有限公司,臺北市文山區興隆路4段145巷83弄8號3樓,115/04/16,121.564034,24.985764
62196654,恆複資本投資股份有限公司,臺北市中正區武昌街1段1之2號5樓,115/04/17,121.513569,25.044104
62196704,晶燊國際有限公司,臺北市中正區許昌街42號10樓,115/04/17,121.51546,25.045451
62196818,方信國際顧問有限公司,臺北市中正區重慶南路1段10號5樓之6,115/04/17,121.513136,25.046588
62196824,金良康正有限公司,臺北市中正區重慶南路一段10號5樓之6,115/04/17,121.513136,25.046588
62196471,碩泰生醫有限公司,臺北市大同區承德路1段35號8樓之1,115/04/17,121.517315,25.051093
62196726,耀金優泰國際有限公司,臺北市大同區甘谷街26號5樓,115/04/17,121.510876,25.052772
62196845,沐源國際開發有限公司,臺北市大同區西寧北路78之16號,115/04/17,121.508688,25.05443
62196508,電左有限公司,臺北市中山區復興北路82號12樓,115/04/17,121.543802,25.051058
62196520,沃達旅家股份有限公司,臺北市中山區建國北路2段33號11樓,115/04/17,121.537232,25.055046
62196562,利瑋投資股份有限公司,臺北市中山區松江路158號7樓之3,115/04/17,121.532861,25.054977
62196606,翠竹軒有限公司,臺北市中山區南京東路2段150號5樓,115/04/17,121.534199,25.051833
62196628,悠玄設計有限公司,臺北市中山區南京東路2段150號10樓,115/04/17,121.534199,25.051833
62196710,基準邏輯股份有限公司,臺北市中山區復興北路38號7樓之7,115/04/17,121.543753,25.049254
62196747,沐米顧問股份有限公司,臺北市中山區南京東路1段86號7樓之3,115/04/17,121.525617,25.051918
62196752,泉鑫整合工程有限公司,臺北市中山區民權東路二段3號12樓,115/04/17,121.528371,25.062806
62196958,梵海聲學科技有限公司,臺北市中山區南京東路2段137號14樓,115/04/17,121.53511,25.052216
62196303,松信資本有限公司,臺北市松山區南京東路4段50號11樓,115/04/17,121.553462,25.051447
62196459,宇能眾益有限公司,臺北市松山區八德路4段204巷4號2樓,115/04/17,121.564048,25.048477
62196556,發發企業有限公司,臺北市松山區復興南路一段45號7樓,115/04/17,121.544087,25.045574
62196394,立創科技有限公司,臺北市大安區敦化南路2段207號16樓,115/04/17,121.549255,25.026009
62196486,漫漫數位行銷科技有限公司,臺北市大安區復興南路1段352號2樓之2,115/04/17,121.543392,25.03562
62196514,邏輯和弦科技有限公司,臺北市大安區安居街8巷6弄2號1樓,115/04/17,121.554672,25.021431
62196541,澤鈺資本有限公司,臺北市大安區安和路2段197號4樓,115/04/17,121.550271,25.026816
62196583,安野資本股份有限公司,臺北市大安區光復南路420巷20號,115/04/17,121.556496,25.036567
62196599,歐波貿易有限公司,臺北市大安區忠孝東路4段147巷10號,115/04/17,121.54955,25.042341
62196612,禾多納有限公司,臺北市大安區忠孝東路3段305號6樓之1,115/04/17,121.543542,25.041886
62196676,金壽豐泰有限公司,臺北市大安區新生南路2段78號4樓之1,115/04/17,121.534531,25.02748
62196633,靜動之間股份有限公司,臺北市萬華區柳州街80號3樓,115/04/17,121.504975,25.037282
62196649,庫拾壹有限公司,臺北市萬華區中華路2段356號,115/04/17,121.504565,25.02929
62196660,家陽科技有限公司,臺北市萬華區西園路2段161號4樓,115/04/17,121.495898,25.02891
62196789,艸芯研萃股份有限公司,臺北市萬華區開封街2段39號1樓,115/04/17,121.506431,25.047141
62196492,恆識智能有限公司,臺北市信義區基隆路1段206號18樓,115/04/17,121.56334,25.039826
62196681,東協新浪永續科技股份有限公司,臺北市信義區福德街300巷10號1樓,115/04/17,121.587017,25.03968
62196774,波曼尼有限公司,臺北市信義區忠孝東路5段1之8號12樓,115/04/17,121.565175,25.041293
62196839,源慶餐飲有限公司,臺北市信義區永吉路30巷157弄2號,115/04/17,121.568819,25.042249
62196850,福安居資產管理股份有限公司,臺北市信義區基隆路2段149之16號11樓,115/04/17,121.555483,25.026744
62196922,有土資本有限公司,臺北市信義區光復南路567號17樓之12,115/04/17,121.557586,25.030733
62196465,鼎禾本味股份有限公司,臺北市北投區文林北路258號10樓,115/04/17,121.513755,25.108986
62196943,健盾股份有限公司,臺北市北投區文林北路254號1樓,115/04/17,121.513651,25.109076
62196423,同芯元科技股份有限公司,臺北市內湖區洲子街63號7樓,115/04/17,121.573134,25.079833
62196578,宇茂資訊有限公司,臺北市內湖區陽光街345巷12號4樓,115/04/17,121.577929,25.07231
62196731,睿智文教事業有限公司,臺北市內湖區康寧路3段72號4樓之1,115/04/17,121.611273,25.070209
62196872,昀瀚工程規劃有限公司,臺北市內湖區陽光街355號,115/04/17,121.577291,25.073001
62196768,全能原動力有限公司,臺北市南港區玉成街42巷11號,115/04/17,121.580847,25.048583
62196535,有皓科技有限公司,臺北市文山區和平東路4段295巷1號3樓之1,115/04/17,121.573199,25.001159
62196795,隆禾玖豐股份有限公司,臺北市文山區辛亥路4段222巷7號1樓,115/04/17,121.554778,25.002376
62197154,海石資本有限公司,臺北市中正區信義路2段101號8樓,115/04/20,121.527681,25.03422
62197176,世翠蹟顧問有限公司,臺北市中正區許昌街42之1號4樓,115/04/20,121.515624,25.045162
62197247,怡島素有限公司,臺北市中正區重慶南路1段95號6樓,115/04/20,121.513334,25.04317
62197372,夏禹工程有限公司,臺北市中正區臨沂街3巷11號1樓,115/04/20,121.531526,25.043348
62197437,馬吉投資股份有限公司,臺北市中正區汀州路3段190號2樓之1,115/04/20,121.534964,25.012599
62197458,恆豐寰宇投資股份有限公司,臺北市中正區衡陽路10號6樓,115/04/20,121.513623,25.042228
62197485,燿謙食品有限公司,臺北市中正區忠孝西路1段72號2樓之1,115/04/20,121.514062,25.046827
62222359,領芯投資股份有限公司,臺北市中正區延平南路61號4樓之6,115/04/20,121.510414,25.044657
62196866,艾斯伯特資訊有限公司,臺北市大同區重慶北路2段74號8樓,115/04/20,121.513686,25.05635
62197099,赤壁傳媒有限公司,臺北市大同區南京西路57號3樓之8,115/04/20,121.519354,25.053083
62197231,雅築室內裝修設計工程股份有限公司,臺北市大同區南京西路62號7樓,115/04/20,121.519042,25.052752
62222421,歐時瑞有限公司,臺北市大同區重慶北路二段72號3樓,115/04/20,121.513696,25.056298
62222506,鑫億科技資訊有限公司,臺北市大同區承德路1段70號11樓,115/04/20,121.51719,25.052192
62195682,明知山有限公司,臺北市中山區錦州街334號1樓,115/04/20,121.538664,25.060182
62195959,晨科有限公司,臺北市中山區新生北路2段62巷16號8樓,115/04/20,121.526681,25.056073
62196182,宸邑古典皮拉提斯有限公司,臺北市中山區明水路397巷26弄2號,115/04/20,121.54734,25.078911
62196970,冒泡策略股份有限公司,臺北市中山區南京東路2段150號5樓,115/04/20,121.534199,25.051833
62197014,凜和有限公司,臺北市中山區復興北路420號7樓,115/04/20,121.543836,25.062615
62197035,領頭獅管理顧問有限公司,臺北市中山區長安東路1段81號4樓,115/04/20,121.528386,25.0484
62197083,台灣索悠義股份有限公司,臺北市中山區建國北路2段262號2樓,115/04/20,121.536642,25.061952
62197149,超有感有限公司,臺北市中山區復興北路82號12樓,115/04/20,121.543802,25.051058
62197204,麓明股份有限公司,臺北市中山區復興北路82號12樓,115/04/20,121.543802,25.051058
62197226,福食交子狗股份有限公司,臺北市中山區中山北路2段65巷17號1樓,115/04/20,121.524206,25.057134
62197252,沐築系統家居有限公司,臺北市中山區中山北路2段116巷39號1樓,115/04/20,121.521263,25.061067
62197274,伍捌拾貳整合商務有限公司,臺北市中山區南京東路2段150號5樓,115/04/20,121.534199,25.051833
62197302,達視數據有限公司,臺北市中山區錦州街46號9樓之1,115/04/20,121.525783,25.060174
62197393,路汐行動股份有限公司,臺北市中山區民權東路3段58號11樓之3,115/04/20,121.542268,25.062161
62222436,耘澤顧問有限公司,臺北市中山區復興北路48號7樓,115/04/20,121.54376,25.049537
62196887,四維鏈控科技有限公司,臺北市松山區民族東路665號2樓,115/04/20,121.547345,25.064226
62196916,升陞佈壐有限公司,臺北市松山區八德路4段697號2樓之1,115/04/20,121.576578,25.050204
62197020,美德拉克股份有限公司,臺北市松山區敦化北路167號11樓,115/04/20,121.549434,25.054708
62197181,萊斯盟投資股份有限公司,臺北市松山區民權東路3段181號6樓,115/04/20,121.548308,25.062163
62197197,珍冠國際有限公司,臺北市松山區八德路4段281號1樓,115/04/20,121.565859,25.049126
62197324,台北古川包裝機械有限公司,臺北市松山區敦化北路167號11樓,115/04/20,121.549434,25.054708
62197345,萊菔生醫股份有限公司,臺北市松山區南京東路4段152號8樓,115/04/20,121.556067,25.051385
62196985,眾智聯股份有限公司,臺北市大安區信義路4段279號11樓,115/04/20,121.554714,25.033344
62197041,澔毓投資股份有限公司,臺北市大安區羅斯福路2段93號18樓之5,115/04/20,121.52412,25.025144
62197062,九太尼克工程有限公司,臺北市大安區安居街8巷6弄2號1樓,115/04/20,121.554672,25.021431
62197106,海凡達有限公司,臺北市大安區忠孝東路4段183號5樓之7,115/04/20,121.550901,25.041689
62197160,柏謙資產管理股份有限公司,臺北市大安區安和路2段92號地下1樓,115/04/20,121.550245,25.028772
62197210,亞克橋顧問有限公司,臺北市大安區信義路4段296號6樓之7,115/04/20,121.554592,25.032948
62197295,品富智圖有限公司,臺北市大安區忠孝東路4段270號7樓,115/04/20,121.554847,25.041186
62197350,奇蹟時代有限公司,臺北市大安區忠孝東路4段169號11樓之4,115/04/20,121.550421,25.041705
62197400,大於設計室內裝修有限公司,臺北市大安區光復南路306號2樓之3,115/04/20,121.557436,25.03891
62222386,祥銳實業有限公司,臺北市大安區仁愛路3段26號5樓,115/04/20,121.535746,25.037648
62222533,樂植坊有限公司,臺北市大安區信義路3段126之3號4樓,115/04/20,121.539113,25.033249
62197078,蔡心食品有限公司,臺北市萬華區環河南路3段121號1樓,115/04/20,121.491128,25.024093
62197268,創世繩有限公司,臺北市萬華區開封街2段32號5樓之1,115/04/20,121.508139,25.046225
62196697,速定智慧科技股份有限公司,臺北市信義區文昌街316號4樓之2,115/04/20,121.557955,25.032108
62196802,芩暘資本股份有限公司,臺北市信義區基隆路2段145號10樓,115/04/20,121.555742,25.026973
62196893,璟策國際顧問有限公司,臺北市信義區忠孝東路5段482號14樓之4,115/04/20,121.577997,25.040597
62196900,台灣速力貳能源電能股份有限公司,臺北市信義區松高路1號21樓,115/04/20,121.563955,25.039552
62196937,又一間有限公司,臺北市信義區松山路525號,115/04/20,121.578158,25.038233
62196964,揪揪有限公司,臺北市信義區基隆路2段22號2樓之3,115/04/20,121.558728,25.031936
62196991,名偉國際車業有限公司,臺北市信義區忠孝東路5段410號6樓,115/04/20,121.575128,25.040711
62197008,航網國際人力仲介股份有限公司,臺北市信義區基隆路2段51號9樓之7,115/04/20,121.558531,25.030982
62197128,聚笙有限公司,臺北市信義區松仁路100號34樓,115/04/20,121.568126,25.034459
62197133,鼎涵創意有限公司,臺北市信義區和平東路3段341巷49號1樓,115/04/20,121.558331,25.021588
62197289,杺策有限公司,臺北市信義區忠孝東路5段1之3號7樓,115/04/20,121.564905,25.041481
62197422,谷賓精品有限公司,臺北市信義區基隆路2段13號3樓之2,115/04/20,121.559299,25.03225
62222549,富勁能源有限公司,臺北市信義區基隆路1段141號13樓之7,115/04/20,121.565843,25.042983
62197112,偉趣創意顧問股份有限公司,臺北市士林區士東路200巷55號1樓,115/04/20,121.534088,25.110745
62197056,歐朗國際行銷顧問有限公司,臺北市內湖區成功路4段30巷49號9樓,115/04/20,121.592152,25.082509
62197464,昕智策科技股份有限公司,臺北市內湖區瑞光路168號9樓,115/04/20,121.57865,25.07391
62197339,呈芫居家百貨有限公司,臺北市中正區重慶南路1段57號10樓之17,115/04/21,121.51335,25.044671
62222484,歐萊旺投資有限公司,臺北市中正區忠孝東路2段98號11樓,115/04/21,121.530282,25.042815
62222528,格蘭蘇格臺灣有限公司,臺北市中正區重慶南路1段95號6樓,115/04/21,121.513334,25.04317
62222554,欣核有限公司,臺北市中正區重慶南路1段95號6樓,115/04/21,121.513334,25.04317
62222560,振炫控股有限公司,臺北市中正區懷寧街76號,115/04/21,121.513988,25.04314
62222597,碩築有限公司,臺北市中正區衡陽路10號7樓,115/04/21,121.513623,25.042228
62222702,將鼎科技有限公司,臺北市中正區羅斯福路3段76號8樓之1,115/04/21,121.52628,25.022058
62222793,淥傳宏有限公司,臺北市中正區重慶南路1段57號10樓之17,115/04/21,121.51335,25.044671
62222858,弼研生技有限公司,臺北市中正區忠孝西路一段72號2樓之10,115/04/21,121.514062,25.046827
62222870,城欣資本有限公司,臺北市中正區重慶南路1段10號8樓之15,115/04/21,121.513136,25.046588
62222983,巽風行銷有限公司,臺北市中正區羅斯福路4段162號4樓,115/04/21,121.536199,25.012439
62197416,巧舍有限公司,臺北市大同區太原路11巷20號3樓,115/04/21,121.515778,25.049448
62197470,愛麗文教有限公司,臺北市大同區重慶北路3段80號2樓,115/04/21,121.513445,25.06622
62222365,澄藝媒體有限公司,臺北市大同區民權西路136號13樓之11,115/04/21,121.516409,25.06275
62222392,元序元商業服務有限公司,臺北市大同區民權西路268號3樓,115/04/21,121.512068,25.062736
62222885,承豐資本有限公司,臺北市大同區甘谷街26號5樓,115/04/21,121.510876,25.052772
62197318,翼隆國際股份有限公司,臺北市中山區長安東路2段169號5樓,115/04/21,121.54073,25.048421
62222479,臣霆形象美學有限公司,臺北市中山區中山北路1段121巷9號1樓,115/04/21,121.523425,25.051179
62222581,無冬松江有限公司,臺北市中山區松江路57號1樓,115/04/21,121.533165,25.048214
62222668,顯億有限公司,臺北市中山區松江路276號3樓之1,115/04/21,121.532951,25.059809
62222674,川本昌有限公司,臺北市中山區松江路276號3樓之1,115/04/21,121.532951,25.059809
62222724,紘萱有限公司,臺北市中山區松江路54號9樓之2,115/04/21,121.532752,25.04868
62222739,蕭氏行銷有限公司,臺北市中山區松江路45巷41號,115/04/21,121.534307,25.047972
62222750,雲岳國際壹號股份有限公司,臺北市中山區民權東路3段70之2號2樓,115/04/21,121.542993,25.062111
62222822,宏界有限公司,臺北市中山區南京西路1之1號11樓,115/04/21,121.521814,25.052534
62222908,好多大魚餐飲有限公司,臺北市中山區龍江路93號1樓,115/04/21,121.54057,25.051352
62222935,控卓科技有限公司,臺北市中山區農安街28之3號,115/04/21,121.526345,25.064682
62202380,智盾策進顧問有限公司,臺北市松山區復興北路201號4樓之1,115/04/21,121.544334,25.055686
62202473,頌揚國際貿易有限公司,臺北市松山區八德路4段699號5樓之3,115/04/21,121.576644,25.050207
62202488,謙醫生技有限公司,臺北市松山區南京東路4段164號11樓之1,115/04/21,121.556691,25.051375
62202522,無邊際新媒體股份有限公司,臺北市松山區八德路2段410巷5弄1號2樓,115/04/21,121.54704,25.047238
62222689,禾伽有限公司,臺北市松山區八德路2段356號11樓之1,115/04/21,121.545643,25.047872
62222695,原點資本股份有限公司,臺北市松山區南京東路5段188號3樓之4,115/04/21,121.563747,25.051213
62222766,創業志有限公司,臺北市松山區南京東路4段197號7樓,115/04/21,121.55696,25.051758
62222772,元盛資本有限公司,臺北市松山區光復北路95號3樓,115/04/21,121.558049,25.050813
62202425,利安格國際貿易有限公司,臺北市大安區復興南路1段167號2樓,115/04/21,121.543982,25.041128
62222409,蓁凱有限公司,臺北市大安區羅斯福路3段335號12樓之2,115/04/21,121.532436,25.016881
62222490,丕燈企業有限公司,臺北市大安區安和路1段78巷2號12樓,115/04/21,121.552159,25.034946
62222626,泓朔有限公司,臺北市大安區信義路4段45號9樓之4,115/04/21,121.544854,25.033546
62222864,渠城實業有限公司,臺北市大安區羅斯福路3段29號6樓,115/04/21,121.525237,25.023665
62222891,蘭蘭地有限公司,臺北市大安區忠孝東路4段300號5樓,115/04/21,121.55628,25.041155
62222914,展盈餐飲股份有限公司,臺北市大安區敦化南路2段77號17樓,115/04/21,121.549317,25.030189
62222962,艾予徽香癒有限公司,臺北市大安區復興南路1段222號9樓,115/04/21,121.543488,25.039237
62222576,拓見共創有限公司,臺北市萬華區中華路1段106號9樓,115/04/21,121.508392,25.043975
62222415,艾鐸有限公司,臺北市信義區吳興街19號2樓,115/04/21,121.55969,25.031634
62222652,焦朋友映像製作有限公司,臺北市信義區信義路4段415號14樓之1,115/04/21,121.559235,25.033304
62222837,超越國際生醫有限公司,臺北市信義區忠孝東路5段1之3號7樓,115/04/21,121.564905,25.041481
62222920,田悅農業有限公司,臺北市信義區基隆路2段81之1號12樓,115/04/21,121.558179,25.030138
62197366,滙成國際資產有限公司,臺北市士林區德行西路39號6樓,115/04/21,121.523386,25.105872
62222371,億贊國際有限公司,臺北市北投區中央北路3段40巷42之1號,115/04/21,121.484928,25.139852
62222816,陞釔有限公司,臺北市北投區稻香路193號,115/04/21,121.488326,25.143716
62222941,謙泰科技有限公司,臺北市北投區清江路25巷62號4樓,115/04/21,121.503339,25.131656
62197387,老吳記手作麻辣有限公司,臺北市內湖區內湖路1段737巷57號,115/04/21,121.579176,25.08076
62222457,能知有限公司,臺北市南港區三重路19之11號3樓,115/04/21,121.613743,25.058544
62202614,森采綺有限公司,臺北市中正區許昌街42號8樓,115/04/22,121.51546,25.045451
62222647,靜練心流身心顧問有限公司,臺北市中正區寧波西街1號5樓,115/04/22,121.518821,25.031561
62202494,鎊鎊壹有限公司,臺北市大同區赤峰街49巷20號,115/04/22,121.520195,25.055682
62202635,豐食沐暖有限公司,臺北市中山區南京東路三段65號1樓,115/04/22,121.538389,25.052168
62202656,愛士啟德股份有限公司,臺北市中山區南京東路1段15號3樓,115/04/22,121.523833,25.052371
62202852,帕格股份有限公司,臺北市中山區松江路31號11樓之1,115/04/22,121.533156,25.047404
62222787,清晨室內裝修設計有限公司,臺北市中山區復興北路62號9樓之1,115/04/22,121.543786,25.050481
62202396,言融有限公司,臺北市松山區敦化南路1段57號3樓之6,115/04/22,121.549265,25.04578
62202543,康域科技有限公司,臺北市松山區南京東路4段130號2樓之1,115/04/22,121.555708,25.051394
62202558,啟策智能有限公司,臺北市松山區南京東路5段188號6樓之5,115/04/22,121.563747,25.051213
62202564,鼎匯智聯科技股份有限公司,臺北市松山區復興北路191號13樓之1,115/04/22,121.544327,25.055244
62202683,安布羅股份有限公司,臺北市松山區民生東路3段112之1號,115/04/22,121.544876,25.057355
62202430,木澄有限公司,臺北市大安區信義路4段279號8樓,115/04/22,121.554714,25.033344
62202591,強強滾有限公司,臺北市大安區忠孝東路4段169號12樓之1,115/04/22,121.550421,25.041705
62202781,賀萊森投資股份有限公司,臺北市大安區復興南路1段243號6樓,115/04/22,121.543885,25.037208
62202804,旺財電子商務有限公司,臺北市大安區忠孝東路4段295號3樓,115/04/22,121.555065,25.041608
62202895,減醣飲食有限公司,臺北市大安區大安路1段172號,115/04/22,121.545916,25.036543
62222745,蘭特黎斯股份有限公司,臺北市大安區忠孝東路4段142號5樓之5,115/04/22,121.549373,25.041298
62222956,阮氏秋芳有限公司,臺北市大安區通化街39巷22號1樓,115/04/22,121.554863,25.03085
62222999,富堡再生能源股份有限公司,臺北市大安區新生南路1段97巷27號,115/04/22,121.536326,25.041274
62202516,澄宸國際有限公司,臺北市萬華區中華路1段106號8樓,115/04/22,121.508392,25.043975
62202620,益湧股份有限公司,臺北市萬華區成都路169號5樓,115/04/22,121.502104,25.04401
62202662,拾嶼設計有限公司,臺北市萬華區昆明街316號,115/04/22,121.503288,25.035791
62222631,維客悅創有限公司,臺北市萬華區開封街2段32號5樓之1,115/04/22,121.508139,25.046225
62202537,叁玖人生顧問有限公司,臺北市信義區松山路421號11樓之4,115/04/22,121.578005,25.040496
62202585,十八序食品有限公司,臺北市信義區松德路25巷30號,115/04/22,121.577243,25.038578
62202728,域尚空間整合有限公司,臺北市信義區基隆路1段206號18樓,115/04/22,121.56334,25.039826
62202749,新境遊戲有限公司,臺北市信義區忠孝東路4段563號11樓,115/04/22,121.564019,25.041454
62202451,士林穎瑜珈有限公司,臺北市士林區中正路188號2樓,115/04/22,121.527161,25.095763
62202706,恆嘉投資有限公司,臺北市士林區中山北路五段500號2樓,115/04/22,121.528302,25.09282
62202375,金帛石投資股份有限公司,臺北市北投區文林北路60巷3弄6號1樓,115/04/22,121.51859,25.105497
62202754,彩立有限公司,臺北市北投區崇仁路一段10號二樓,115/04/22,121.501206,25.127886
62202810,木火紀念股份有限公司,臺北市北投區文林北路60巷3弄7號1樓,115/04/22,121.518479,25.105457
62202403,恆食堂有限公司,臺北市內湖區內湖路1段411巷9弄16號1樓,115/04/22,121.571588,25.082051
62202570,火花星球文化有限公司,臺北市內湖區民權東路6段11巷37之1號,115/04/22,121.577299,25.067817
62202699,德沃演藝有限公司,臺北市內湖區民權東路6段206巷90號2樓,115/04/22,121.595401,25.06555
62222718,醉茶韵有限公司,臺北市內湖區內湖路1段66號3樓,115/04/22,121.562303,25.083666
62202641,康紘生活有限公司,臺北市南港區南港路3段149巷43號1樓,115/04/22,121.585526,25.051703
62202500,索尼亞有限公司,臺北市文山區景福街54巷5弄19號12樓,115/04/22,121.536908,24.999803
62202712,鴻展氣體淨化有限公司,臺北市文山區保儀路100號1樓,115/04/22,121.568138,24.986726
62202874,視野心林顧問有限公司,臺北市中正區許昌街42號8樓,115/04/23,121.51546,25.045451
62202966,星研美創股份有限公司,臺北市中正區館前路20號5樓,115/04/23,121.514903,25.045269
62203037,橙裔設計有限公司,臺北市中正區懷寧街76號,115/04/23,121.513988,25.04314
62203070,好叭有限公司,臺北市中正區臨沂街75巷4號,115/04/23,121.528578,25.034669
62222843,俬語室內裝修設計有限公司,臺北市中正區辛亥路1段8號1樓,115/04/23,121.52824,25.018404
62202467,品萱國際美學有限公司,臺北市中山區農安街52號1樓,115/04/23,121.528334,25.064757
62202608,乘以二有限公司,臺北市中山區復興北路48號10樓,115/04/23,121.54376,25.049537
62202733,轉次方行銷股份有限公司,臺北市中山區南京東路2段101號11樓,115/04/23,121.532636,25.05224
62202868,植想植享國際有限公司,臺北市中山區南京東路2段132號4樓,115/04/23,121.533659,25.051838
62202918,弘一投資顧問有限公司,臺北市中山區中山北路2段185號6樓之1,115/04/23,121.522597,25.063855
62202950,宇盛健康管理顧問有限公司,臺北市中山區南京東路2段72號11樓,115/04/23,121.530591,25.051863
62202987,著手設計有限公司,臺北市中山區南京東路2段150號5樓,115/04/23,121.534199,25.051833
62203016,蒔灣創意有限公司,臺北市中山區南京東路3段201號9樓,115/04/23,121.54252,25.052091
62203114,金牛智能數據管理顧問股份有限公司,臺北市中山區新生北路2段68巷8號12樓之11,115/04/23,121.526669,25.05669
62203206,春秋御所股份有限公司,臺北市中山區南京東路1段86號3樓,115/04/23,121.525617,25.051918
62203228,博克斯機電整合股份有限公司,臺北市中山區民權西路20號9樓之2,115/04/23,121.521801,25.062601
62202760,裕昌宇盛有限公司,臺北市松山區復興北路201號4樓之1,115/04/23,121.544334,25.055686
62202776,昶信國際股份有限公司,臺北市松山區復興北路179號9樓之9,115/04/23,121.544307,25.054335
62202831,長優企業有限公司,臺北市松山區基隆路1段8號13樓,115/04/23,121.569933,25.050764
62222800,德燁控股有限公司,臺北市松山區南京東路5段230號7樓之8,115/04/23,121.565682,25.051176
62202419,語緻科技有限公司,臺北市大安區忠孝東路4段290號10樓,115/04/23,121.555868,25.041162
62202826,馥勵股份有限公司,臺北市大安區信義路3段202號1樓,115/04/23,121.543324,25.03318
62202889,樂愛智能股份有限公司,臺北市大安區信義路4段279號11樓,115/04/23,121.554714,25.033344
62202902,登入科技股份有限公司,臺北市大安區忠孝東路4段300號5樓,115/04/23,121.55628,25.041155
62203000,艾克斯欸歐有限公司,臺北市大安區敦化南路1段160巷10號1樓,115/04/23,121.548013,25.043457
62203043,安宇顧問有限公司,臺北市大安區忠孝東路4段2號6樓之3,115/04/23,121.543981,25.041307
62203064,歐拉拉有限公司,臺北市大安區忠孝東路4段162號12樓之3,115/04/23,121.550289,25.041284
62203156,明軒國際行銷有限公司,臺北市大安區忠孝東路4段71之5號6樓,115/04/23,121.546856,25.041864
62222463,昕光顧問有限公司,臺北市大安區忠孝東路4段222號3樓,115/04/23,121.553586,25.041212
62203022,鏡川設計有限公司,臺北市萬華區長沙街2段91號6樓之13,115/04/23,121.504733,25.040552
62203108,躍飛達商務中心有限公司,臺北市萬華區長沙街2段91號6樓之2,115/04/23,121.504733,25.040552
62203162,辰燁資本股份有限公司,臺北市萬華區西園路1段220巷50之3號1樓,115/04/23,121.497586,25.034869
62203260,宏寓控股股份有限公司,臺北市萬華區中華路1段106號8樓,115/04/23,121.508392,25.043975
62202993,雲蔚管理顧問有限公司,臺北市信義區信義路5段7號57樓之1,115/04/23,121.564604,25.033524
62203120,安泰紡織貿易股份有限公司,臺北市信義區忠孝東路5段68號29樓,115/04/23,121.566694,25.040648
62203135,唐居國際娛樂有限公司,臺北市信義區市民大道6段250號6樓,115/04/23,121.577337,25.048839
62203183,聯爵投資股份有限公司,臺北市信義區信義路5段7號57樓之1,115/04/23,121.564604,25.033524
62203249,京骨力健康科技有限公司,臺北市信義區忠孝東路五段1之2號5樓,115/04/23,121.564964,25.041298
62203254,澄澄藝術開發有限公司,臺北市信義區基隆路1段155號5樓之9,115/04/23,121.565336,25.042216
62202678,賀善有限公司,臺北市北投區振興街11號,115/04/23,121.521964,25.118566
62202797,上青海島有限公司,臺北市北投區石牌路2段97巷8號1樓,115/04/23,121.516226,25.117796
62202939,天健資本股份有限公司,臺北市內湖區瑞光路168號9樓,115/04/23,121.57865,25.07391
62203091,豪昕國際貿易股份有限公司,臺北市內湖區南京東路6段489號4樓,115/04/23,121.587971,25.061385
62203212,緹諾國際有限公司,臺北市內湖區新湖一路137號1樓,115/04/23,121.576702,25.058579
62203058,潤鼎不動產有限公司,臺北市南港區興中路80巷12號1樓,115/04/23,121.606174,25.057351
62203304,序冕科技有限公司,臺北市中正區重慶南路1段57號10樓之17,115/04/24,121.51335,25.044671
62203326,源滿有限公司,臺北市中正區許昌街42號10樓,115/04/24,121.51546,25.045451
62203402,曜恩國際股份有限公司,臺北市中正區三元街216號,115/04/24,121.51248,25.02747
62203509,野本有限公司,臺北市中正區衡陽路10號7樓,115/04/24,121.513623,25.042228
62203590,拉凱餐飲有限公司,臺北市中正區辛亥路1段27號1樓,115/04/24,121.528239,25.019309
62203178,璞遠有限公司,臺北市大同區南京西路57號3樓之8,115/04/24,121.519354,25.053083
62203352,雋品顧問有限公司,臺北市大同區重慶北路2段40號1樓,115/04/24,121.513983,25.055139
62203450,韓點糖餐飲事業有限公司,臺北市大同區重慶北路3段277號1樓,115/04/24,121.514019,25.07234
62203629,承沛設計工程整合有限公司,臺北市大同區重慶北路2段188號8樓,115/04/24,121.513285,25.062321
62202945,耐聯科技股份有限公司,臺北市中山區長安東路2段81號3樓之1,115/04/24,121.534499,25.04853
62203297,旺騰國際有限公司,臺北市中山區錦州街48號10樓,115/04/24,121.525855,25.060172
62203331,致耀投資股份有限公司,臺北市中山區長安東路1段27號9樓之1,115/04/24,121.524261,25.049333
62203347,永瑞資產股份有限公司,臺北市中山區松江路185號7樓之2,115/04/24,121.533317,25.05647
62203368,亨善有限公司,臺北市中山區民生東路1段26之1號,115/04/24,121.523798,25.057905
62203424,卡米國際事業有限公司,臺北市中山區南京西路13號6樓,115/04/24,121.521018,25.052668
62203487,王儀網服有限公司,臺北市中山區南京西路1之1號10樓,115/04/24,121.521814,25.052534
62203521,禾迎股份有限公司,臺北市中山區長安東路2段169之15號12樓之1,115/04/24,121.541514,25.04841
62203536,智慧養生殿股份有限公司,臺北市中山區錦州街46號12樓之2,115/04/24,121.525783,25.060174
62203584,艾唯國際有限公司,臺北市中山區復興北路48號7樓,115/04/24,121.54376,25.049537
62203613,台灣國際交流中心有限公司,臺北市中山區松江路122號11樓,115/04/24,121.532814,25.052326
62203677,春吉餐飲有限公司,臺北市中山區中山北路2段32之1號1樓、2樓,115/04/24,121.522454,25.054224
62228585,神山實業有限公司,臺北市中山區民生東路1段43號地下1樓,115/04/24,121.52603,25.058194
62203199,未來波動行銷股份有限公司,臺北市松山區南京東路3段261號4樓,115/04/24,121.545162,25.052021
62203233,西狂三開有限公司,臺北市松山區八德路3段200號,115/04/24,121.556424,25.047939
62203276,豐暻營造股份有限公司,臺北市松山區民權東路3段170號4樓之1,115/04/24,121.548937,25.061615
62203493,京聿文化顧問有限公司,臺北市松山區南京東路5段188號6樓之5,115/04/24,121.563747,25.051213
62203418,澄皓國際有限公司,臺北市大安區敦化南路1段187巷67號,115/04/24,121.55228,25.042815
62203515,智慧天富有限公司,臺北市大安區忠孝東路3段247之1號8樓,115/04/24,121.541267,25.041846
62203557,特意好有限公司,臺北市大安區忠孝東路4段297號5樓,115/04/24,121.555117,25.041606
62203634,山毅投資有限公司,臺北市大安區忠孝東路3段52號13樓之1,115/04/24,121.535366,25.041754
62203085,興光創新服務有限公司,臺北市信義區光復南路495號4樓,115/04/24,121.557885,25.03246
62203310,慕塵居傢私制作股份有限公司,臺北市信義區松山路421號11樓之4,115/04/24,121.578005,25.040496
62203389,和洵投資有限公司,臺北市信義區基隆路1段163號14樓之1,115/04/24,121.565226,25.041751
62203395,綠源電力股份有限公司,臺北市信義區基隆路2段51號6樓之5,115/04/24,121.558531,25.030982
62203579,奕振科技有限公司,臺北市信義區基隆路1段420號4樓之2,115/04/24,121.559951,25.034057
62228558,百創廣告有限公司,臺北市信義區基隆路1段143號9樓之5,115/04/24,121.565797,25.042902
62203542,原宇國際有限公司,臺北市士林區前港街70號1樓,115/04/24,121.520246,25.084869
62203563,宇鋒國際商務有限公司,臺北市士林區忠誠路1段129號1樓,115/04/24,121.529438,25.105734
62203661,水工悅榯室內裝修設計有限公司,臺北市士林區忠誠路1段129號1樓,115/04/24,121.529438,25.105734
62202924,築豐建設股份有限公司,臺北市內湖區行善路467號7樓,115/04/24,121.586404,25.065708
62203682,蒼淵智能有限公司,臺北市內湖區洲子街12號2樓,115/04/24,121.575042,25.07822
62203374,做自己就好有限公司,臺北市文山區萬慶街12號4樓,115/04/24,121.540104,24.992384
62222512,仲懋股份有限公司,臺北市文山區興隆路2段220巷65弄25之8號6樓,115/04/24,121.552178,24.998374
62228591,槿宸昀室內裝修設計有限公司,臺北市中正區忠孝西路1段72號6樓之8,115/04/27,121.514062,25.046827
62228662,生境創新有限公司,臺北市中正區重慶南路1段95號6樓,115/04/27,121.513334,25.04317
62229108,來隻恐龍玩偶文化創意有限公司,臺北市中正區南海路46之1號,115/04/27,121.51561,25.031983
62228564,磊旺工程顧問有限公司,臺北市大同區重慶北路2段207號7樓之1,115/04/27,121.513706,25.060687
62228733,昇悅餐旅管理顧問股份有限公司,臺北市大同區大龍街159巷16號1樓,115/04/27,121.516553,25.06801
62228776,欣彩妝有限公司,臺北市大同區長安西路249號5樓,115/04/27,121.51118,25.05213
62228810,凱威國際策略有限公司,臺北市大同區承德路3段165之1號4樓之5,115/04/27,121.518615,25.068266
62228826,豪信投資有限公司,臺北市大同區長安西路106號4樓之1,115/04/27,121.51858,25.050439
62228987,領角鴞資訊整合有限公司,臺北市大同區延平北路3段4號5樓之1,115/04/27,121.511038,25.063438
62203439,雅昀時尚有限公司,臺北市中山區遼寧街133號1樓,115/04/27,121.542129,25.052139
62228620,天南星實業有限公司,臺北市中山區松江路293之705號,115/04/27,121.533383,25.060808
62228852,頂商數位科技有限公司,臺北市中山區復興北路82號12樓,115/04/27,121.543802,25.051058
62228874,湧絡數位管理顧問有限公司,臺北市中山區南京東路1段86號7樓之3,115/04/27,121.525617,25.051918
62228889,本初實業有限公司,臺北市中山區南京西路1之1號10樓,115/04/27,121.521814,25.052534
62228918,光禾國際創意股份有限公司,臺北市中山區林森北路50號4樓之5,115/04/27,121.524201,25.048344
62228924,安文圖拉旅行社有限公司,臺北市中山區南京東路2段150號10樓,115/04/27,121.534199,25.051833
62228945,和樂蔬果有限公司,臺北市中山區北安路608巷4弄3號1樓,115/04/27,121.54928,25.081869
62229085,高鋒材料有限公司,臺北市中山區南京東路三段219號9樓,115/04/27,121.54328,25.052084
62203640,晴禾生醫股份有限公司,臺北市松山區南京東路4段171號6樓,115/04/27,121.556321,25.051772
62228570,匯饗時有限公司,臺北市松山區復興北路313巷45號1樓,115/04/27,121.547015,25.059059
62228656,藍享科技有限公司,臺北市松山區延壽街402巷3弄19號地下,115/04/27,121.558179,25.055834
62228728,三福菟創意娛樂有限公司,臺北市松山區南京東路5段188號6樓之5,115/04/27,121.563747,25.051213
62228760,渼盛陸實業有限公司,臺北市松山區延吉街30巷15之1號1樓,115/04/27,121.55265,25.045826
62228831,允衡顧問有限公司,臺北市松山區民生東路5段137巷4弄18號1樓,115/04/27,121.562336,25.059752
62228868,偷懶辦公室股份有限公司,臺北市松山區復興北路201號4樓之1,115/04/27,121.544334,25.055686
62228902,龍游軟體有限公司,臺北市松山區南京東路5段2號3樓,115/04/27,121.558057,25.051235
62228966,台灣石垣畜產股份有限公司,臺北市松山區民權東路3段142號9樓之5,115/04/27,121.546856,25.061723
62228993,米柯白有限公司,臺北市松山區南京東路4段164號11樓之2,115/04/27,121.556691,25.051375
62203466,依駿企業有限公司,臺北市大安區復興南路2段340巷35號2樓,115/04/27,121.541383,25.022776
62203698,寰宇成美管理顧問股份有限公司,臺北市大安區信義路4段255號7樓,115/04/27,121.553545,25.033476
62228641,天悦共創有限公司,臺北市大安區敦化南路1段177巷35號1樓,115/04/27,121.551225,25.04313
62228699,栗子創造有限公司,臺北市大安區復興南路1段352號2樓之1,115/04/27,121.543392,25.03562
62228706,律辰科技股份有限公司,臺北市大安區忠孝東路4段142號8樓之4,115/04/27,121.549373,25.041298
62228712,小果仁思辨教育有限公司,臺北市大安區羅斯福路3段271號10樓之3,115/04/27,121.530703,25.018587
62228749,寬富工程有限公司,臺北市大安區復興南路1段390號8樓之1,115/04/27,121.543381,25.033722
62228797,台灣優瑪生化科技有限公司,臺北市大安區永康街17號2樓,115/04/27,121.529869,25.032297
62228847,亞沛國際有限公司,臺北市大安區忠孝東路3段305號6樓之1,115/04/27,121.543542,25.041886
62228972,賦予行銷顧問有限公司,臺北市大安區信義路4段296號15樓,115/04/27,121.554592,25.032948
62229000,瑪樂有限公司,臺北市大安區忠孝東路4段300號5樓,115/04/27,121.55628,25.041155
62229022,吉葵斯管理顧問有限公司,臺北市大安區信義路4段210號11樓,115/04/27,121.551914,25.033002
62203141,好揪有限公司,臺北市萬華區中華路1段106號10樓,115/04/27,121.508392,25.043975
62203472,沐歆有限公司,臺北市萬華區峨眉街88號1樓,115/04/27,121.503885,25.044163
62203655,達良有限公司,臺北市萬華區峨眉街28號6樓,115/04/27,121.506856,25.043438
62229070,百傑達有限公司,臺北市萬華區忠孝西路2段20號4樓,115/04/27,121.508334,25.04822
62228614,新選擇美妝有限公司,臺北市信義區基隆路1段163號14樓之1,115/04/27,121.565226,25.041751
62228754,薇塔寶寶行旅夥伴有限公司,臺北市信義區松山路421號11樓之4,115/04/27,121.578005,25.040496
62228781,緒沛環能科技股份有限公司,臺北市信義區基隆路1段155號7樓,115/04/27,121.565336,25.042216
62229064,爍林股份有限公司,臺北市士林區文林路760號5樓,115/04/27,121.519904,25.103332
62228608,匯策管理顧問股份有限公司,臺北市內湖區內湖路1段115號4樓,115/04/27,121.562048,25.084223
62228635,映研國際行銷有限公司,臺北市文山區秀明路1段19巷5弄22號1樓,115/04/27,121.563603,24.990198
62229058,大志若娛有限公司,臺北市中正區忠孝東路1段152號12樓之5,115/04/28,121.52592,25.04398
62229091,奇蹟創藝有限公司,臺北市中正區忠孝東路1段150號9樓之1,115/04/28,121.525801,25.044008
62229178,睿耀數據顧問有限公司,臺北市中正區許昌街42號8樓,115/04/28,121.51546,25.045451
62229206,引航控股股份有限公司,臺北市中正區忠孝東路1段85號10樓,115/04/28,121.526507,25.044255
62229439,沐晨企劃有限公司,臺北市中正區忠孝東路1段49巷17號3樓,115/04/28,121.526208,25.044651
62229629,富井御股份有限公司,臺北市中正區濟南路2段15號2樓之3,115/04/28,121.527651,25.041298
62202972,創漫股份有限公司,臺北市大同區敦煌路24巷6號7樓,115/04/28,121.519299,25.074771
62228804,丹原有限公司,臺北市大同區延平北路2段61巷20號1樓,115/04/28,121.512279,25.055499
62229141,耕旭開發有限公司,臺北市大同區延平北路2段43巷21號1樓,115/04/28,121.512555,25.055285
62229156,好塗好裝實業有限公司,臺北市大同區雙連街72號1樓,115/04/28,121.518807,25.059781
62229249,襤褸堂商社股份有限公司,臺北市大同區長安西路303號4樓,115/04/28,121.507637,25.052384
62229043,潮食實業有限公司,臺北市中山區南京東路2段111號6樓,115/04/28,121.533382,25.052232
62229114,珍豪食品股份有限公司,臺北市中山區南京東路2段150號5樓,115/04/28,121.534199,25.051833
62229254,柔旭有限公司,臺北市中山區南京西路1之1號11樓,115/04/28,121.521814,25.052534
62229281,創碁科技工程有限公司,臺北市中山區建國北路3段90號1樓,115/04/28,121.534685,25.06649
62229297,圓與日和有限公司,臺北市中山區建國北路3段175號3樓,115/04/28,121.533945,25.067954
62229326,築越教育股份有限公司,臺北市中山區建國北路3段90號1樓,115/04/28,121.534685,25.06649
62229347,百匯行銷有限公司,臺北市中山區松江路192號10樓之1,115/04/28,121.532883,25.056992
62229352,恩佐投資有限公司,臺北市中山區龍江路387巷8號1樓,115/04/28,121.541492,25.065076
62229487,宏鋼貿易有限公司,臺北市中山區復興北路178號8樓,115/04/28,121.543875,25.054241
62229563,武氏食品有限公司,臺北市中山區敬業一路36巷5號8樓,115/04/28,121.553441,25.081258
62229607,銘醇國際有限公司,臺北市中山區農安街77巷1弄8號1樓,115/04/28,121.528722,25.065197
62229135,逢春事業有限公司,臺北市松山區復興北路313巷36號1樓,115/04/28,121.546694,25.058841
62229374,符力社文化有限公司,臺北市松山區光復北路95號地下室,115/04/28,121.558049,25.050813
62229536,蘊亮有限公司,臺北市松山區南京東路4段103號6樓之1,115/04/28,121.554543,25.051822
62229260,楚禾食品有限公司,臺北市大安區忠孝東路4段233號7樓之15,115/04/28,121.553608,25.041654
62229310,馬尼策略整合有限公司,臺北市大安區復興南路2段285號5樓,115/04/28,121.543642,25.025271
62229418,泓詮光明燈佛具有限公司,臺北市大安區和平東路3段123號4樓,115/04/28,121.551688,25.024562
62229424,好記資訊有限公司,臺北市大安區大安路1段224巷11號,115/04/28,121.545368,25.034013
62229466,大齊文教有限公司,臺北市大安區和平東路3段121號3樓,115/04/28,121.551607,25.024564
62229515,明光南港文教有限公司,臺北市大安區仁愛路4段427之1號14樓,115/04/28,121.556531,25.037996
62229521,維思孿生科技有限公司,臺北市大安區大安路1段191號6樓之1,115/04/28,121.546099,25.035768
62229542,博楓股份有限公司,臺北市大安區忠孝東路4段183號13樓之2,115/04/28,121.550901,25.041689
62229613,方茟有限公司,臺北市大安區復興南路1段259號8樓之1,115/04/28,121.543874,25.0365
62229233,陳參資本有限公司,臺北市信義區忠孝東路5段370號4樓,115/04/28,121.573946,25.040752
62229276,梓榮投資股份有限公司,臺北市信義區松仁路107號11樓,115/04/28,121.569467,25.035549
62229368,坤辰投資股份有限公司,臺北市信義區松仁路107號11樓,115/04/28,121.569467,25.035549
62229389,富鼎裝卸有限公司,臺北市信義區基隆路2段39巷20號,115/04/28,121.559383,25.030673
62229493,七十二匠有限公司,臺北市信義區和平東路3段249號1樓,115/04/28,121.554536,25.022725
62229557,凱成無障礙有限公司,臺北市信義區基隆路1段155號5樓之8,115/04/28,121.565336,25.042216
62229228,息間空間有限公司,臺北市士林區忠誠路2段188號地下1樓,115/04/28,121.533427,25.116465
62229331,友仟數位科技有限公司,臺北市北投區大度路3段270巷67號14樓之2,115/04/28,121.467299,25.125295
62229016,理想時尚商業有限公司,臺北市內湖區南京東路6段489號9樓,115/04/28,121.587971,25.061385
62229212,益敏企業有限公司,臺北市內湖區民權東路6段296巷57號,115/04/28,121.60732,25.07128
62229120,紘鼎機電有限公司,臺北市南港區興中路28巷28號3樓之2,115/04/28,121.606457,25.055357
62229579,沐林健康管理顧問有限公司,臺北市南港區研究院路3段7號2樓之3,115/04/28,121.617283,25.03552
62229199,煥鼎新材料有限公司,臺北市文山區福興路30號,115/04/28,121.551095,25.003032
62229472,葛瑞絲中文有限公司,臺北市中正區許昌街42號10樓,115/04/29,121.51546,25.045451
62229753,奕仁影像製作有限公司,臺北市中正區仁愛路2段70號3樓,115/04/29,121.529583,25.038024
62229825,集利鑫股份有限公司,臺北市中正區中華路1段59號3樓,115/04/29,121.508529,25.041335
62229830,富有家有限公司,臺北市中正區重慶南路1段57號10樓之17,115/04/29,121.51335,25.044671
62229584,熙禾有限公司,臺北市大同區民權西路292巷16號2樓,115/04/29,121.510444,25.062486
62229803,瑞森探吉國際貿易股份有限公司,臺北市大同區南京西路57號3樓之9,115/04/29,121.519354,25.053083
62229894,安富租賃有限公司,臺北市大同區重慶北路3段137巷28號,115/04/29,121.515056,25.067938
62228678,睿藝有限公司,臺北市中山區民權西路20號2樓,115/04/29,121.521801,25.062601
62229162,艾里歐股份有限公司,臺北市中山區長安東路2段246號9樓之8,115/04/29,121.543111,25.048176
62229304,島序有限公司,臺北市中山區長安東路2段169號7樓之2,115/04/29,121.54073,25.048421
62229395,嵯峨科技有限公司,臺北市中山區復興北路82號12樓,115/04/29,121.543802,25.051058
62229705,康體盈食品有限公司,臺北市中山區復興北路48號10樓,115/04/29,121.54376,25.049537
62229748,雙澄國際有限公司,臺北市中山區雙城街32巷17號,115/04/29,121.523165,25.066337
62229888,汎蒼室內裝修有限公司,臺北市中山區長安東路2段246號12樓,115/04/29,121.543111,25.048176
62230007,山羽映画影像製作有限公司,臺北市中山區新生北路2段115巷18號1樓,115/04/29,121.528329,25.058492
62229509,艾瑞運動生活顧問有限公司,臺北市松山區南京東路5段399號2樓之1,115/04/29,121.569669,25.051497
62229634,遠策資本有限公司,臺北市松山區復興北路1號10樓之2,115/04/29,121.544158,25.047968
62229711,顥竹學苑有限公司,臺北市松山區南京東路四段130號2樓之1,115/04/29,121.555708,25.051394
62229923,酉順生技有限公司,臺北市松山區光復北路95號3樓,115/04/29,121.558049,25.050813
62229590,錦上添花國際行銷運動股份有限公司,臺北市大安區忠孝東路4段169號6樓之1,115/04/29,121.550421,25.041705
62229640,二公分設計有限公司,臺北市大安區忠孝東路4段142號11樓之4,115/04/29,121.549373,25.041298
62229655,境禾有限公司,臺北市大安區忠孝東路4段319號6樓之1,115/04/29,121.556059,25.041591
62229698,嘉創數位出版有限公司,臺北市大安區延吉街153之10號地下,115/04/29,121.554954,25.040023
62229732,文鈜設計有限公司,臺北市大安區復興南路2段237號12樓之15,115/04/29,121.54371,25.025846
62229780,中溫咖有限公司,臺北市大安區敦化南路1段161巷32號1樓,115/04/29,121.550619,25.043422
62229867,勝拓國際股份有限公司,臺北市大安區信義路4段58號8樓之1,115/04/29,121.545383,25.033147
62229796,申格科技有限公司,臺北市萬華區中華路1段106號8樓,115/04/29,121.508392,25.043975
62229846,晟桓科技有限公司,臺北市萬華區中華路1段106號8樓,115/04/29,121.508392,25.043975
62229938,睿科聯創自動化股份有限公司,臺北市信義區基隆路1段420號2樓之4,115/04/29,121.559951,25.034057
62229959,正翔全球投資股份有限公司,臺北市信義區松隆路102號12樓之1,115/04/29,121.571031,25.045884
62229682,三合院景觀有限公司,臺北市士林區中正路523號1樓,115/04/29,121.517348,25.090883
62228683,金烏國際智聯股份有限公司,臺北市內湖區康寧路3段56巷31號,115/04/29,121.6095,25.070118
62229677,辰家資本有限公司,臺北市內湖區瑞光路168號9樓,115/04/29,121.57865,25.07391
62229450,惠域室內裝修有限公司,臺北市南港區經貿二路135號9樓,115/04/29,121.617754,25.060113
62229851,德聖國際企業有限公司,臺北市文山區辛亥路4段21巷22號1樓,115/04/29,121.559404,25.009122
62230055,慢生活有限公司,臺北市中正區漢口街1段3號7樓,115/04/30,121.514545,25.045228
62230323,衡動創新股份有限公司,臺北市中正區寧波西街12號3樓,115/04/30,121.518567,25.031244
62230371,恆真策研有限公司,臺北市中正區館前路2號12樓,115/04/30,121.514883,25.046367
62230392,磐安工程有限公司,臺北市中正區忠孝西路1段72號6樓之8,115/04/30,121.514062,25.046827
62230436,辰碩有限公司,臺北市中正區忠孝西路1段50號12樓之2,115/04/30,121.515823,25.046303
62230484,植光沐研有限公司,臺北市中正區許昌街42號10樓,115/04/30,121.51546,25.045451
62230013,閎上材料有限公司,臺北市大同區酒泉街222號,115/04/30,121.510068,25.072056
62230040,梵梵科技有限公司,臺北市大同區市民大道1段209號12樓,115/04/30,121.51835,25.048893
62230061,歐伊科思有限公司,臺北市大同區華陰街99號2樓,115/04/30,121.517351,25.049856
62230077,煌明興業有限公司,臺北市中山區吉林路193號1樓,115/04/30,121.530358,25.059798
62230082,俊景股份有限公司,臺北市中山區民權西路70號10樓之1,115/04/30,121.51985,25.062657
62230132,津葉肉品有限公司,臺北市中山區南京東路1段86號7樓之4,115/04/30,121.525617,25.051918
62230169,梁文宣顧問有限公司,臺北市中山區建國北路3段90號1樓,115/04/30,121.534685,25.06649
62230196,嘉億衡電子股份有限公司,臺北市中山區民權東路1段53號9樓,115/04/30,121.524824,25.062906
62230203,星木地板企業有限公司,臺北市中山區復興北路430巷20號1樓,115/04/30,121.542964,25.063275
62230225,榜一科技有限公司,臺北市中山區雙城街3巷13號地下樓,115/04/30,121.5252,25.063345
62230230,陪跑者品牌顧問有限公司,臺北市中山區南京東路3段219號9樓,115/04/30,121.54328,25.052084
62230251,容意行銷股份有限公司,臺北市中山區松江路185號7樓之2,115/04/30,121.533317,25.05647
62230267,駿耀資產有限公司,臺北市中山區南京東路1段52號2樓,115/04/30,121.524669,25.05195
62230288,凌麒網路科技股份有限公司,臺北市中山區建國北路3段94之1號,115/04/30,121.534173,25.066579
62203607,養序有限公司,臺北市松山區民生東路3段119號3樓,115/04/30,121.546919,25.05796
62229775,甜娜娜國際有限公司,臺北市松山區基隆路1段8號13樓,115/04/30,121.569933,25.050764
62230127,盈拓管理顧問股份有限公司,臺北市松山區南京東路4段50號11樓,115/04/30,121.553462,25.051447
62230338,巒城股份有限公司,臺北市松山區新東街26巷41號4樓,115/04/30,121.567922,25.058879
62230421,新諾華智能股份有限公司,臺北市松山區光復北路95號5樓,115/04/30,121.558049,25.050813
62230463,熱理科技股份有限公司,臺北市松山區南京東路三段287號2樓,115/04/30,121.546149,25.051998
62230479,依玲珊珊有限公司,臺北市松山區敦化南路1段57號3樓之6,115/04/30,121.549265,25.04578
62229769,步步清風有限公司,臺北市大安區和平東路2段96巷53號1樓,115/04/30,121.540322,25.021767
62229873,新牛有限公司,臺北市大安區延吉街70巷2弄1號1樓,115/04/30,121.55376,25.042615
62229917,食齊餐飲有限公司,臺北市大安區延吉街137巷2號,115/04/30,121.554616,25.041926
62230034,鼎豐智造科技股份有限公司,臺北市大安區忠孝東路4段169號6樓之1,115/04/30,121.550421,25.041705
62230105,宙藝廊股份有限公司,臺北市大安區潮州街94號1樓,115/04/30,121.524942,25.029022
62230219,北亨有限公司,臺北市大安區復興南路1段390號8樓之1,115/04/30,121.543381,25.033722
62230246,源憶投資股份有限公司,臺北市大安區忠孝東路3段10巷10號1樓,115/04/30,121.533424,25.041585
62230317,極汯工程有限公司,臺北市大安區和平東路一段6號11樓,115/04/30,121.523047,25.026847
62230359,序境空間藝術有限公司,臺北市大安區忠孝東路3段305號6樓之1,115/04/30,121.543542,25.041886
62230386,海王燒鵝股份有限公司,臺北市大安區敦化南路2段63巷38號,115/04/30,121.550957,25.030891
62229661,理居顧問有限公司,臺北市信義區基隆路1段398號3樓,115/04/30,121.560066,25.034255
62229901,亞太全球開發股份有限公司,臺北市信義區信義路5段91巷12弄1號2樓之6,115/04/30,121.5714,25.033726
62230098,奇邑資本有限公司,臺北市信義區忠孝東路5段370號4樓,115/04/30,121.573946,25.040752
62230148,鋐科有限公司,臺北市信義區基隆路1段155號11樓之2,115/04/30,121.565336,25.042216
62230180,保持浪漫股份有限公司,臺北市信義區光復南路495號4樓,115/04/30,121.557885,25.03246
62230273,浤裕資本有限公司,臺北市信義區基隆路2段51號8樓之7,115/04/30,121.558531,25.030982
62230409,玄景科技有限公司,臺北市信義區忠孝東路5段1之8號11樓,115/04/30,121.565175,25.041293
62230457,阿利亞有限公司,臺北市信義區吳興街106巷14號,115/04/30,121.560188,25.030266
62230506,華唱文化股份有限公司,臺北市信義區松壽路12號9樓及10樓,115/04/30,121.566021,25.035668
62229819,都來有限公司,臺北市士林區文林路178號1樓,115/04/30,121.527028,25.089559
62230175,瑞希國際有限公司,臺北市士林區重慶北路4段248號1樓,115/04/30,121.511354,25.086662
62229965,瑞澄生醫有限公司,臺北市內湖區行愛路77巷59號8樓,115/04/30,121.582796,25.063434
62229992,成美控股有限公司,臺北市內湖區內湖路1段66號6樓,115/04/30,121.562303,25.083666
62230111,展策整合行銷有限公司,臺北市內湖區民權東路6段150之5號9樓之3,115/04/30,121.590605,25.068453
62230294,松禾行銷創意有限公司,臺北市內湖區新明路253號1樓,115/04/30,121.586808,25.057715
