項次,醫事機構代碼,醫事機構,電話,地址
1,2101010013,臺北市立聯合醫院附設松山門診部,(02)27653147,臺北市松山區八德路４段６９４號１樓
2,2101020019,臺北市立聯合醫院附設大安門診部,(02)27390997,臺北市大安區辛亥路３段１５號
3,2101090011,臺北市立聯合醫院附設大同門診部,(02)25948971,臺北市大同區昌吉街５２號１至２樓
4,2101100227,臺北市立聯合醫院附設中山門診部,(02)25013363,臺北市中山區松江路３６７號１樓
5,2101110027,臺北市立聯合醫院附設內湖門診部,(02)27908387,臺北市內湖區民權東路６段９９號之１（１樓）
6,2101120014,臺北市立聯合醫院附設南港門診部,(02)27868756,臺北市南港區南港路１段３６０號１樓
7,2101150012,臺北市立聯合醫院附設士林門診部,(02)28836268,臺北市士林區中正路４３９號１樓
8,2101161033,臺北市立聯合醫院附設北投門診部,(02)28912670,臺北市北投區公舘路１９８號４樓
9,2101170050,臺北市立聯合醫院附設信義門診部,(02)87804152,臺北市信義區大道路１１６號１樓、２樓
10,2101180038,臺北市立聯合醫院附設中正門診部,(02)23210168,臺北市中正區牯嶺街２４號１樓
11,2101191068,臺北市立聯合醫院附設萬華門診部,(02)23395384,臺北市萬華區東園街１５２號
12,2101200017,臺北市立聯合醫院附設政大門診部,(02)82377441,臺北市文山區指南路２段１１７號
13,2701170052,臺北市政府醫務室,(02)27205389,臺北市信義區市府路１號（１樓東區）
14,3401171107,聯合報系員工診療所,(02)27601618,臺北市信義區忠孝東路４段５５９巷１號６樓
15,3501010094,劉內兒科診所,(02)27603922,臺北市松山區民生東路５段１４８號
16,3501010263,康明哲小兒科內科診所,(02)27675941,臺北市松山區三民路１３６巷１５號
17,3501010414,松山內兒科診所,(02)27658676,臺北市松山區八德路４段２５５號
18,3501010736,林忠志診所,(02)27689577,臺北市松山區南京東路５段２９１巷２０弄３－３號
19,3501010987,華南小兒科診所,(02)25786018,臺北市松山區延吉街３０巷１５號
20,3501011037,江建中診所,(02)27647883,臺北市松山區八德路４段２８５號１樓
21,3501011260,江崇萍小兒科診所,(02)27632260,臺北市松山區南京東路５段２５１巷２４弄２７號
22,3501011493,車參薇小兒科診所,(02)25770101,臺北市松山區八德路３段２２２號（１樓）
23,3501011500,洪小兒科診所,(02)27480630,臺北市松山區市民大道５段１６５號１樓
24,3501012838,閎新耳鼻喉科皮膚科聯合診所,(02)25779898,臺北市松山區八德路３段２０－２號
25,3501013068,黎博彥診所,(02)27682802,臺北市松山區民生東路５段２３０號
26,3501013157,大家好診所,(02)27138819,臺北市松山區民生東路４段８０巷１１弄２號１樓
27,3501014476,鈞賀診所,(02)27600101,臺北市松山區富錦街４６２號
28,3501015026,佑家診所,(02)25785658,臺北市松山區八德路３段２３３號
29,3501015035,安兒康小兒專科診所,(02)77287688,臺北市松山區敦化北路１１６號、１１８號、１１８號２樓
30,3501015240,宥全診所,(02)27678225,臺北市松山區民生東路５段２１６號１樓
31,3501015606,弘宇診所,(02)27128875,臺北市松山區民權東路３段１６０巷２之６號（１樓）
32,3501015660,心田民生診所,(02)27653039,臺北市松山區民生東路５段１０５號１樓
33,3501021006,陳志明診所,(02)27549558,臺北市大安區和平東路２段３３７號
34,3501021391,全家聯合診所,(02)27067575,臺北市大安區和平東路２段３５３號
35,3501021720,林繼國診所,(02)27315568,臺北市大安區忠孝東路３段２１７巷１弄１２號１樓
36,3501022727,葉明憲小兒科診所,(02)23691688,臺北市大安區羅斯福路３段１９１號２樓
37,3501022843,啟誠聯合診所,(02)23784380,臺北市大安區和平東路２段１２０號１．２．３，４樓
38,3501024918,羅醫師親子診所,(02)27000708,臺北市大安區通化街３８巷１４號（１樓）
39,3501025077,陳惠章婦產科家庭醫學科診所,(02)83695026,臺北市大安區羅斯福路３段２６１號２樓
40,3501025246,窈窕診所,(02)27096458,臺北市大安區復興南路２段６號４樓
41,3501025648,延吉診所,(02)27035082,臺北市大安區延吉街２４１巷２弄５號１樓
42,3501025719,尖端診所,(02)23789734,臺北市大安區敦化南路２段１６８號１１樓
43,3501027491,劉建宏診所,(02)27002368,臺北市大安區大安路２段１３９號
44,3501028050,許靜瑛小兒科診所,(02)23629088,臺北市大安區和平東路１段２３０號１樓
45,3501028210,博安家庭醫學科診所,(02)23567066,臺北市大安區麗水街３號
46,3501028649,田嘉程診所,(02)27018262,臺北市大安區延吉街２３９之１號
47,3501028845,那明珠診所,(02)27360589,臺北市大安區和平東路３段８號
48,3501029351,邱醫師診所,(02)27392696,臺北市大安區和平東路３段２８８號
49,3501029628,黃文香兒科診所,(02)27313305,臺北市大安區忠孝東路４段２５０號２樓之１
50,3501029922,健華診所,(02)27072990,臺北市大安區和平東路２段２９９號（實際營業地址：１樓）
51,3501029931,松德診所,(02)27073326,臺北市大安區四維路１７０巷１６號
52,350102A107,夏爾診所,(02)23255508,臺北市大安區信義路４段２６５巷５２號、５４號
53,350102D135,李細祥內科診所,(02)27018159,臺北市大安區四維路１９８巷３０弄５號
54,350102H071,家齡診所,(02)27211256,臺北市大安區敦化南路１段１９１號地下之９至１９、地下之８８
55,350102H526,禾馨大安婦幼診所,(02)33652766,臺北市大安區新生南路３段４號２樓
56,350102H820,和平診所,(02)23912000,臺北市大安區和平東路１段７７之２號（１樓）
57,350102I372,禾馨新生婦幼診所,(02)23682333,臺北市大安區新生南路３段２號１樓、２號２樓、２號３樓
58,350102I498,澤星親子診所,(02)27018848,臺北市大安區敦化南路１段３７６號２樓之２
59,350102I587,瑞森診所,(02)27076002,臺北市大安區信義路３段１３４巷１００號１樓
60,350102I845,小禾馨小兒專科診所,(02)23698833,臺北市大安區新生南路３段４號１樓
61,350102J182,森歆林家醫診所,(02)23563107,臺北市大安區金華街２４９之３號（１樓）
62,350102J299,仁愛柚子診所,(02)27711380,臺北市大安區仁愛路４段３３號１２樓
63,3501090172,鈞生診所,(02)25570048,臺北市大同區甘州街２８號
64,3501090458,施小兒科診所,(02)25941935,臺北市大同區重慶北路３段２８號
65,3501090814,黃博裕小兒科診所,(02)25592440,臺北市大同區赤峰街４９巷２１號
66,3501091133,羅志弘診所,(02)25921666,臺北市大同區重慶北路３段１１５號
67,3501091688,趙黎海診所,(02)25862385,臺北市大同區哈密街６７號
68,3501093299,羅源彰診所,(02)25552500,臺北市大同區長安西路１３７號
69,3501093557,澤康診所,(02)25960922,臺北市大同區重慶北路３段７１號
70,3501094269,悅昇診所,(02)25502664,臺北市大同區錦西街５０之１號（１樓）
71,3501100217,陳炯輝診所,(02)25221796,臺北市中山區民生東路２段１０３號
72,3501100815,木生婦幼診所,(02)25012312,臺北市中山區長安東路２段９０號１－４樓８８號４樓
73,3501100888,富生婦產科診所,(02)25812286,臺北市中山區吉林路１５７號
74,3501100986,葉小兒科診所,(02)25054833,臺北市中山區長春路２２７號
75,3501101385,王三郎婦產科診所,(02)25948759,臺北市中山區中山北路２段１６６號－２
76,3501101634,劉宣彥診所,(02)25183329,臺北市中山區伊通街１７－４號
77,3501101849,北安聯合診所,(02)25337777,臺北市中山區北安路５６９之１號２樓．之２、３、４號１、２樓
78,3501102622,宗北內科診所,(02)25411001,臺北市中山區民生西路２４號４樓
79,3501103272,大直診所,(02)25332339,臺北市中山區北安路５９５巷２弄２號（１樓及地下層）及６號
80,3501103503,龍江小兒科診所,(02)25152433,臺北市中山區龍江路１８１－１號１樓
81,3501103585,鄭志誠小兒科診所,(02)25512246,臺北市中山區民生東路１段８號
82,3501103665,寧康聯合診所,(02)25013862,臺北市中山區龍江路２０９巷６之１號
83,3501104091,慶恩小兒科診所,(02)25683199,臺北市中山區吉林路１１７號
84,3501104322,民生承安診所,(02)25032633,臺北市中山區民生東路３段９０號１、２樓
85,3501105123,明誠診所,(02)25013380,臺北市中山區錦州街４４６號
86,3501105310,高固亷診所,(02)25323036,臺北市中山區北安路５９５巷１號地下１層、６２１巷６弄２號１樓
87,3501105445,莊宇龍診所,(02)25331255,臺北市中山區北安路６３７號
88,3501105767,愛鄰診所,(02)25322333,臺北市中山區北安路５２０－１號
89,3501106166,興安診所,(02)25052228,臺北市中山區民生東路３段９０號２樓、９０號２樓之３
90,3501106264,農安診所,(02)25978590,臺北市中山區農安街６２號
91,3501106559,杏慈診所,(02)25013109,臺北市中山區民權東路２段１５２巷２之１號
92,3501107369,晴光診所,(02)25853210,臺北市中山區林森北路５５６號
93,3501107565,雙連婦產科小兒科診所,(02)25222350,臺北市中山區民生西路３０號４樓
94,3501107574,榮星診所,(02)25168112,臺北市中山區龍江路２７４號１樓及２８０號１樓、２樓
95,3501107645,惟亷診所,(02)25323038,臺北市中山區北安路５９５巷１號地下一層、６０７號（１樓）
96,3501107725,大直佳恩診所,(02)25323301,臺北市中山區北安路５９１號１樓及地下層
97,3501108008,四季和安婦幼診所,(02)25677310,臺北市中山區林森北路４５２號地下１樓、４５８號及４５８號３樓
98,3501108277,固亷診所,(02)25323036,臺北市中山區北安路５９５巷１號地下一層、６２１巷６弄２號１樓
99,3501108366,上直診所,(02)85091776,臺北市中山區北安路４５８巷４１弄４９號
100,3501108606,玉山診所,(02)25182105,臺北市中山區錦州街２５１號（實際營業：二層）
101,3501109532,龍江固亷診所,(02)25170093,臺北市中山區龍江路３６０號１樓
102,3501109845,永育樂群診所,(02)85012268,臺北市中山區樂群二路２１０之２號（１樓）
103,350110A324,綠葉親子診所,(02)25935559,臺北市中山區農安街１２之１號１樓
104,350110A422,中崙國際診所,(02)27711501,臺北市中山區八德路２段３０３號１樓３０５號３０７號１樓２樓
105,350110B143,沐晴診所,(02)25189009,臺北市中山區龍江路４０１號１樓
106,350110B287,向慈耳鼻喉科診所,(02)25178880,臺北市中山區錦州街４３７號１樓
107,3501110115,王慶森診所,(02)27986052,臺北市內湖區港墘路６５號
108,3501110188,魏穀年診所,(02)26572691,臺北市內湖區內湖路１段４０３號
109,3501110286,丁大元診所,(02)26331010,臺北市內湖區東湖路１１９巷４９弄４號１樓
110,3501110311,徐醫師診所,(02)26336616,臺北市內湖區東湖路５３號
111,3501110482,雙湖診所,(02)27910066,臺北市內湖區金龍路４９號１樓
112,3501110571,劉淦華診所,(02)27905374,臺北市內湖區金龍路４３號１樓
113,3501110777,林永正診所,(02)26315567,臺北市內湖區康樂街１３０號
114,3501110928,成功耳鼻喉科診所,(02)27940064,臺北市內湖區成功路３段１６２－１號１樓、１６４號１樓
115,3501110982,馬思特診所,(02)27925994,臺北市內湖區成功路４段５３號１樓
116,3501111032,立安診所,(02)27933632,臺北市內湖區內湖路２段３６５號１樓
117,3501111069,藍曾小兒科診所,(02)26335225,臺北市內湖區東湖路１３２號
118,3501112771,東湖謝耳鼻喉科診所,(02)26332605,臺北市內湖區東湖路１４８號
119,3501112815,魏之明小兒科診所,(02)26306968,臺北市內湖區康寧路３段５４之６號１樓
120,3501112860,林孟勳診所,(02)87920955,臺北市內湖區成功路４段６１巷３２弄２號１樓
121,3501113090,誠康診所,(02)26572585,臺北市內湖區內湖路１段５８５號
122,3501113134,焉醫師診所,(02)27995008,臺北市內湖區內湖路２段２１號
123,3501113321,林登山耳鼻喉科診所,(02)26596638,臺北市內湖區文德路９６號
124,3501113330,仁弘耳鼻喉科診所,(02)26596360,臺北市內湖區內湖路１段７３７巷５０弄３３號１樓
125,3501113401,維仁診所,(02)27923829,臺北市內湖區民權東路６段１３６巷４號
126,3501113750,禾馨內湖婦幼診所,(02)55713333,臺北市內湖區民權東路６段４２號５樓(之１、之２、之３）
127,3501113812,連安診所,(02)26276705,臺北市內湖區內湖路１段６１９號及６１９號２樓
128,3501113929,禾馨民權婦幼診所,(02)55713333,臺北市內湖區民權東路６段４２號２－４樓（之１、之２、之３）
129,3501114122,陽光活力診所,(02)87973828,臺北市內湖區瑞光路５００號１樓及５０２號２樓
130,3501114186,小禾馨民權小兒專科診所,(02)27910233,臺北市內湖區行忠路１９１號
131,3501114597,永育醫療大湖診所,(02)27906002,臺北市內湖區成功路４段３６６號１、２樓
132,3501114613,佳霖診所,(02)26334535,臺北市內湖區東湖路１４７號２樓
133,3501114711,德威診所,(02)27978033,臺北市內湖區內湖路１段６６７巷１號１樓
134,3501114882,永育醫療康樂診所,(02)26308800,臺北市內湖區康樂街７８、８０、８２、８４號１樓
135,3501120068,廖內兒科診所,(02)27832776,臺北市南港區忠孝東路７段６１７號
136,3501120157,黃家庭醫學科診所,(02)27820908,臺北市南港區研究院路１段１６１號
137,3501120228,蔣小兒科診所,(02)26515960,臺北市南港區玉成街１６６巷３０號１樓
138,3501120335,陳志鑫診所,(02)27839698,臺北市南港區八德路４段８１２號
139,3501120353,劉聖亞診所,(02)27880713,臺北市南港區興華路８２號１樓
140,3501121592,陳勝吉診所,(02)27836972,臺北市南港區研究院路１段１１５號１樓
141,3501121627,天仁小兒科診所,(02)27862687,臺北市南港區成福路２１號
142,3501121725,義仁兒科診所,(02)26515929,臺北市南港區玉成街１３８號１樓
143,3501121743,永育醫療福德診所,(02)27850700,臺北市南港區福德街３２０號１樓
144,3501121814,李文珍小兒科診所,(02)26511871,臺北市南港區研究院路２段７４號
145,3501121823,天仁健康診所,(02)27862687,臺北市南港區成福路２１號
146,3501121832,維康診所,(02)26517748,臺北市南港區研究院路２段８４巷１號１樓
147,3501122044,杏安診所,(02)27892008,臺北市南港區同德路７４號、７６號
148,3501122142,松展診所,(02)27631373,臺北市南港區忠孝東路６段１１０巷１８號
149,3501150182,天母許內科家醫科診所,(02)28729367,臺北市士林區天母北路４９號
150,3501150422,存德小兒科診所,(02)28342567,臺北市士林區文林路４６０號
151,3501150575,鄭醫師診所,(02)28127412,臺北市士林區延平北路５段１２０號１、２樓
152,3501150744,惠周內兒科診所,(02)28812962,臺北市士林區大北路９６號１樓
153,3501151018,林博通醫師診所,(02)28851148,臺北市士林區通河街６０號
154,3501151161,蘇慧卿診所,(02)28829955,臺北市士林區大南路２７４號
155,3501151269,粱耳鼻喉科診所,(02)28168456,臺北市士林區社正路１２－１號
156,3501151358,林佳宏小兒科診所,(02)28744591,臺北市士林區中山北路６段４６２號
157,3501151401,柯佑民小兒科診所,(02)28766955,臺北市士林區天母東路８巷１９弄５號１樓
158,3501151661,家庭醫師張正弘診所,(02)28747399,臺北市士林區天玉街３８巷９號
159,3501151750,芝山診所,(02)28362780,臺北市士林區忠義街８２號１樓
160,3501151849,忠誠聯合診所,(02)88661176,臺北市士林區忠誠路２段５０巷３５號
161,3501151901,慈田耳鼻喉科診所,(02)28123595,臺北市士林區延平北路５段１８５號１樓
162,3501151938,何小兒科診所,(02)28827401,臺北市士林區福港街１７６號
163,3501151974,蕭雨青小兒科診所,(02)28126415,臺北市士林區延平北路５段２９２號１樓
164,3501153478,嘉櫻小兒科診所,(02)88666202,臺北市士林區德行西路１１９號１樓
165,3501153567,平安診所,(02)28167263,臺北市士林區社新里社子街３６－１號１樓
166,3501153665,張虔熙小兒科診所,(02)28361368,臺北市士林區中山北路６段２８２號
167,3501153745,愛林診所,(02)28836881,臺北市士林區承德路４段２２２號、２２２之１號、２２２之２號
168,3501154180,士林小兒科診所,(02)28812485,臺北市士林區中正路２４９號
169,3501154279,科安診所,(02)28110699,臺北市士林區社中街１１６號
170,3501154475,樹爸爸親子診所,(02)28381838,臺北市士林區德行東路２８６號
171,3501154519,貝爾診所,(02)28729980,臺北市士林區中山北路７段８２巷９號
172,3501154528,小禾馨士林小兒專科診所,(02)28827333,臺北市士林區中正路２８９號（１樓）
173,3501154564,佩佩婦幼診所,(02)28386262,臺北市士林區中山北路６段１８２號、１８２號２樓
174,3501155007,士林欣然耳鼻喉科診所,(02)28386090,臺北市士林區文林路４５０號（１樓）
175,3501155025,柳橙親子診所,(02)28742818,臺北市士林區天母北路３５號１樓
176,3501160099,石牌李力成診所,(02)28272849,臺北市北投區西安街１段２８１巷１５號
177,3501160204,吉安診所,(02)28231832,臺北市北投區西安街１段２８１巷１８號
178,3501160286,永安家庭醫學科診所,(02)28940888,臺北市北投區中央北路１段１７２號（實際使用：一、二層）
179,3501160973,蔡秉勳小兒科診所,(02)28966525,臺北市北投區中和街２８１號１樓
180,3501160982,清田婦產科家醫科診所,(02)28931323,臺北市北投區中和街２６８號
181,3501160991,張參雄診所,(02)28926555,臺北市北投區光明路１６６號、１６６－１號１．２．３樓
182,3501161032,陳獻明小兒科診所,(02)28928950,臺北市北投區中央南路１段６９號１樓
183,3501161185,李伯匯小兒科診所,(02)28221212,臺北市北投區石牌路１段９３號
184,3501161238,祐民聯合診所,(02)28951301,臺北市北投區中央南路１段２０７號１、２、３樓
185,3501161363,昱德聯合診所,(02)28975050,臺北市北投區光明路１０２號
186,3501161505,慈恩耳鼻喉科診所,(02)28978787,臺北市北投區中央南路１段１３號
187,3501162664,王永良診所,(02)28227287,臺北市北投區自強街９４號
188,3501162717,家福診所,(02)28210435,臺北市北投區實踐街１３號
189,3501162940,何叔芳小兒科診所,(02)28206886,臺北市北投區石牌路２段９０巷１２號１樓
190,3501163018,光明診所,(02)28210197,臺北市北投區石牌路２段９９巷５５號１、２樓
191,3501163036,黃正宏診所,(02)28217076,臺北市北投區西安街１段３５９號
192,3501163072,宏恩兒科診所,(02)28271110,臺北市北投區致遠一路２段９９號
193,3501163170,黃浩魁小兒科診所,(02)28983256,臺北市北投區中央北路１段１６８號
194,3501163232,陳柏宏親子診所,(02)28225257,臺北市北投區明德路１２４號
195,3501163241,陳信方小兒科診所,(02)28201068,臺北市北投區明德路１０６號
196,3501163312,台北欣安耳鼻喉科診所,(02)28210501,臺北市北投區石牌路１段１５２號
197,3501163410,石牌鄭身心醫學診所,(02)28227660,臺北市北投區石牌路１段６９號（實際地址：１、２樓）
198,3501170237,信義邱婦產科診所,(02)27278275,臺北市信義區虎林街１９８號
199,3501170442,有成外科診所,(02)27613891,臺北市信義區永吉路２１３號
200,3501170835,黃啟彰診所,(02)27696218,臺北市信義區松山路２６１－１號１樓
201,3501170924,富陽劉內兒科診所,(02)27325132,臺北市信義區富陽街４３號１樓
202,3501171010,王寬仁診所,(02)27204952,臺北市信義區虎林街１２１巷１１號１樓
203,3501171207,鄭光志小兒科診所,(02)27266132,臺北市信義區松德路２３號（實際營業地址：１樓）
204,3501171225,張育驍診所,(02)27291011,臺北市信義區吳興街４６７巷２弄４號、６號、６號２樓（詳大事記
205,3501171261,康泰診所,(02)27661228,臺北市信義區永吉路５４號１樓
206,3501171716,長風小兒科診所,(02)27227943,臺北市信義區莊敬路３５１號１樓
207,3501172786,德文診所,(02)27296521,臺北市信義區松仁路２４０巷１５號
208,3501173032,陽光耳鼻喉科診所,(02)27279529,臺北市信義區松山路４８４之８號
209,3501173327,明輝診所,(02)87871235,臺北市信義區松隆路２８２之３號
210,3501173336,登瑞安診所,(02)27265228,臺北市信義區林口街２３２號１樓
211,3501173425,林應然小兒科診所,(02)27595328,臺北市信義區福德街７５號
212,3501174593,理恩診所,(02)87899728,臺北市信義區忠孝東路５段４１０之２號（１樓）
213,3501175929,承功診所,(02)87868912,臺北市信義區忠孝東路５段３７２巷２７弄６４號１樓
214,3501176113,樂恬診所,(02)27206700,臺北市信義區莊敬路１７８巷１３號１樓
215,3501180420,劉瑞聰診所,(02)23038125,臺北市中正區汀州路１段１９４號
216,3501181267,朱小兒科診所,(02)23651810,臺北市中正區汀州路２段２２０號１樓
217,3501181589,同泰診所,(02)23678511,臺北市中正區汀州路２段１３６，１３８號
218,3501181767,惠恩診所,(02)23919572,臺北市中正區濟南路２段４８巷３之２號
219,3501181810,周正成小兒科診所,(02)23516830,臺北市中正區徐州路２４號
220,3501183538,拉菲爾人本診所,(02)23700999,臺北市中正區館前路４９號１１樓
221,3501183850,健康101診所,(02)23645143,臺北市中正區牯嶺街９７號１樓
222,3501184393,悅心診所,(02)23961008,臺北市中正區羅斯福路２段７之２號、７之３號
223,3501184731,禾馨婦產科診所,(02)23612323,臺北市中正區懷寧街７８號、７８號２樓
224,3501185961,博士診所,(02)23120120,臺北市中正區南陽街８號地下（地下一層）
225,3501187054,侑澄診所,(02)23960123,臺北市中正區信義路２段１８９號（１樓）、１９１號（１樓）
226,3501190328,鄭內兒科診所,(02)23067992,臺北市萬華區艋舺大道４３０號
227,3501191852,童錫鈺診所,(02)23056059,臺北市萬華區萬大路４８６巷５９弄１７號
228,3501192251,漢宗小兒科診所,(02)23039022,臺北市萬華區中華路２段４３４號
229,3501192528,聖約翰婦產科診所,(02)23098502,臺北市萬華區東園街１７５號
230,3501192537,裕仁診所,(02)23363229,臺北市萬華區萬大路１１７號２樓、西藏路２９２號２樓
231,3501192608,許孟權小兒科診所,(02)23393331,臺北市萬華區西藏路１１５號
232,3501192733,天行健診所,(02)23320688,臺北市萬華區寶興街１２１、１２５、１２７號
233,3501194424,快樂兒童診所,(02)23328610,臺北市萬華區寶興街１２１、１２５、１２７號
234,3501194451,青年診所,(02)23032450,臺北市萬華區中華路２段４２４號
235,3501194657,永康診所,(02)23123455,臺北市萬華區桂林路４７號１樓２樓及地下１樓
236,3501194835,佳安診所,(02)23320898,臺北市萬華區青年路３４號
237,3501195038,幸福診所,(02)23380456,臺北市萬華區康定路１９９號
238,3501195234,健安診所,(02)23012255,臺北市萬華區萬大路４３２號
239,3501195690,瑞生診所,(02)23012788,臺北市萬華區西園路２段２５０號、２５０號２樓、２５０號３樓、
240,3501200249,仁耀診所,(02)29317788,臺北市文山區興隆路１段２７３號１樓
241,3501200534,興隆內科小兒科診所,(02)29311736,臺北市文山區興隆路２段１７號
242,3501200570,泓仁診所,(02)29382627,臺北市文山區木新路２段２７３號
243,3501200614,澤文診所,(02)29386243,臺北市文山區興隆路４段１３３號１樓
244,3501200785,陳建業診所,(02)29358181,臺北市文山區景文街８６號（１樓、２樓）、１０７號６樓
245,3501200794,林建輝小兒科診所,(02)29334933,臺北市文山區興隆路２段７０號
246,3501200963,葉洪小兒科診所,(02)22300055,臺北市文山區興隆路３段２０２號１樓
247,3501201004,洪佑承小兒專科診所,(02)29364708,臺北市文山區興隆路４段６４之２號
248,3501201095,德安小兒科診所,(02)29395299,臺北市文山區興隆路４段６－１０號
249,3501201219,官世英診所,(02)86638189,臺北市文山區景興路４５號
250,3501202458,屈銘軒小兒科診所,(02)29308518,臺北市文山區興隆路２段３０１巷４－２號
251,3501202467,瑞萱診所,(02)29305313,臺北市文山區景華街１２４號
252,3501202510,徐慧玲診所,(02)22340000,臺北市文山區興隆路４段９７號
253,3501202592,震杰小兒科診所,(02)89351869,臺北市文山區景興路１２９號１樓
254,3501202636,黃偉志小兒科診所,(02)29354556,臺北市文山區萬慶街１２號１樓
255,3501202967,東翰診所,(02)29308330,臺北市文山區興隆路２段１３９號
256,3501203080,秀心診所,(02)29383838,臺北市文山區保儀路２６巷１號２樓之１
257,3501203124,芳馨診所,(02)29325253,臺北市文山區興隆路２段６２號
258,3501203259,樂群耳鼻喉科家醫科診所,(02)22340158,臺北市文山區木新路３段２０２號
259,3501203446,夏安皮膚專科診所,(02)86638099,臺北市文山區興隆路３段２６號（１、２樓）
260,3501203455,佳鴻診所,(02)29333096,臺北市文山區羅斯福路６段２５６號１樓
261,3501203704,新澋美診所,(02)29330350,臺北市文山區興隆路１段１２號１樓
262,4001020028,尹書田醫療財團法人書田泌尿科眼科診所,(02)23690211,臺北市大安區建國南路２段２７６號１樓、２７８號１樓
263,4001110018,國泰醫療財團法人內湖國泰診所,(02)87972121,臺北市內湖區瑞光路３３７號（１、２、３、４樓）
264,401180014,國立臺灣大學醫學院附設醫院,(02)23123456,臺北市中正區中山南路７、８號；常德街１號
265,401180023,國立臺灣大學醫學院附設醫院兒童醫院,(02)23123456,臺北市中正區中山南路８號
266,501110514,三軍總醫院附設民眾診療服務處,(02)87923311,臺北市內湖區成功路２段３２５號
267,601160016,臺北榮民總醫院,(02)28712121,臺北市北投區石牌路２段２０１號
268,1101010012,長庚醫療財團法人台北長庚紀念醫院,(02)27135211,臺北市松山區敦化北路１９９、１９７號、１９９巷６號、民生東路
269,1101020018,國泰醫療財團法人國泰綜合醫院,(02)27082121,臺北市大安區仁愛路４段２８０號，２６６巷６號
270,1101100011,台灣基督長老教會馬偕醫療財團法人馬偕紀念醫院,(02)25433535,臺北市中山區中山北路２段９２號
271,1101100020,台灣基督長老教會馬偕醫療財團法人馬偕兒童醫院,(02)25433535,臺北市中山區中山北路２段９２號
272,1101150011,新光醫療財團法人新光吳火獅紀念醫院,(02)28332211,臺北市士林區文昌路９５號及士商路５１號１至７樓５３、５５號
273,1301200010,臺北市立萬芳醫院－委託臺北醫學大學辦理,(02)29307930,臺北市文山區興隆路３段１１１號
274,101090517,臺北市立聯合醫院,(02)25553000,臺北市大同區鄭州路１４５號（代表）
275,501010019,三軍總醫院松山分院附設民眾診療服務處,(02)27642151,臺北市松山區健康路１３１號
276,501160014,三軍總醫院北投分院附設民眾診療服務處,(02)28959808,臺北市北投區新民路６０號、中和街２５０號１至４樓
277,1101010021,基督復臨安息日會醫療財團法人臺安醫院,(02)27718151,臺北市松山區八德路２段４２４、４２６號
278,1101160017,振興醫療財團法人振興醫院,(02)28264400,臺北市北投區振興街４５號
279,1301170017,臺北醫學大學附設醫院,(02)27372181,臺北市信義區吳興街２５２號、２５０號
280,401190010,國立臺灣大學醫學院附設醫院北護分院,(02)23717101,臺北市萬華區康定路３７號、臺北市萬華區內江街８７號
281,701160518,臺北市立關渡醫院-委託臺北榮民總醫院經營,(02)28587000,臺北市北投區知行路２２５巷１２號
282,901020013,中山醫療社團法人中山醫院,(02)27081166,臺北市大安區仁愛路４段１１２巷１１號、１２號
283,901190010,西園醫療社團法人西園醫院,(02)23076968,臺北市萬華區西園路２段２６６～２７４號、１８５、１８７號
284,1101020027,中心診所醫療財團法人中心綜合醫院,(02)27510221,臺北市大安區忠孝東路４段７７號
285,1101020036,宏恩醫療財團法人宏恩綜合醫院,(02)27713161,臺北市大安區仁愛路４段７１巷１號及４段６１號、９１巷１６號
286,1101110026,康寧醫療財團法人康寧醫院,(02)26345500,臺北市內湖區成功路５段４２０巷２６號
287,1301110511,中國醫藥大學附設醫院臺北分院,(02)27919696,臺北市內湖區內湖路２段３６０號
288,1401190011,財團法人台灣省私立台北仁濟院附設仁濟醫院,(02)23021133,臺北市萬華區廣州街２００、２４３號
289,1501010010,博仁綜合醫院,(02)25786677,臺北市松山區光復北路６６、６８號
290,1501100037,協和婦女醫院,(02)25072222,臺北市中山區松江路８５巷５號９３巷６號９３巷６號２樓
291,1501201020,景美醫院,(02)29331010,臺北市文山區羅斯福路６段２８０號及文山區育英街２巷１８號
