年/月,機構數,可供進住總人數,長期照護可供進住人數,養護可供進住人數,失智照顧可供進住人數,安養可供進住人數,實際進住總人數,長期照護實際進住人數,養護實際進住人數,養護/一般養護實際進住人數,養護/管路養護實際進住人數,失智照顧實際進住人數,安養實際進住人數,具原住民身分者實際進住人數
 104年1月底,111,5694,421,4183,64,1026,4999,380,3773,-,-,60,786,9
 104年2月底,111,5688,421,4197,64,1006,5010,380,3793,-,-,59,778,9
 104年3月底,111,5688,421,4197,64,1006,4989,377,3773,-,-,59,780,9
 104年4月底,111,5688,421,4197,64,1006,4999,370,3773,-,-,61,795,9
 104年5月底,111,5688,421,4197,64,1006,5018,380,3776,-,-,62,800,9
 104年6月底,111,5691,421,4200,64,1006,5051,382,3812,-,-,61,796,9
 104年7月底,110,5673,421,4182,64,1006,5083,385,3833,-,-,62,803,9
 104年8月底,110,5673,421,4182,64,1006,5067,380,3831,-,-,63,793,9
 104年9月底,110,5673,421,4182,64,1006,5060,377,3835,-,-,63,785,8
 104年10月底,110,5673,421,4182,64,1006,5059,377,3828,-,-,63,791,8
 104年11月底,110,5673,421,4182,64,1006,5044,379,3823,-,-,61,781,8
 104年12月底,110,5673,421,4182,64,1006,5036,384,3812,-,-,62,778,8
 105年1月底,111,5721,421,4230,64,1006,4998,370,3797,-,-,61,770,8
 105年2月底,111,5721,421,4230,64,1006,4936,372,3743,-,-,62,759,8
 105年3月底,112,5740,429,4241,64,1006,4943,361,3757,-,-,62,763,8
 105年4月底,112,5724,459,4195,64,1006,4945,366,3769,-,-,61,749,8
 105年5月底,111,5707,459,4178,64,1006,4930,381,3751,-,-,59,739,8
 105年6月底,110,5677,438,4169,64,1006,4927,378,3745,-,-,59,745,8
 105年7月底,110,5677,438,4169,64,1006,4913,378,3731,-,-,59,745,8
 105年8月底,110,5686,447,4169,64,1006,4947,379,3766,-,-,58,744,8
 105年9月底,110,5686,447,4169,64,1006,4957,379,3783,-,-,59,736,8
 105年10月底,110,5686,447,4169,64,1006,4956,381,3777,-,-,58,740,10
 105年11月底,110,5686,447,4169,64,1006,4940,367,3774,-,-,58,741,10
 105年12月底,109,5674,447,4157,64,1006,4932,396,3740,-,-,59,737,9
 106年1月底,108,5665,447,4148,64,1006,4913,386,3742,2558,1184,62,723,9
 106年2月底,108,5665,447,4148,64,1006,4915,377,3758,2579,1179,62,718,10
 106年3月底,108,5665,447,4164,64,990,4905,377,3749,2569,1180,62,717,10
 106年4月底,107,5647,447,4146,64,990,4923,386,3752,2586,1166,61,724,11
 106年5月底,107,5647,447,4146,64,990,4900,383,3725,2525,1200,60,732,11
 106年6月底,107,5647,447,4146,64,990,4918,403,3717,2547,1170,62,736,11
 106年7月底,107,5647,447,4146,64,990,4899,401,3720,2531,1189,61,717,11
 106年8月底,104,5521,447,4065,64,945,4959,413,3759,2574,1185,61,726,11
 106年9月底,104,5521,447,4065,64,945,4959,411,3763,2576,1187,60,725,11
 106年10月底,104,5521,447,4065,64,945,4931,413,3738,2580,1158,57,723,11
 106年11月底,104,5521,447,4065,64,945,4937,406,3750,2584,1166,59,722,12
 106年12月底,104,5521,447,4065,64,945,4937,411,3744,2589,1155,61,721,12
 107年1月底,104,5521,489,4023,64,945,4940,447,3708,2523,1185,62,723,12
 107年2月底,104,5521,489,4023,64,945,4940,446,3716,2546,1170,62,716,13
 107年3月底,104,5521,489,4023,64,945,4942,453,3711,2559,1152,62,716,13
 107年4月底,104,5521,489,4023,64,945,4939,457,3704,2546,1158,62,716,12
 107年5月底,104,5521,489,4023,64,945,4915,461,3682,2513,1169,58,714,12
 107年6月底,104,5503,489,4016,64,934,4940,469,3689,2531,1158,58,724,12
 107年7月底,104,5501,489,4018,64,930,4925,460,3682,2511,1171,57,726,12
 107年8月底,104,5521,489,4023,64,945,4931,467,3681,2511,1170,57,726,12
 107年9月底,104,5521,489,4023,64,945,4952,455,3703,2536,1167,60,734,12
 107年10月底,104,5521,489,4023,64,945,4931,465,3679,2497,1182,60,727,12
 107年11月底,104,5521,489,4023,64,945,4940,458,3695,2498,1197,59,728,10
 107年12月底,104,5521,489,4023,64,945,4932,465,3679,2458,1221,60,728,9
 108年1月底,103,5506,489,4008,64,945,4957,461,3708,2499,1209,59,729,9
 108年2月底,103,5506,489,4008,64,945,4937,454,3700,2511,1189,60,723,9
 108年3月底,103,5506,489,4008,64,945,4977,454,3742,2536,1206,61,720,9
 108年4月底,103,5506,489,4008,64,945,4975,464,3723,2539,1184,62,726,9
 108年5月底,103,5506,489,4008,64,945,4986,460,3740,2550,1190,60,726,11
 108年6月底,103,5494,489,4008,64,933,4967,456,3729,2563,1166,57,725,12
 108年7月底,103,5494,489,4008,64,933,4961,455,3724,2524,1200,59,723,12
 108年8月底,102,5475,489,3989,64,933,4971,448,3744,2556,1188,57,722,12
 108年9月底,102,5475,489,3989,64,933,4997,441,3774,2575,1199,59,723,12
 108年10月底,102,5475,489,3989,64,933,5008,444,3790,2568,1222,57,717,12
 108年11月底,102,5475,489,3989,64,933,4977,435,3768,2573,1195,57,717,12
 108年12月底,102,5475,489,3989,64,933,4922,420,3726,2565,1161,60,716,12
 109年1月底,100,5396,459,3940,64,933,4898,409,3722,2571,1151,58,709,11
 109年2月底,99,5376,439,3940,64,933,4899,401,3725,2545,1180,59,714,11
 109年3月底,99,5376,439,3940,64,933,4875,398,3705,2519,1186,59,713,11
 109年4月底,99,5376,439,3940,64,933,4857,396,3691,2522,1169,58,712,13
 109年5月底,99,5376,439,3940,64,933,4837,390,3689,2512,1177,55,703,13
 109年6月底,99,5376,439,3940,64,933,4844,388,3705,2498,1207,56,695,13
 109年7月底,99,5376,439,3940,64,933,4852,376,3731,2506,1225,55,690,13
 109年8月底,99,5376,439,3940,64,933,4872,376,3754,2518,1236,57,685,13
 109年9月底,99,5376,439,3940,64,933,4898,385,3771,2523,1248,57,685,13
 109年10月底,99,5376,439,3940,64,933,4884,391,3747,2508,1239,57,689,13
 109年11月底,99,5376,439,3940,64,933,4911,387,3773,2524,1249,57,694,13
 109年12月底,99,5376,439,3940,64,933,4897,385,3755,2514,1241,58,699,13
 110年1月底,99,5376,439,3940,64,933,4883,389,3737,2498,1239,58,699,13
 110年2月底,99,5381,439,3947,62,933,4866,389,3740,2492,1248,58,679,13
 110年3月底,98,5357,439,3923,62,933,4880,388,3757,2497,1260,59,676,13
 110年4月底,98,5357,439,3923,62,933,4865,379,3757,2533,1224,59,670,13
 110年5月底,98,5357,439,3923,62,933,4845,381,3738,2518,1220,58,668,13
 110年6月底,98,5357,439,3923,62,933,4741,385,3635,2432,1203,58,663,13
 110年7月底,98,5357,439,3923,62,933,4716,381,3620,2404,1216,58,657,13
 110年8月底,98,5357,439,3923,62,933,4709,377,3619,2406,1213,58,655,13
 110年9月底,98,5357,439,3923,62,933,4705,372,3633,2414,1219,57,643,13
 110年10月底,98,5357,439,3923,62,933,4684,375,3617,2399,1218,57,635,13
 110年11月底,98,5357,439,3923,62,933,4701,376,3636,2393,1243,55,634,12
 110年12月底,98,5357,439,3923,62,933,4701,363,3657,2431,1226,56,625,12
 111年1月底,98,5357,439,3923,62,933,4715,371,3671,2424,1247,51,622,12
 111年2月底,98,5357,439,3923,62,933,4697,369,3660,2417,1243,50,618,12
 111年3月底,98,5357,439,3923,62,933,4704,360,3681,2425,1256,51,612,12
 111年4月底,98,5357,439,3923,62,933,4710,359,3688,2431,1257,55,608,12
 111年5月底,98,5357,439,3923,62,933,4602,342,3608,2364,1244,49,603,12
 111年6月底,98,5357,439,3923,62,933,4506,303,3552,2313,1239,48,603,12
 111年7月底,98,5357,439,3923,62,933,4497,319,3541,2303,1238,49,588,12
 111年8月底,97,5345,439,3911,62,933,4512,304,3565,2301,1264,50,593,12
 111年9月底,97,5345,439,3911,62,933,4507,308,3567,2304,1263,50,582,12
 111年10月底,97,5345,439,3911,62,933,4492,307,3554,2302,1252,50,581,12
 111年11月底,97,5345,439,3911,62,933,4528,312,3587,2315,1272,51,578,12
 111年12月底,97,5345,439,3911,62,933,4559,297,3640,2365,1275,46,576,12
 112年1月底,97,5345,439,3911,62,933,4505,288,3596,2335,1261,44,577,12
 112年2月底,97,5345,439,3911,62,933,4474,277,3584,2358,1226,44,569,12
 112年3月底,96,5228,322,3911,62,933,4492,277,3613,2376,1237,41,561,12
 112年4月底,96,5228,322,3911,62,933,4507,271,3645,2392,1253,38,553,12
 112年5月底,96,5228,322,3911,62,933,4511,273,3649,2400,1249,37,552,12
 112年6月底,96,5228,322,3911,62,933,4480,269,3629,2376,1253,36,546,12
 112年7月底,96,5228,322,3911,62,933,4458,273,3609,2389,1220,37,539,12
 112年8月底,96,5228,322,3911,62,933,4458,260,3625,2373,1252,38,535,12
 112年9月底,96,5228,322,3911,62,933,4437,267,3614,2347,1267,39,517,12
 112年10月底,96,5228,322,3911,62,933,4400,255,3617,2359,1258,41,487,12
 112年11月底,96,5228,322,3911,62,933,4390,257,3600,2334,1266,45,488,12
 112年12月底,96,5228,322,3911,62,933,4399,259,3620,2387,1233,46,474,12
 113年1月底,95,5212,322,3895,62,933,4365,256,3591,2343,1248,45,473,12
 113年2月底,95,5212,322,3895,62,933,4348,262,3573,2333,1240,46,467,12
 113年3月底,95,5212,322,3895,62,933,4357,282,3558,2342,1216,45,472,12
 113年4月底,95,5212,322,3895,62,933,4366,287,3549,2324,1225,46,484,12
 113年5月底,95,5212,322,3895,62,933,4366,286,3548,2357,1191,45,487,12
 113年6月底,95,5212,322,3895,62,933,4386,285,3569,2367,1202,43,489,12
 113年7月底,95,5212,322,3895,62,933,4392,283,3570,2360,1210,43,496,12
 113年8月底,95,5212,322,3895,62,933,4420,280,3603,2373,1230,44,493,12
 113年9月底,94,5192,322,3875,62,933,4397,280,3579,2369,1210,51,487,12
 113年10月底,94,5192,322,3875,62,933,4417,280,3596,2408,1188,52,489,12
 113年11月底,94,5192,322,3875,62,933,4423,286,3591,2403,1188,51,495,12
 113年12月底,94,5192,322,3875,62,933,4408,282,3582,2408,1174,52,492,12
 114年1月底,94,5192,322,3875,62,933,4375,279,3554,2403,1151,52,490,12
 114年2月底,94,5192,322,3875,62,933,4384,276,3570,2408,1162,51,487,12
 114年3月底,94,5192,322,3875,62,933,4366,280,3554,2431,1123,49,483,12
 114年4月底,94,5192,322,3875,62,933,4364,283,3554,2413,1141,50,477,12
 114年5月底,94,5192,322,3875,62,933,4407,290,3592,2456,1136,49,476,12
 114年6月底,93,5159,322,3842,62,933,4409,287,3592,2468,1124,52,478,12
 114年7月底,93,5159,322,3842,62,933,4431,289,3606,2486,1120,52,484,12
 114年8月底,93,5159,322,3842,62,933,4436,289,3603,2471,1132,57,487,12
 114年9月底,93,5159,322,3842,62,933,4435,287,3603,2461,1142,57,488,12
 114年10月底,93,5159,322,3842,62,933,4422,288,3591,2451,1140,56,487,12
 114年11月底,93,5159,322,3842,62,933,4437,287,3608,2476,1132,57,485,12
 114年12月底,92,5141,322,3824,62,933,4402,284,3583,2459,1124,56,479,12
 115年1月底,92,5141,322,3824,62,933,4417,293,3593,2470,1123,58,473,12
 115年2月底,92,5141,322,3824,62,933,4408,296,3588,2446,1142,57,467,12
 115年3月底,92,5141,322,3824,62,933,4409,293,3595,2451,1144,57,464,12
 115年4月底,92,5141,322,3824,62,933,4415,285,3605,2455,1150,57,468,12
