公司名稱,負責人,郵遞區號,公司地址,電話
武德禮儀有限公司,簡武德,111,臺北市士林區中正路425號1樓,228815406
金寶成殯葬禮儀有限公司,成勃,111,臺北市士林區延平北路6段218號,225095195
懷德葬儀社,陳姿陵,103,臺北市大同區延平北路2段135巷13號,225532140
通化號葬儀服務有限公司,高天輝,106,臺北市大安區文昌街280巷51號1樓,225010639
蓮風企業有限公司,李科達,106,臺北市大安區辛亥路3段157巷22弄3號1樓,223690066
關懷殯儀禮儀用品社,羅王秋月,106,臺北市大安區臥龍街188巷35號1樓,227326538
福山國際有限公司,林金記,106,臺北市大安區臥龍街188巷7號,227334535
普陞禮儀社,李秀貞,106,臺北市大安區基隆路1段35巷9弄1號,227680399
上天鮮花禮品行,楊開祥,104,臺北市中山區民權東路2段113巷1弄13號,225053376
永潤禮儀有限公司,羅英明,104,臺北市中山區民權東路2段113巷1弄13號1樓,955269999
霖園殯葬有限公司,常楷山,104,臺北市中山區民權東路2段113巷1弄13號1樓,226628015
茂園有限公司,趙振華,104,臺北市中山區民權東路2段133號2樓,225058445
億隆生命事業股份有限公司,江裕隆,104,臺北市中山區民權東路2段135巷18號1樓,225121313
宏昌殯儀有限公司,林俸永,104,臺北市中山區民權東路2段135巷20弄3號,225154526
祐暉國際有限公司,吳崇銘,104,臺北市中山區民權東路2段135巷20弄3號,225024803
益鴻企業有限公司,李建平,104,臺北市中山區民權東路2段135巷29弄15號1樓,800222537
宏願禮儀禮品社,吳玉華,104,臺北市中山區民權東路2段135巷29弄2號,225011190
慈懷禮儀有限公司,蔡志宏,104,臺北市中山區民權東路2段192號1樓,228383128
福壽殯儀用品行,陳巧萍,104,臺北市中山區民權東路2段202號1樓,225034613
玉佛山禮儀有限公司,高峻弘,104,臺北市中山區民權東路二段123號1樓,225010639
民笙禮儀社,張萬來,104,臺北市中山區龍江路342巷34號2樓,225173918
甫昆企業有限公司,劉河山,100,臺北市中正區羅斯福路3段100號之64,223028670
世新鮮花禮儀店,李崇豪,116,臺北市文山區景華街45號1樓,229305666
台灣仁本生命科技股份有限公司,林宥馨,116,臺北市文山區萬寧街27號1樓,22399856
八仙禮儀社,黃榮三,112,臺北市北投區中央北路2段201號4樓,228923182
東源禮儀用品行,陳政宏,112,臺北市北投區中正街11號1樓,228913563
國統環保工程開發股份有限公司,陳振豐,105,臺北市松山區敦化北路170號4樓c室,227185299
玫瑰園國際股份有限公司,鍾聲揚,110,臺北市信義區光復南路495號9樓之5,287802358
根登建設股份有限公司,吳麗雲,110,臺北市信義區信義路5段109號3樓之1,287898800
菩提心禮儀有限公司冬瓜分公司,曹美惠,110,臺北市信義區基隆路1段420號12樓之1,225011958
