序號,機構名稱,統一編號,負責人,電話,手機,聯絡人,回收貯存場所地址,應回收廢棄物回收項目,一般廢棄物回收項目
1,經益企業社,98884032,涂乃宇,(02)23062339,0922384757,涂先生,中正區西藏路114號,廢鋁容器、廢鐵容器、廢資訊物品、廢電子電器、廢乾電池,廢鋁、廢鐵
2,大專環保科技有限公司,80110269,涂航宇,(02)23062339,0922384757,涂先生,中正區西藏路110號,廢塑膠容器,廢紙
3,慈濟功德會(中正萬華環保教育站),,李英杰,,0937890240,李先生,萬華區艋舺大道466號,廢電子電器,廢紙
4,宜泰利環保工程有限公司,16304113,陳建廷,(02)25857608,0936361228,,大同區敦煌路27之3號,廢塑膠容器、廢鋁容器、廢鐵容器、廢資訊物品、廢電子電器、廢乾電池、廢照明光源,廢紙、廢鋁、廢鐵
5,易進商行,48864454,施啟明,(02)25967665,0933165478,,大同區敦煌路21巷3號,廢塑膠容器、廢鋁容器、廢鐵容器、廢資訊物品、廢電子電器、廢乾電池、廢照明光源、廢紙容器,廢紙、廢鋁、廢鐵
6,綠大地環保科技有限公司,54656757,李建宏,(02)25996536,,,大同區大龍街158號,廢塑膠容器、廢鋁容器、廢鐵容器、廢資訊物品、廢電子電器、廢乾電池、廢照明光源,廢紙、廢鋁、廢鐵
7,主恩環保有限公司,50864803,吳漢淞 ,,0922569100,,大同區涼州街1之5號,廢塑膠容器、廢鋁容器、廢鐵容器、廢資訊物品、廢電子電器、廢乾電池,廢紙、廢鋁、廢鐵
8,成林商行,88294732,洪採滿,,0916134288,林先生,大同區錦西街52巷15號對面,廢塑膠容器、廢鋁容器、廢鐵容器、廢資訊物品、廢電子電器、廢乾電池,廢紙、廢鋁、廢鐵
9,慈濟功德會(大同站),,陳順池,(02)25851001,0912918449,陳先生,大同區延平北路4段237號,廢塑膠容器、廢鋁容器、廢鐵容器、廢資訊物品、廢電子電器,廢紙、廢鋁、廢鐵
10,"印北實業有限公司
【北市廢回收登字第007號】",97244283,周吟雪,(02)25010667,0920507223,蔡小姐,中山區濱江街346號,廢機動車輛、廢輪胎,
11,有立興業有限公司,89476529,林燕玲,(02)25210381,0910217313,趙先生,中山區新生北路1段25-2號,廢塑膠容器、廢鋁容器、廢鐵容器、廢資訊物品、廢電子電器,廢紙、廢鋁、廢鐵
12,利泰資源回收場,29210568,吳展廣,(02)25020619,0916206201,吳先生,中山區松江路609號1樓,廢塑膠容器、廢鋁容器、廢鐵容器、廢資訊物品、廢電子電器、廢乾電池、廢照明光源,廢紙、廢鋁、廢鐵
13,守威企業有限公司(民族站),22196817,林志憲,(02)25031271,,,中山區民族東路153號1樓,廢塑膠容器、廢鋁容器、廢鐵容器、廢資訊物品、廢電子電器、廢乾電池,廢紙、廢鋁、廢鐵
14, 守威企業有限公司 ,22196817,郭陰和,(02)25013955,0921118539,郭先生,中山區濱江街154巷4號,廢鋁容器、廢鐵容器、廢資訊物品、廢電子電器,廢鋁、廢鐵
15,吉誼金屬工業有限公司,86477708,侯賀仁,(02)25099212,0937836806,侯先生,中山區濱江街353之2號,廢鋁容器、廢鐵容器,廢鋁、廢鐵
16,三發商行,10375792,林大鈞,(02)25953925,0918834456,,中山區德惠街167巷8號1樓,廢塑膠容器、廢鐵容器、廢鋁容器、廢資訊物品、廢電子電器、廢乾電池,廢紙、廢鐵、廢鋁
17,三立先鋒國際有限公司,53693065,張馨文 ,(02)25025656,0926705127,,中山區濱江街336號,廢塑膠容器、廢鋁容器、廢鐵容器、廢資訊物品、廢電子電器、廢乾電池、廢照明光源、廢紙容器,廢紙、廢鋁、廢鐵
18,慈濟功德會(中山站),,蕭秀珠,(02)27417348,,,中山區八德路2段118號,廢塑膠容器、廢鋁容器、廢鐵容器、廢資訊物品、廢電子電器、廢乾電池、廢照明光源,廢紙、廢鋁、廢鐵
19,時鑫商行,29239404,郭時祿,(02)25115852,0926675902,,中山區新生北路2段55巷3弄3號,廢塑膠容器、廢鐵容器、廢電子電器,廢紙、廢鐵
20,宏大弘有限公司,52359458,黃秋貴,(02)27562758,0958812975,黃小姐,松山區撫遠街409號,廢紙容器、廢塑膠容器、廢鋁容器、廢鐵容器、廢資訊物品、廢電子電器,廢紙、廢鋁、廢鐵
21,翊有企業有限公司,23154786,趙東正,(02)27685219,0953936835,,松山區塔悠路189號,廢塑膠容器、廢鋁容器、廢鐵容器、廢資訊物品、廢電子電器、廢照明光源、廢紙容器,廢紙、廢鋁、廢鐵
22,南康開發企業有限公司,23633013, 陳桂蘭 ,(02)27604729 ,0952125476,,松山區濱江街863號,廢資訊物品、廢電子電器、廢照明光源、廢鉛蓄電池,廢鐵
23,安扁廢棄物清理有限公司,70536982,詹勝雄,,0926788337,,大安區松山區撫遠街411號,廢塑膠容器、廢鋁容器、廢鐵容器、廢照明光源,廢紙、廢鋁、廢鐵
24,慈濟功德會(松山環保教育站),,張福榮,,0932300921,,松山區撫遠街417號,廢塑膠容器,廢紙
25,昶昌實業有限公司(大安站),12856682,方美隆,(02)27054480,0916264851,,大安區文昌街280巷49號,廢塑膠容器、廢鋁容器、廢鐵容器、廢資訊物品、廢電子電器、廢乾電池,廢紙、廢鋁、廢鐵
26,龍樺環保有限公司,25140561,蘇冠旭,(02)27326688,0935604321,,大安區和平東路3段606巷13號對面,廢塑膠容器、廢鋁容器、廢鐵容器、廢資訊物品、廢電子電器、廢乾電池、廢紙容器,廢紙、廢鋁、廢鐵
27,氣運企業有限公司,12267643,陳炎仁,,0918274770,,大安區市民大道3段210號,廢塑膠容器、廢鐵容器,廢紙、廢鐵
28,友源資源科技公司,80675603,吳貴源,(02)27078839,0935041122,,大安區通化街19巷26號,廢塑膠容器、廢鋁容器、廢鐵容器、廢資訊物品、廢電子電器、廢乾電池、廢照明光源,廢紙、廢鋁、廢鐵
29,祥億鋒有限公司,12865937,王嘉祥,(02)27332141,0919950495,,大安區臥龍街151巷6號,廢鋁容器、廢鐵容器、廢資訊物品、廢電子電器、廢乾電池,廢鋁、廢鐵
30,生耀企業社,21764713,蘇朝耀,(02)27359655,0932380241,,大安區和平東路3段632巷2號,廢塑膠容器、廢鋁容器、廢鐵容器、廢資訊物品、廢電子電器、廢乾電池、廢照明光源、廢紙容器,廢紙、廢鋁、廢鐵
31,慈濟功德會(大安站),94800552,陳新發,(02)27353999,0921850795,高先生,大安區臥龍街206號,廢塑膠容器、廢鋁容器、廢鐵容器、廢資訊物品、廢電子電器、廢乾電池,廢紙、廢鋁、廢鐵
32,勝豐實業行營業所,10322254,陳謝雪梅,(02)23772236,0933154848,,信義區和平東路3段575巷8號,廢塑膠容器、廢鋁容器、廢鐵容器、廢資訊物品、廢電子電器、廢照明光源、廢紙容器,廢紙、廢鋁、廢鐵
33,新浤海企業社,25523933,蘇朝賢,(02)27353715,0953234007,蘇小姐,信義區和平東路3段627巷口,廢塑膠容器、廢電子電器、廢資訊物品、廢鐵容器、廢鋁容器、廢紙容器,廢紙、廢鐵
34,慈濟功德會(信義站),,"黃鎮南
劉師兄",(02)27271765,"0937540187
",,信義區虎林街212巷22號,廢塑膠容器、廢鋁容器、廢鐵容器、廢資訊物品、廢電子電器、廢乾電池、廢照明光源,廢紙、廢鋁、廢鐵
35,慈濟功德會(信義吳興環保教育站),94800552,張素禎,(02)27209087,,,信義區松仁路315巷14號1樓,"廢塑膠容器、廢鋁容器、廢鐵容器、廢資訊物品、
廢電子電器、廢紙容器",廢紙、廢鋁、廢鐵
36,"原裕汽車企業有限公司
【北市廢回收登字第011號】",70448263,林季蓉,(02)28102483,0918151979,許小姐,士林區延平北路8段20號,廢機動車輛、廢鉛蓄電池,
37,劍潭王商行,29216401,王俊卿,(02)28855544,0939513205,,士林區通河街2巷24號,廢塑膠容器、廢鋁容器、廢鐵容器,廢紙、廢鋁、廢鐵
38,亭翰五金行,48971503,李素英,(02)28118218,0977301696,陳先生,士林區通河西街2段9號,廢塑膠容器、廢鐵容器、廢資訊物品、廢電子電器,廢紙、廢鐵
39,金來發企業社,42519998,劉啟瑞,(02)28103978,,,士林區延平北路7段116號,"廢塑膠容器、廢電子電器、廢資訊物品、
廢乾電池、廢照明光源",廢紙、廢鋁、廢鐵
40,鈺潔有限公司,90018874,蕭永豐,(02)28103530,0921700409,,士林區延平北路7段106巷179號,廢塑膠容器、廢鋁容器、廢鐵容器、廢資訊物品、廢電子電器,廢紙
41,全民環保股份有限公司,27355433,曾吉宏,(02)28107609,0937068857,,士林區延平北路8段133巷65號旁,廢塑膠容器、廢鋁容器,廢鋁
42,宏笙環保有限公司,52510525,曾炫文,,0925033689,,士林區延平北路8段133巷65號旁,廢塑膠容器,
43,宜承環保有限公司,28024192,曾吉宏,,0937068857,,士林區延平北路8段133巷65號旁,,廢鋁
44,秉宏環保有限公司,28223283,曾少庭,,0903938737,,士林區延平北路8段133巷65號旁,,廢鐵
45,豐瑋有限公司,28779732,洪沁慈,,0938336558,,士林區延平北路8段133巷65號旁,,廢五金
46,北關企業社,48975536,陳真昌,(02)88611279,0988151246,,士林區華齡街207號,廢塑膠容器、廢鋁容器、廢鐵容器、廢資訊物品、廢電子電器,廢紙、廢鋁、廢鐵
47,環強資源回收有限公司,28183395,曾根斌,,0935550560,,士林區延平北路7段129號,廢塑膠容器、廢鋁容器、廢鐵容器、廢資訊物品、廢電子電器、廢乾電池、廢照明光源,廢紙、廢鋁、廢鐵
48,全民環保轉運一站,27355433,曾吉宏,(02)28107305,0925033689,,士林區延平北路6段116巷7號,廢塑膠容器、廢鋁容器、廢鐵容器,廢紙、廢鋁、廢鐵
49,原漢商行,31881113,白榮富,(02)28135628,0927606288,,士林區葫蘆街66號,廢塑膠容器、廢鋁容器、廢鐵容器、廢資訊物品、廢電子電器、廢乾電池,廢紙、廢鋁、廢鐵
50,金安興環保企業社,10359358,彭三忠,,0928534338,,士林區延平北路8段2巷153弄53之3號,廢照明光源、廢電子電器、廢資訊物品,廢鋁、廢鐵
51,福詮實業股份有限公司,31090408,陳建安,(02)28118814,,,士林區延平北路8段2巷151弄63號斜對面,廢鐵容器、廢鋁容器、廢塑膠容器、廢玻璃容器,廢紙、廢塑膠
52,新象清潔行,15647317,黃旗坤,,0937081311,黃小姐,士林區延平北路7段176巷130號,廢鐵容器、廢鋁容器、廢紙容器、廢玻璃容器、廢塑膠容器、廢乾電池、廢鉛蓄電池、廢照明光源、廢電子電器、廢資訊物品,廢鐵、廢鋁、廢紙、廢玻璃、廢塑膠
53,九創企業社,87470957, 鄭淨之,,0960766863,,士林區延平北路9段237巷3弄15號旁,廢資訊物品、廢電子電器,廢鐵、廢鋁、廢銅
54,榮昇環保資源有限公司,27441944,池愛水,,0927287051,馬偉民,士林區延平北路8段2巷8號,廢電子電器、廢資訊物品、廢照明光源,
55,宏志商行,98914401,陳錠,(02)28270084 ,0987141340,林小姐,北投區承德路7段393巷85號,廢塑膠容器、廢鋁容器、廢鐵容器、廢資訊物品、廢電子電器,廢紙、廢鋁、廢鐵
56,合良企業社,48867804,楊文豪,(02)28206099,0936691560,,北投區承德路7段393巷55號,廢塑膠容器、廢鋁容器、廢鐵容器、廢資訊物品、廢電子電器、廢乾電池,廢紙、廢鋁、廢鐵
57,鴻富企業行,1360615,李連春,(02)28928543,0910272537,,北投區永興路1段43號,廢塑膠容器、廢鋁容器、廢鐵容器、廢資訊物品、廢電子電器、廢乾電池,廢紙、廢鋁、廢鐵
58,紙茂企業有限公司,23631319,郭財福,(02)28917956,,,北投區大業路517巷55號旁,廢塑膠容器、廢鋁容器、廢鐵容器、廢資訊物品、廢電子電器、廢乾電池、廢照明光源,廢紙、廢鋁、廢鐵
59,永醇企業有限公司,31313920,郭進發,(02)28917956,,,北投區大業路517巷55號旁,廢塑膠容器、廢鐵容器、廢紙容器,廢紙、廢鐵
60,久來有限公司,70360225,陳振鶴,(02)28919450,0937899298,陳先生,北投區承德路7段401巷179號,廢紙容器、廢塑膠容器、廢鋁容器、廢鐵容器、廢資訊物品、廢電子電器、廢乾電池,廢紙、廢鋁、廢鐵
61,琥寰資源回收有限公司,53767431,陳佳臨,(02)28958013,0921126899,陳先生,北投區承德路7段401巷179號,廢紙容器、廢塑膠容器、廢鋁容器、廢鐵容器、廢資訊物品、廢電子電器、廢乾電池,廢紙、廢鋁、廢鐵
62,順騰紙品有限公司,16791562,蕭順騰,(02)28359337,0925135599,蕭先生,北投區洲美街251號之6,,廢紙
63,良益紙業有限公司,28820937,林玉芳,(02)28359337,0925135599,蕭先生,北投區洲美街251號之6,,廢紙
64,詠智有限公司(永順廢五金),29042303,龔胡,(02)28233110,0988513427,龔先生,北投區立賢路170號,廢塑膠容器、廢鋁容器、廢鐵容器、廢資訊物品、廢電子電器、廢乾電池、廢照明光源,廢紙、廢鋁、廢鐵
65,信維環保工程有限公司,80433514,黃俊宏,(02)28272238,0939146159,,北投區承德路7段393巷33-2號,廢塑膠容器、廢鋁容器、廢鐵容器、廢資訊物品、廢電子電器、廢乾電池,廢紙、廢鋁、廢鐵
66,雄源企業社,98909195,林美娟,(02)28238552,0920502182,林小姐,北投區承德路7段393巷107號旁空地,廢塑膠容器、廢鋁容器、廢鐵容器、廢資訊物品、廢電子電器、廢乾電池、廢照明光源,廢紙、廢鋁、廢鐵
67,三豪環保有限公司,25120278,陳建豪,(02)28942240,0936297945,汪先生,北投區永興路1段25號,廢塑膠容器、廢鋁容器、廢鐵容器、廢資訊物品、廢電子電器、廢乾電池,廢紙、廢鋁、廢鐵
68,復詠有限公司,28011886,江福春,(02)28231377,0935870676,,北投區承德路7段393巷53、57號,廢塑膠容器、廢鋁容器、廢鐵容器、廢資訊物品、廢電子電器,廢紙、廢鋁、廢鐵
69,振生塑膠企業有限公司轉運站,12812144,何昆蒼,,0928646336, 何先生,北投區承德路7段401巷576號,,廢塑膠
70,政聞企業社,25716679,葉政聞,,0929824670,,北投區承德路7段401巷313號,廢鐵容器、廢鋁容器,廢鐵、廢鋁、廢塑膠
71,南豐企業社,26227994,林春美,(02)28583123,0934374341,,北投區大度路3段189-2號,廢紙容器、廢塑膠容器、廢鐵容器、廢電子電器、廢乾電池、廢照明光源,
72,宜泰利環保工程有限公司(大度站),16304113,梁和順,,0936152381,,北投區大度路3段159號臨,廢紙容器、廢塑膠容器、廢鋁容器、廢鐵容器、廢乾電池、廢照明光源,廢紙、廢鋁、廢鐵
73,玖隆中古家具有限公司,80533345,何照雄,(02)28345838,,,北投區洲美街265之2號,廢塑膠容器,廢鐵、廢鋁、廢紙
74,"環泰環保工程有限公司
【北市廢回收登字第020號】",16252109,陳昆明,(02)87923009,0911018583,黃小姐,內湖區安美街167號,廢機動車輛,
75,"舜翊有限公司
【北市廢回收登字第021號】",23892989,趙漢源,(02)27920289,0936232262,趙先生,內湖區安康路32巷21弄19號,廢紙容器、廢塑膠容器、廢鋁容器、廢鐵容器、廢資訊物品、廢電子電器、廢乾電池、廢照明光源,廢紙、廢鋁、廢鐵、廢塑膠
76,"正泰環保實業有限公司
【北市廢回收登字第016號】",12874400,張凱菱,(02)27915122,0958204110,張小姐,內湖區安康路106巷5號,廢機動車輛、廢鉛蓄電池,
77,"勁好有限公司
【北市廢回收登字第026號】",80732745,嚴秋月,,0939813201,,內湖區潭美街602號,廢資訊物品、廢電子電器、廢乾電池、廢鉛蓄電池,
78,"元鼎金屬股份有限公司 
【北市廢回收登字第022號】",27765773,侯義東,(02)27925169,0919984860,林小姐,內湖區安康路63號,廢鋁容器、廢資訊物品、廢電子電器、廢鉛蓄電池,廢鋁、廢鐵、廢銅
79,"川勝企業有限公司
【北市廢回收登字第029號】",20886225,張嘉瑋,(02)27924503,0953792727,張小姐,內湖區安康路32巷21弄6號,廢鋁容器、廢鐵容器、廢資訊物品、廢電子電器、廢鉛蓄電池,廢鋁、廢鐵
80,富鉅環保科技有限公司,24313283,賴玟蓉,(02)27901117,0937953777,,內湖區大湖街131巷12-1號,廢塑膠容器、廢鋁容器、廢鐵容器、廢乾電池、廢照明光源,廢鋁、廢鐵
81,鉅翔環保科技有限公司,53760824,賴玟蓉 ,(02)27901216,0937953777,,內湖區大湖街131巷12-1號,廢塑膠容器、廢鋁容器、廢鐵容器、廢乾電池、廢照明光源,廢鋁、廢鐵
82,元盈實業有限公司,70544076,洪玉梅,(02)27915836,0918432310,,內湖區潭美街530號,廢塑膠容器、廢鋁容器、廢鐵容器、廢資訊物品、廢電子電器、廢乾電池、廢照明光源,廢紙、廢鋁、廢鐵
83,化航有限公司,84305961,蔡文德,(02)27960921,,,內湖區安康路296號,廢紙容器,廢紙、廢鋁、廢鐵
84,昶昌實業有限公司,12856682,蔡文德,(02)27960921,,,內湖區安康路296號,廢紙容器,廢紙、廢鋁、廢鐵
85,環綠環保有限公司,27334732,林麗蓉,,0953557135,林小姐,內湖區舊宗路2段135巷16號旁,,廢紙
86,高勁有限公司,53337643,陳炎?,(02)27936280  ,0922647147,,內湖區安康路328巷2號,廢塑膠容器、廢鋁容器、廢鐵容器、廢資訊物品、廢電子電器、廢乾電池、廢照明光源,廢紙、廢鋁、廢鐵
87,玉秀清潔有限公司,86514540,陳明列,(02)27941989,0933049580,,內湖區行善路446號旁,廢塑膠容器、廢鋁容器、廢鐵容器、廢資訊物品、廢電子電器、廢乾電池、廢照明光源,廢紙、廢鋁、廢鐵
88,元盈實業有限公司(金龍站),70544076,洪玉梅,(02)27912090,0918432310,,內湖區金龍路182號旁空地,廢塑膠容器、廢資訊物品、廢電子電器、廢鐵容器、廢鋁容器,廢紙、廢鐵、廢鋁
89,祥雍企業有限公司,89938769,黃賢得,(02)27925438,0939772765,鄭小姐,內湖區安康路36號,廢鐵容器、廢塑膠容器、廢鋁容器、廢紙容器,廢紙、廢鐵
90,杰星企業社,91230945,黃梓慶,(02)27904388,0934270555,,內湖區安康路38號,廢塑膠容器、廢乾電池、廢電子電器,廢紙、廢鋁、廢鐵
91,一二三商行,79830233,尤建發,(02)87922135,0928392118,,內湖區陽光街200號,廢資訊物品,
92,慈濟功德會(內湖站),,陳銘烜,(02)27938563,0975621656,,內湖區成功路5段168號,廢塑膠容器、廢鋁容器、廢鐵容器、廢資訊物品、廢電子電器、廢乾電池、廢照明光源,廢紙、廢鋁、廢鐵
93,"晟宏資源回收有限公司
【北市廢回收登字第017號】",27516402,侯瑞龍,(02)26532601                   ,0975179821,侯先生,南港區興中路59號,廢塑膠容器、廢鋁容器、廢鐵容器、廢乾電池、廢資訊物品、廢電子電器、廢玻璃容器、廢鉛蓄電池、廢照明光源,廢紙、廢鋁、廢鐵、廢塑膠
94,"益萬興金屬有限公司
【北市廢回收登字第028號】",80501548,葉萬發,(02)27859282,0988205144,葉先生,南港區重陽路419號,廢塑膠容器、廢鋁容器、廢鐵容器、廢資訊物品、廢電子電器、廢乾電池、廢鉛蓄電池,廢紙、廢鋁、廢鐵、廢塑膠
95,"尚揚企業社
【北市廢回收登字第031號】",26229374,劉瑞其,(02)27832690,0910072693,,南港區忠孝東路6段149之1號,廢塑膠容器、廢鋁容器、廢鐵容器、廢資訊物品、廢電子電器、廢乾電池、廢鉛蓄電池、廢照明光源、廢紙容器,廢紙、廢鐵、廢塑膠
96,尚陽企業社,48903908,林建榮,(02)27857703,0981485365,,南港區八德路4段828號,廢塑膠容器、廢鋁容器、廢鐵容器、廢資訊物品、廢電子電器、廢乾電池、廢照明光源,廢紙、廢鋁、廢鐵
97,逢泰行,4812748,林政維,(02)27836069,,,南港區南深路10巷1號,廢塑膠容器、廢鋁容器、廢鐵容器、廢資訊物品、廢電子電器、廢乾電池、廢照明光源、廢紙容器,廢紙、廢鋁、廢鐵、廢塑膠
98,群助商行,17740129,駱義雄,(02)27833640,,,南港區松河街342號旁,廢塑膠容器、廢鋁容器、廢鐵容器、廢資訊物品、廢電子電器、廢乾電池、廢照明光源、廢鉛蓄電池,廢紙、廢鋁、廢鐵
99,正全二手電器行(重陽路站),88164549,黎家安,,0921177670,,南港區重陽路329號1樓,廢塑膠容器、廢鋁容器、廢鐵容器、廢乾電池、廢資訊物品、廢電子電器,廢紙、廢鋁、廢鐵
100,營珈有限公司,13141469,李淑玲,(02)27868042,0935668327,李小姐,南港區昆陽街165-1號,廢鋁容器、廢鐵容器、廢鉛蓄電池、廢乾電池,廢鋁、廢鐵
101,原崎企業社,29487635,黃誌樂,(02)27868037,,,南港區成福路171巷58號對面,廢塑膠容器、廢鋁容器、廢鐵容器、廢資訊物品、廢電子電器、廢乾電池、廢紙容器,廢紙、廢鋁、廢鐵
102,正全二手電器行,88164549,黎家安,,0921177670,,南港區福德街310巷47號,廢塑膠容器、廢鋁容器、廢鐵容器、廢乾電池、廢資訊物品、廢電子電器,廢紙、廢鋁、廢鐵
103,翌誠資源回收商,48721219,羅清河,,0918591282,,南港區成福路257-1號,廢塑膠容器、廢鋁容器、廢鐵容器、廢資訊物品、廢電子電器、廢乾電池,廢紙、廢鋁、廢鐵
104,慈濟功德會(南港舊莊環保教育站),,,(02)26534254,,,南港區舊莊街一段290巷臨18號,廢塑膠容器、廢資訊物品、廢照明光源、廢乾電池、廢玻璃容器、廢光碟片,廢紙、廢鐵、廢塑膠袋
105,李錦回收廠(木柵站),29228413,李錦,(02)82301323,,,文山區木柵路5段102號,廢塑膠容器、廢鋁容器、廢鐵容器、廢資訊物品、廢電子電器、廢乾電池,廢紙、廢鋁、廢鐵
106,盛?企業社,9824595,陳東慶,(02)29388922,0939939637,,文山區木新路3段303巷內(景美女中陸橋下之洗車廠),廢塑膠容器、廢鋁容器、廢鐵容器、廢資訊物品、廢電子電器、廢照明光源,廢紙、廢鋁、廢鐵
107,祐昇企業社(木柵站),14719192,蘇阿葉,(02)22391089,0912911698,,文山區木柵路4段20號,廢塑膠容器、廢鋁容器、廢鐵容器、廢資訊物品、廢電子電器、廢乾電池、廢照明光源,廢紙、廢鋁、廢鐵
108,佐晟工程行,73872050,李忠恩,(02)29332288,0936306599,,文山區萬隆街74之3號1樓,廢鋁容器、廢鐵容器,廢紙、廢鋁、廢鐵
109,慈濟功德會(木柵環保教育站),,黃文川,(02)22305751,0933801486,,文山區木柵路5段100之1號,廢塑膠容器、廢鋁容器、廢鐵容器、廢資訊物品、廢電子電器、廢乾電池、廢照明光源,廢紙、廢鋁、廢鐵
110,慈濟功德會(興德環保站),,鄭阿娌,(02)29311339,0935251805,張先生,文山區興德路68-9號,廢塑膠容器、廢鋁容器、廢鐵容器、廢資訊物品、廢電子電器、廢乾電池、廢照明光源,廢紙、廢鐵、廢塑膠
